o SemiTrailer
v -1.1100 0.8000 -5.4000
v -0.9900 0.8000 -5.4000
v -0.9900 2.9000 -5.4000
v -1.1100 2.9000 -5.4000
v -1.1100 0.8000 3.4000
v -0.9900 0.8000 3.4000
v -0.9900 2.9000 3.4000
v -1.1100 2.9000 3.4000
v 0.9900 0.8000 -5.4000
v 1.1100 0.8000 -5.4000
v 1.1100 2.9000 -5.4000
v 0.9900 2.9000 -5.4000
v 0.9900 0.8000 3.4000
v 1.1100 0.8000 3.4000
v 1.1100 2.9000 3.4000
v 0.9900 2.9000 3.4000
v -1.1100 0.8000 3.2800
v 1.1100 0.8000 3.2800
v 1.1100 2.9000 3.2800
v -1.1100 2.9000 3.2800
v -1.1100 0.8000 3.4000
v 1.1100 0.8000 3.4000
v 1.1100 2.9000 3.4000
v -1.1100 2.9000 3.4000
v -1.1100 0.8000 -5.4000
v 1.1100 0.8000 -5.4000
v 1.1100 2.9000 -5.4000
v -1.1100 2.9000 -5.4000
v -1.1100 0.8000 -5.2800
v 1.1100 0.8000 -5.2800
v 1.1100 2.9000 -5.2800
v -1.1100 2.9000 -5.2800
v -1.1100 0.7500 -5.4000
v 1.1100 0.7500 -5.4000
v 1.1100 0.8000 -5.4000
v -1.1100 0.8000 -5.4000
v -1.1100 0.7500 3.4000
v 1.1100 0.7500 3.4000
v 1.1100 0.8000 3.4000
v -1.1100 0.8000 3.4000
v -0.9600 2.7000 -5.2000
v 0.9600 2.7000 -5.2000
v 0.9600 3.0500 -5.2000
v -0.9600 3.0500 -5.2000
v -0.9600 2.7000 3.2000
v 0.9600 2.7000 3.2000
v 0.9600 3.0500 3.2000
v -0.9600 3.0500 3.2000
v -1.1400 2.7500 -5.4700
v -0.9900 2.7500 -5.4700
v -0.9900 2.9100 -5.4700
v -1.1400 2.9100 -5.4700
v -1.1400 2.7500 3.4700
v -0.9900 2.7500 3.4700
v -0.9900 2.9100 3.4700
v -1.1400 2.9100 3.4700
v 0.9900 2.7500 -5.4700
v 1.1400 2.7500 -5.4700
v 1.1400 2.9100 -5.4700
v 0.9900 2.9100 -5.4700
v 0.9900 2.7500 3.4700
v 1.1400 2.7500 3.4700
v 1.1400 2.9100 3.4700
v 0.9900 2.9100 3.4700
v -1.1500 0.8000 -4.6600
v -0.9900 0.8000 -4.6600
v -0.9900 2.8000 -4.6600
v -1.1500 2.8000 -4.6600
v -1.1500 0.8000 -4.5400
v -0.9900 0.8000 -4.5400
v -0.9900 2.8000 -4.5400
v -1.1500 2.8000 -4.5400
v 0.9900 0.8000 -4.6600
v 1.1500 0.8000 -4.6600
v 1.1500 2.8000 -4.6600
v 0.9900 2.8000 -4.6600
v 0.9900 0.8000 -4.5400
v 1.1500 0.8000 -4.5400
v 1.1500 2.8000 -4.5400
v 0.9900 2.8000 -4.5400
v -1.1500 0.8000 -3.6600
v -0.9900 0.8000 -3.6600
v -0.9900 2.8000 -3.6600
v -1.1500 2.8000 -3.6600
v -1.1500 0.8000 -3.5400
v -0.9900 0.8000 -3.5400
v -0.9900 2.8000 -3.5400
v -1.1500 2.8000 -3.5400
v 0.9900 0.8000 -3.6600
v 1.1500 0.8000 -3.6600
v 1.1500 2.8000 -3.6600
v 0.9900 2.8000 -3.6600
v 0.9900 0.8000 -3.5400
v 1.1500 0.8000 -3.5400
v 1.1500 2.8000 -3.5400
v 0.9900 2.8000 -3.5400
v -1.1500 0.8000 -2.6600
v -0.9900 0.8000 -2.6600
v -0.9900 2.8000 -2.6600
v -1.1500 2.8000 -2.6600
v -1.1500 0.8000 -2.5400
v -0.9900 0.8000 -2.5400
v -0.9900 2.8000 -2.5400
v -1.1500 2.8000 -2.5400
v 0.9900 0.8000 -2.6600
v 1.1500 0.8000 -2.6600
v 1.1500 2.8000 -2.6600
v 0.9900 2.8000 -2.6600
v 0.9900 0.8000 -2.5400
v 1.1500 0.8000 -2.5400
v 1.1500 2.8000 -2.5400
v 0.9900 2.8000 -2.5400
v -1.1500 0.8000 -1.6600
v -0.9900 0.8000 -1.6600
v -0.9900 2.8000 -1.6600
v -1.1500 2.8000 -1.6600
v -1.1500 0.8000 -1.5400
v -0.9900 0.8000 -1.5400
v -0.9900 2.8000 -1.5400
v -1.1500 2.8000 -1.5400
v 0.9900 0.8000 -1.6600
v 1.1500 0.8000 -1.6600
v 1.1500 2.8000 -1.6600
v 0.9900 2.8000 -1.6600
v 0.9900 0.8000 -1.5400
v 1.1500 0.8000 -1.5400
v 1.1500 2.8000 -1.5400
v 0.9900 2.8000 -1.5400
v -1.1500 0.8000 -0.6600
v -0.9900 0.8000 -0.6600
v -0.9900 2.8000 -0.6600
v -1.1500 2.8000 -0.6600
v -1.1500 0.8000 -0.5400
v -0.9900 0.8000 -0.5400
v -0.9900 2.8000 -0.5400
v -1.1500 2.8000 -0.5400
v 0.9900 0.8000 -0.6600
v 1.1500 0.8000 -0.6600
v 1.1500 2.8000 -0.6600
v 0.9900 2.8000 -0.6600
v 0.9900 0.8000 -0.5400
v 1.1500 0.8000 -0.5400
v 1.1500 2.8000 -0.5400
v 0.9900 2.8000 -0.5400
v -1.1500 0.8000 0.3400
v -0.9900 0.8000 0.3400
v -0.9900 2.8000 0.3400
v -1.1500 2.8000 0.3400
v -1.1500 0.8000 0.4600
v -0.9900 0.8000 0.4600
v -0.9900 2.8000 0.4600
v -1.1500 2.8000 0.4600
v 0.9900 0.8000 0.3400
v 1.1500 0.8000 0.3400
v 1.1500 2.8000 0.3400
v 0.9900 2.8000 0.3400
v 0.9900 0.8000 0.4600
v 1.1500 0.8000 0.4600
v 1.1500 2.8000 0.4600
v 0.9900 2.8000 0.4600
v -1.1500 0.8000 1.3400
v -0.9900 0.8000 1.3400
v -0.9900 2.8000 1.3400
v -1.1500 2.8000 1.3400
v -1.1500 0.8000 1.4600
v -0.9900 0.8000 1.4600
v -0.9900 2.8000 1.4600
v -1.1500 2.8000 1.4600
v 0.9900 0.8000 1.3400
v 1.1500 0.8000 1.3400
v 1.1500 2.8000 1.3400
v 0.9900 2.8000 1.3400
v 0.9900 0.8000 1.4600
v 1.1500 0.8000 1.4600
v 1.1500 2.8000 1.4600
v 0.9900 2.8000 1.4600
v -1.1500 0.8000 2.3400
v -0.9900 0.8000 2.3400
v -0.9900 2.8000 2.3400
v -1.1500 2.8000 2.3400
v -1.1500 0.8000 2.4600
v -0.9900 0.8000 2.4600
v -0.9900 2.8000 2.4600
v -1.1500 2.8000 2.4600
v 0.9900 0.8000 2.3400
v 1.1500 0.8000 2.3400
v 1.1500 2.8000 2.3400
v 0.9900 2.8000 2.3400
v 0.9900 0.8000 2.4600
v 1.1500 0.8000 2.4600
v 1.1500 2.8000 2.4600
v 0.9900 2.8000 2.4600
v -0.3400 0.3000 -5.4000
v -0.1600 0.3000 -5.4000
v -0.1600 0.6800 -5.4000
v -0.3400 0.6800 -5.4000
v -0.3400 0.3000 0.0000
v -0.1600 0.3000 0.0000
v -0.1600 0.6800 0.0000
v -0.3400 0.6800 0.0000
v 0.1600 0.3000 -5.4000
v 0.3400 0.3000 -5.4000
v 0.3400 0.6800 -5.4000
v 0.1600 0.6800 -5.4000
v 0.1600 0.3000 0.0000
v 0.3400 0.3000 0.0000
v 0.3400 0.6800 0.0000
v 0.1600 0.6800 0.0000
v -0.9500 0.0900 -3.4600
v 0.9500 0.0900 -3.4600
v 0.9500 0.2100 -3.4600
v -0.9500 0.2100 -3.4600
v -0.9500 0.0900 -3.3400
v 0.9500 0.0900 -3.3400
v 0.9500 0.2100 -3.3400
v -0.9500 0.2100 -3.3400
v -0.9500 0.0900 -4.4600
v 0.9500 0.0900 -4.4600
v 0.9500 0.2100 -4.4600
v -0.9500 0.2100 -4.4600
v -0.9500 0.0900 -4.3400
v 0.9500 0.0900 -4.3400
v 0.9500 0.2100 -4.3400
v -0.9500 0.2100 -4.3400
v -1.0000 -0.1600 -5.1200
v -0.3400 -0.1600 -5.1200
v -0.3400 0.5000 -5.1200
v -1.0000 0.5000 -5.1200
v -1.0000 -0.1600 -5.0200
v -0.3400 -0.1600 -5.0200
v -0.3400 0.5000 -5.0200
v -1.0000 0.5000 -5.0200
v 0.3400 -0.1600 -5.1200
v 1.0000 -0.1600 -5.1200
v 1.0000 0.5000 -5.1200
v 0.3400 0.5000 -5.1200
v 0.3400 -0.1600 -5.0200
v 1.0000 -0.1600 -5.0200
v 1.0000 0.5000 -5.0200
v 0.3400 0.5000 -5.0200
v -0.9000 -0.0800 -5.4800
v 0.9000 -0.0800 -5.4800
v 0.9000 0.1000 -5.4800
v -0.9000 0.1000 -5.4800
v -0.9000 -0.0800 -5.3600
v 0.9000 -0.0800 -5.3600
v 0.9000 0.1000 -5.3600
v -0.9000 0.1000 -5.3600
v -0.8000 0.1000 -5.4400
v -0.6600 0.1000 -5.4400
v -0.6600 0.7500 -5.4400
v -0.8000 0.7500 -5.4400
v -0.8000 0.1000 -5.3400
v -0.6600 0.1000 -5.3400
v -0.6600 0.7500 -5.3400
v -0.8000 0.7500 -5.3400
v 0.6600 0.1000 -5.4400
v 0.8000 0.1000 -5.4400
v 0.8000 0.7500 -5.4400
v 0.6600 0.7500 -5.4400
v 0.6600 0.1000 -5.3400
v 0.8000 0.1000 -5.3400
v 0.8000 0.7500 -5.3400
v 0.6600 0.7500 -5.3400
v -0.9800 0.9700 -5.4800
v -0.6200 0.9700 -5.4800
v -0.6200 1.3700 -5.4800
v -0.9800 1.3700 -5.4800
v -0.9800 0.9700 -5.3900
v -0.6200 0.9700 -5.3900
v -0.6200 1.3700 -5.3900
v -0.9800 1.3700 -5.3900
v 0.6200 0.9700 -5.4800
v 0.9800 0.9700 -5.4800
v 0.9800 1.3700 -5.4800
v 0.6200 1.3700 -5.4800
v 0.6200 0.9700 -5.3900
v 0.9800 0.9700 -5.3900
v 0.9800 1.3700 -5.3900
v 0.6200 1.3700 -5.3900
v -0.9800 1.4300 -5.4800
v -0.7800 1.4300 -5.4800
v -0.7800 1.6700 -5.4800
v -0.9800 1.6700 -5.4800
v -0.9800 1.4300 -5.3900
v -0.7800 1.4300 -5.3900
v -0.7800 1.6700 -5.3900
v -0.9800 1.6700 -5.3900
v 0.7800 1.4300 -5.4800
v 0.9800 1.4300 -5.4800
v 0.9800 1.6700 -5.4800
v 0.7800 1.6700 -5.4800
v 0.7800 1.4300 -5.3900
v 0.9800 1.4300 -5.3900
v 0.9800 1.6700 -5.3900
v 0.7800 1.6700 -5.3900
v -1.1600 1.8500 -5.0800
v -1.1200 1.8500 -5.0800
v -1.1200 2.0300 -5.0800
v -1.1600 2.0300 -5.0800
v -1.1600 1.8500 -4.9200
v -1.1200 1.8500 -4.9200
v -1.1200 2.0300 -4.9200
v -1.1600 2.0300 -4.9200
v 1.1200 1.8500 -5.0800
v 1.1600 1.8500 -5.0800
v 1.1600 2.0300 -5.0800
v 1.1200 2.0300 -5.0800
v 1.1200 1.8500 -4.9200
v 1.1600 1.8500 -4.9200
v 1.1600 2.0300 -4.9200
v 1.1200 2.0300 -4.9200
v -1.1600 1.8500 2.9200
v -1.1200 1.8500 2.9200
v -1.1200 2.0300 2.9200
v -1.1600 2.0300 2.9200
v -1.1600 1.8500 3.0800
v -1.1200 1.8500 3.0800
v -1.1200 2.0300 3.0800
v -1.1600 2.0300 3.0800
v 1.1200 1.8500 2.9200
v 1.1600 1.8500 2.9200
v 1.1600 2.0300 2.9200
v 1.1200 2.0300 2.9200
v 1.1200 1.8500 3.0800
v 1.1600 1.8500 3.0800
v 1.1600 2.0300 3.0800
v 1.1200 2.0300 3.0800
vt 0.06250 0.06250
vt 0.18750 0.06250
vt 0.31250 0.06250
vt 0.43750 0.06250
vt 0.56250 0.06250
vt 0.68750 0.06250
vt 0.81250 0.06250
vt 0.93750 0.06250
vt 0.06250 0.18750
vt 0.18750 0.18750
vt 0.31250 0.18750
vt 0.43750 0.18750
vt 0.56250 0.18750
vt 0.68750 0.18750
vt 0.81250 0.18750
vt 0.93750 0.18750
vt 0.06250 0.31250
vt 0.18750 0.31250
vt 0.31250 0.31250
vt 0.43750 0.31250
vt 0.56250 0.31250
vt 0.68750 0.31250
f 1/12 4/12 3/12
f 1/12 3/12 2/12
f 5/12 6/12 7/12
f 5/12 7/12 8/12
f 1/12 5/12 8/12
f 1/12 8/12 4/12
f 2/12 3/12 7/12
f 2/12 7/12 6/12
f 1/12 2/12 6/12
f 1/12 6/12 5/12
f 4/12 8/12 7/12
f 4/12 7/12 3/12
f 9/12 12/12 11/12
f 9/12 11/12 10/12
f 13/12 14/12 15/12
f 13/12 15/12 16/12
f 9/12 13/12 16/12
f 9/12 16/12 12/12
f 10/12 11/12 15/12
f 10/12 15/12 14/12
f 9/12 10/12 14/12
f 9/12 14/12 13/12
f 12/12 16/12 15/12
f 12/12 15/12 11/12
f 17/12 20/12 19/12
f 17/12 19/12 18/12
f 21/12 22/12 23/12
f 21/12 23/12 24/12
f 17/12 21/12 24/12
f 17/12 24/12 20/12
f 18/12 19/12 23/12
f 18/12 23/12 22/12
f 17/12 18/12 22/12
f 17/12 22/12 21/12
f 20/12 24/12 23/12
f 20/12 23/12 19/12
f 25/12 28/12 27/12
f 25/12 27/12 26/12
f 29/12 30/12 31/12
f 29/12 31/12 32/12
f 25/12 29/12 32/12
f 25/12 32/12 28/12
f 26/12 27/12 31/12
f 26/12 31/12 30/12
f 25/12 26/12 30/12
f 25/12 30/12 29/12
f 28/12 32/12 31/12
f 28/12 31/12 27/12
f 33/15 36/15 35/15
f 33/15 35/15 34/15
f 37/15 38/15 39/15
f 37/15 39/15 40/15
f 33/15 37/15 40/15
f 33/15 40/15 36/15
f 34/15 35/15 39/15
f 34/15 39/15 38/15
f 33/15 34/15 38/15
f 33/15 38/15 37/15
f 36/15 40/15 39/15
f 36/15 39/15 35/15
f 41/17 44/17 43/17
f 41/17 43/17 42/17
f 45/17 46/17 47/17
f 45/17 47/17 48/17
f 41/17 45/17 48/17
f 41/17 48/17 44/17
f 42/17 43/17 47/17
f 42/17 47/17 46/17
f 41/17 42/17 46/17
f 41/17 46/17 45/17
f 44/17 48/17 47/17
f 44/17 47/17 43/17
f 49/15 52/15 51/15
f 49/15 51/15 50/15
f 53/15 54/15 55/15
f 53/15 55/15 56/15
f 49/15 53/15 56/15
f 49/15 56/15 52/15
f 50/15 51/15 55/15
f 50/15 55/15 54/15
f 49/15 50/15 54/15
f 49/15 54/15 53/15
f 52/15 56/15 55/15
f 52/15 55/15 51/15
f 57/15 60/15 59/15
f 57/15 59/15 58/15
f 61/15 62/15 63/15
f 61/15 63/15 64/15
f 57/15 61/15 64/15
f 57/15 64/15 60/15
f 58/15 59/15 63/15
f 58/15 63/15 62/15
f 57/15 58/15 62/15
f 57/15 62/15 61/15
f 60/15 64/15 63/15
f 60/15 63/15 59/15
f 65/15 68/15 67/15
f 65/15 67/15 66/15
f 69/15 70/15 71/15
f 69/15 71/15 72/15
f 65/15 69/15 72/15
f 65/15 72/15 68/15
f 66/15 67/15 71/15
f 66/15 71/15 70/15
f 65/15 66/15 70/15
f 65/15 70/15 69/15
f 68/15 72/15 71/15
f 68/15 71/15 67/15
f 73/15 76/15 75/15
f 73/15 75/15 74/15
f 77/15 78/15 79/15
f 77/15 79/15 80/15
f 73/15 77/15 80/15
f 73/15 80/15 76/15
f 74/15 75/15 79/15
f 74/15 79/15 78/15
f 73/15 74/15 78/15
f 73/15 78/15 77/15
f 76/15 80/15 79/15
f 76/15 79/15 75/15
f 81/15 84/15 83/15
f 81/15 83/15 82/15
f 85/15 86/15 87/15
f 85/15 87/15 88/15
f 81/15 85/15 88/15
f 81/15 88/15 84/15
f 82/15 83/15 87/15
f 82/15 87/15 86/15
f 81/15 82/15 86/15
f 81/15 86/15 85/15
f 84/15 88/15 87/15
f 84/15 87/15 83/15
f 89/15 92/15 91/15
f 89/15 91/15 90/15
f 93/15 94/15 95/15
f 93/15 95/15 96/15
f 89/15 93/15 96/15
f 89/15 96/15 92/15
f 90/15 91/15 95/15
f 90/15 95/15 94/15
f 89/15 90/15 94/15
f 89/15 94/15 93/15
f 92/15 96/15 95/15
f 92/15 95/15 91/15
f 97/15 100/15 99/15
f 97/15 99/15 98/15
f 101/15 102/15 103/15
f 101/15 103/15 104/15
f 97/15 101/15 104/15
f 97/15 104/15 100/15
f 98/15 99/15 103/15
f 98/15 103/15 102/15
f 97/15 98/15 102/15
f 97/15 102/15 101/15
f 100/15 104/15 103/15
f 100/15 103/15 99/15
f 105/15 108/15 107/15
f 105/15 107/15 106/15
f 109/15 110/15 111/15
f 109/15 111/15 112/15
f 105/15 109/15 112/15
f 105/15 112/15 108/15
f 106/15 107/15 111/15
f 106/15 111/15 110/15
f 105/15 106/15 110/15
f 105/15 110/15 109/15
f 108/15 112/15 111/15
f 108/15 111/15 107/15
f 113/15 116/15 115/15
f 113/15 115/15 114/15
f 117/15 118/15 119/15
f 117/15 119/15 120/15
f 113/15 117/15 120/15
f 113/15 120/15 116/15
f 114/15 115/15 119/15
f 114/15 119/15 118/15
f 113/15 114/15 118/15
f 113/15 118/15 117/15
f 116/15 120/15 119/15
f 116/15 119/15 115/15
f 121/15 124/15 123/15
f 121/15 123/15 122/15
f 125/15 126/15 127/15
f 125/15 127/15 128/15
f 121/15 125/15 128/15
f 121/15 128/15 124/15
f 122/15 123/15 127/15
f 122/15 127/15 126/15
f 121/15 122/15 126/15
f 121/15 126/15 125/15
f 124/15 128/15 127/15
f 124/15 127/15 123/15
f 129/15 132/15 131/15
f 129/15 131/15 130/15
f 133/15 134/15 135/15
f 133/15 135/15 136/15
f 129/15 133/15 136/15
f 129/15 136/15 132/15
f 130/15 131/15 135/15
f 130/15 135/15 134/15
f 129/15 130/15 134/15
f 129/15 134/15 133/15
f 132/15 136/15 135/15
f 132/15 135/15 131/15
f 137/15 140/15 139/15
f 137/15 139/15 138/15
f 141/15 142/15 143/15
f 141/15 143/15 144/15
f 137/15 141/15 144/15
f 137/15 144/15 140/15
f 138/15 139/15 143/15
f 138/15 143/15 142/15
f 137/15 138/15 142/15
f 137/15 142/15 141/15
f 140/15 144/15 143/15
f 140/15 143/15 139/15
f 145/15 148/15 147/15
f 145/15 147/15 146/15
f 149/15 150/15 151/15
f 149/15 151/15 152/15
f 145/15 149/15 152/15
f 145/15 152/15 148/15
f 146/15 147/15 151/15
f 146/15 151/15 150/15
f 145/15 146/15 150/15
f 145/15 150/15 149/15
f 148/15 152/15 151/15
f 148/15 151/15 147/15
f 153/15 156/15 155/15
f 153/15 155/15 154/15
f 157/15 158/15 159/15
f 157/15 159/15 160/15
f 153/15 157/15 160/15
f 153/15 160/15 156/15
f 154/15 155/15 159/15
f 154/15 159/15 158/15
f 153/15 154/15 158/15
f 153/15 158/15 157/15
f 156/15 160/15 159/15
f 156/15 159/15 155/15
f 161/15 164/15 163/15
f 161/15 163/15 162/15
f 165/15 166/15 167/15
f 165/15 167/15 168/15
f 161/15 165/15 168/15
f 161/15 168/15 164/15
f 162/15 163/15 167/15
f 162/15 167/15 166/15
f 161/15 162/15 166/15
f 161/15 166/15 165/15
f 164/15 168/15 167/15
f 164/15 167/15 163/15
f 169/15 172/15 171/15
f 169/15 171/15 170/15
f 173/15 174/15 175/15
f 173/15 175/15 176/15
f 169/15 173/15 176/15
f 169/15 176/15 172/15
f 170/15 171/15 175/15
f 170/15 175/15 174/15
f 169/15 170/15 174/15
f 169/15 174/15 173/15
f 172/15 176/15 175/15
f 172/15 175/15 171/15
f 177/15 180/15 179/15
f 177/15 179/15 178/15
f 181/15 182/15 183/15
f 181/15 183/15 184/15
f 177/15 181/15 184/15
f 177/15 184/15 180/15
f 178/15 179/15 183/15
f 178/15 183/15 182/15
f 177/15 178/15 182/15
f 177/15 182/15 181/15
f 180/15 184/15 183/15
f 180/15 183/15 179/15
f 185/15 188/15 187/15
f 185/15 187/15 186/15
f 189/15 190/15 191/15
f 189/15 191/15 192/15
f 185/15 189/15 192/15
f 185/15 192/15 188/15
f 186/15 187/15 191/15
f 186/15 191/15 190/15
f 185/15 186/15 190/15
f 185/15 190/15 189/15
f 188/15 192/15 191/15
f 188/15 191/15 187/15
f 193/5 196/5 195/5
f 193/5 195/5 194/5
f 197/5 198/5 199/5
f 197/5 199/5 200/5
f 193/5 197/5 200/5
f 193/5 200/5 196/5
f 194/5 195/5 199/5
f 194/5 199/5 198/5
f 193/5 194/5 198/5
f 193/5 198/5 197/5
f 196/5 200/5 199/5
f 196/5 199/5 195/5
f 201/5 204/5 203/5
f 201/5 203/5 202/5
f 205/5 206/5 207/5
f 205/5 207/5 208/5
f 201/5 205/5 208/5
f 201/5 208/5 204/5
f 202/5 203/5 207/5
f 202/5 207/5 206/5
f 201/5 202/5 206/5
f 201/5 206/5 205/5
f 204/5 208/5 207/5
f 204/5 207/5 203/5
f 225/3 228/3 227/3
f 225/3 227/3 226/3
f 229/3 230/3 231/3
f 229/3 231/3 232/3
f 225/3 229/3 232/3
f 225/3 232/3 228/3
f 226/3 227/3 231/3
f 226/3 231/3 230/3
f 225/3 226/3 230/3
f 225/3 230/3 229/3
f 228/3 232/3 231/3
f 228/3 231/3 227/3
f 233/3 236/3 235/3
f 233/3 235/3 234/3
f 237/3 238/3 239/3
f 237/3 239/3 240/3
f 233/3 237/3 240/3
f 233/3 240/3 236/3
f 234/3 235/3 239/3
f 234/3 239/3 238/3
f 233/3 234/3 238/3
f 233/3 238/3 237/3
f 236/3 240/3 239/3
f 236/3 239/3 235/3
f 241/15 244/15 243/15
f 241/15 243/15 242/15
f 245/15 246/15 247/15
f 245/15 247/15 248/15
f 241/15 245/15 248/15
f 241/15 248/15 244/15
f 242/15 243/15 247/15
f 242/15 247/15 246/15
f 241/15 242/15 246/15
f 241/15 246/15 245/15
f 244/15 248/15 247/15
f 244/15 247/15 243/15
f 249/5 252/5 251/5
f 249/5 251/5 250/5
f 253/5 254/5 255/5
f 253/5 255/5 256/5
f 249/5 253/5 256/5
f 249/5 256/5 252/5
f 250/5 251/5 255/5
f 250/5 255/5 254/5
f 249/5 250/5 254/5
f 249/5 254/5 253/5
f 252/5 256/5 255/5
f 252/5 255/5 251/5
f 257/5 260/5 259/5
f 257/5 259/5 258/5
f 261/5 262/5 263/5
f 261/5 263/5 264/5
f 257/5 261/5 264/5
f 257/5 264/5 260/5
f 258/5 259/5 263/5
f 258/5 263/5 262/5
f 257/5 258/5 262/5
f 257/5 262/5 261/5
f 260/5 264/5 263/5
f 260/5 263/5 259/5
f 265/16 268/16 267/16
f 265/16 267/16 266/16
f 269/16 270/16 271/16
f 269/16 271/16 272/16
f 265/16 269/16 272/16
f 265/16 272/16 268/16
f 266/16 267/16 271/16
f 266/16 271/16 270/16
f 265/16 266/16 270/16
f 265/16 270/16 269/16
f 268/16 272/16 271/16
f 268/16 271/16 267/16
f 273/16 276/16 275/16
f 273/16 275/16 274/16
f 277/16 278/16 279/16
f 277/16 279/16 280/16
f 273/16 277/16 280/16
f 273/16 280/16 276/16
f 274/16 275/16 279/16
f 274/16 279/16 278/16
f 273/16 274/16 278/16
f 273/16 278/16 277/16
f 276/16 280/16 279/16
f 276/16 279/16 275/16
f 281/21 284/21 283/21
f 281/21 283/21 282/21
f 285/21 286/21 287/21
f 285/21 287/21 288/21
f 281/21 285/21 288/21
f 281/21 288/21 284/21
f 282/21 283/21 287/21
f 282/21 287/21 286/21
f 281/21 282/21 286/21
f 281/21 286/21 285/21
f 284/21 288/21 287/21
f 284/21 287/21 283/21
f 289/21 292/21 291/21
f 289/21 291/21 290/21
f 293/21 294/21 295/21
f 293/21 295/21 296/21
f 289/21 293/21 296/21
f 289/21 296/21 292/21
f 290/21 291/21 295/21
f 290/21 295/21 294/21
f 289/21 290/21 294/21
f 289/21 294/21 293/21
f 292/21 296/21 295/21
f 292/21 295/21 291/21
f 297/21 300/21 299/21
f 297/21 299/21 298/21
f 301/21 302/21 303/21
f 301/21 303/21 304/21
f 297/21 301/21 304/21
f 297/21 304/21 300/21
f 298/21 299/21 303/21
f 298/21 303/21 302/21
f 297/21 298/21 302/21
f 297/21 302/21 301/21
f 300/21 304/21 303/21
f 300/21 303/21 299/21
f 305/21 308/21 307/21
f 305/21 307/21 306/21
f 309/21 310/21 311/21
f 309/21 311/21 312/21
f 305/21 309/21 312/21
f 305/21 312/21 308/21
f 306/21 307/21 311/21
f 306/21 311/21 310/21
f 305/21 306/21 310/21
f 305/21 310/21 309/21
f 308/21 312/21 311/21
f 308/21 311/21 307/21
f 313/21 316/21 315/21
f 313/21 315/21 314/21
f 317/21 318/21 319/21
f 317/21 319/21 320/21
f 313/21 317/21 320/21
f 313/21 320/21 316/21
f 314/21 315/21 319/21
f 314/21 319/21 318/21
f 313/21 314/21 318/21
f 313/21 318/21 317/21
f 316/21 320/21 319/21
f 316/21 319/21 315/21
f 321/21 324/21 323/21
f 321/21 323/21 322/21
f 325/21 326/21 327/21
f 325/21 327/21 328/21
f 321/21 325/21 328/21
f 321/21 328/21 324/21
f 322/21 323/21 327/21
f 322/21 327/21 326/21
f 321/21 322/21 326/21
f 321/21 326/21 325/21
f 324/21 328/21 327/21
f 324/21 327/21 323/21
v 0.7140 0.1500 -3.9264
v 0.9424 0.1500 -3.9264
v 0.9424 -0.0784 -3.8743
v 0.7140 -0.0784 -3.8743
v 0.7140 -0.0784 -3.8743
v 0.9424 -0.0784 -3.8743
v 0.9424 -0.2616 -3.7282
v 0.7140 -0.2616 -3.7282
v 0.7140 -0.2616 -3.7282
v 0.9424 -0.2616 -3.7282
v 0.9424 -0.3632 -3.5172
v 0.7140 -0.3632 -3.5172
v 0.7140 -0.3632 -3.5172
v 0.9424 -0.3632 -3.5172
v 0.9424 -0.3632 -3.2829
v 0.7140 -0.3632 -3.2829
v 0.7140 -0.3632 -3.2829
v 0.9424 -0.3632 -3.2829
v 0.9424 -0.2616 -3.0718
v 0.7140 -0.2616 -3.0718
v 0.7140 -0.2616 -3.0718
v 0.9424 -0.2616 -3.0718
v 0.9424 -0.0784 -2.9257
v 0.7140 -0.0784 -2.9257
v 0.7140 -0.0784 -2.9257
v 0.9424 -0.0784 -2.9257
v 0.9424 0.1500 -2.8736
v 0.7140 0.1500 -2.8736
v 0.7140 0.1500 -2.8736
v 0.9424 0.1500 -2.8736
v 0.9424 0.3784 -2.9257
v 0.7140 0.3784 -2.9257
v 0.7140 0.3784 -2.9257
v 0.9424 0.3784 -2.9257
v 0.9424 0.5616 -3.0718
v 0.7140 0.5616 -3.0718
v 0.7140 0.5616 -3.0718
v 0.9424 0.5616 -3.0718
v 0.9424 0.6632 -3.2829
v 0.7140 0.6632 -3.2829
v 0.7140 0.6632 -3.2829
v 0.9424 0.6632 -3.2829
v 0.9424 0.6632 -3.5172
v 0.7140 0.6632 -3.5172
v 0.7140 0.6632 -3.5172
v 0.9424 0.6632 -3.5172
v 0.9424 0.5616 -3.7282
v 0.7140 0.5616 -3.7282
v 0.9424 0.5616 -3.7282
v 0.9424 0.6632 -3.5172
v 0.9791 0.6315 -3.5099
v 0.9791 0.5361 -3.7079
v 0.7140 0.5616 -3.7282
v 0.9424 0.5616 -3.7282
v 0.9424 0.3784 -3.8743
v 0.7140 0.3784 -3.8743
v 0.7140 0.3784 -3.8743
v 0.9424 0.3784 -3.8743
v 0.9424 0.1500 -3.9264
v 0.7140 0.1500 -3.9264
v 0.9424 -0.2616 -3.0718
v 0.9424 -0.3632 -3.2829
v 0.9791 -0.3315 -3.2901
v 0.9791 -0.2361 -3.0921
v 0.9424 0.6632 -3.2829
v 0.9424 0.5616 -3.0718
v 0.9791 0.5361 -3.0921
v 0.9791 0.6315 -3.2901
v 0.9424 -0.3632 -3.5172
v 0.9424 -0.2616 -3.7282
v 0.9791 -0.2361 -3.7079
v 0.9791 -0.3315 -3.5099
v 0.9424 0.3784 -2.9257
v 0.9424 0.1500 -2.8736
v 0.9791 0.1500 -2.9062
v 0.9791 0.3643 -2.9551
v 0.9424 -0.0784 -3.8743
v 0.9424 0.1500 -3.9264
v 0.9791 0.1500 -3.8939
v 0.9791 -0.0643 -3.8450
v 0.9424 0.3784 -3.8743
v 0.9424 0.5616 -3.7282
v 0.9791 0.5361 -3.7079
v 0.9791 0.3643 -3.8450
v 0.9424 -0.0784 -2.9257
v 0.9424 -0.2616 -3.0718
v 0.9791 -0.2361 -3.0921
v 0.9791 -0.0643 -2.9551
v 0.9424 0.6632 -3.5172
v 0.9424 0.6632 -3.2829
v 0.9791 0.6315 -3.2901
v 0.9791 0.6315 -3.5099
v 0.9424 -0.3632 -3.2829
v 0.9424 -0.3632 -3.5172
v 0.9791 -0.3315 -3.5099
v 0.9791 -0.3315 -3.2901
v 0.9424 0.5616 -3.0718
v 0.9424 0.3784 -2.9257
v 0.9791 0.3643 -2.9551
v 0.9791 0.5361 -3.0921
v 0.9424 0.1500 -3.9264
v 0.9424 0.3784 -3.8743
v 0.9791 0.3643 -3.8450
v 0.9791 0.1500 -3.8939
v 0.9424 -0.2616 -3.7282
v 0.9424 -0.0784 -3.8743
v 0.9791 -0.0643 -3.8450
v 0.9791 -0.2361 -3.7079
v 0.9424 0.1500 -2.8736
v 0.9424 -0.0784 -2.9257
v 0.9791 -0.0643 -2.9551
v 0.9791 0.1500 -2.9062
v 0.9791 0.1500 -3.7613
v 0.9791 -0.0068 -3.7256
v 0.9791 -0.0643 -3.8450
v 0.9791 0.1500 -3.8939
v 0.9791 -0.0068 -3.7256
v 0.9791 -0.1325 -3.6253
v 0.9791 -0.2361 -3.7079
v 0.9791 -0.0643 -3.8450
v 0.9791 -0.1325 -3.6253
v 0.9791 -0.2023 -3.4804
v 0.9791 -0.3315 -3.5099
v 0.9791 -0.2361 -3.7079
v 0.9791 -0.2023 -3.3196
v 0.9791 -0.3315 -3.2901
v 0.9791 -0.2023 -3.3196
v 0.9791 -0.1325 -3.1747
v 0.9791 -0.2361 -3.0921
v 0.9791 -0.3315 -3.2901
v 0.9791 -0.1325 -3.1747
v 0.9791 -0.0068 -3.0745
v 0.9791 -0.0643 -2.9551
v 0.9791 -0.2361 -3.0921
v 0.9791 0.1500 -3.0387
v 0.9791 0.1500 -2.9062
v 0.9791 0.3068 -3.0745
v 0.9791 0.3643 -2.9551
v 0.9791 0.4325 -3.1747
v 0.9791 0.5361 -3.0921
v 0.9791 0.4325 -3.1747
v 0.9791 0.5023 -3.3196
v 0.9791 0.6315 -3.2901
v 0.9791 0.5361 -3.0921
v 0.9791 0.5023 -3.3196
v 0.9791 0.5023 -3.4804
v 0.9791 0.6315 -3.5099
v 0.9791 0.6315 -3.2901
v 0.9791 0.5023 -3.4804
v 0.9791 0.4325 -3.6253
v 0.9791 0.5361 -3.7079
v 0.9791 0.6315 -3.5099
v 0.9791 0.4325 -3.6253
v 0.9791 0.3068 -3.7256
v 0.9791 0.3643 -3.8450
v 0.9791 0.5361 -3.7079
v 0.9791 0.3068 -3.7256
v 0.9791 0.3643 -3.8450
v 0.9584 0.1500 -3.7276
v 0.9584 0.0079 -3.6951
v 0.9791 -0.0068 -3.7256
v 0.9791 0.1500 -3.7613
v 0.9584 0.0079 -3.6951
v 0.9584 -0.1061 -3.6042
v 0.9791 -0.1325 -3.6253
v 0.9791 -0.0068 -3.7256
v 0.9584 -0.1061 -3.6042
v 0.9584 -0.1693 -3.4729
v 0.9791 -0.2023 -3.4804
v 0.9791 -0.1325 -3.6253
v 0.9584 -0.1693 -3.4729
v 0.9584 -0.1693 -3.3271
v 0.9791 -0.2023 -3.3196
v 0.9791 -0.2023 -3.4804
v 0.9584 -0.1693 -3.3271
v 0.9584 -0.1061 -3.1958
v 0.9791 -0.1325 -3.1747
v 0.9791 -0.2023 -3.3196
v 0.9584 -0.1061 -3.1958
v 0.9584 0.0079 -3.1049
v 0.9791 -0.0068 -3.0745
v 0.9791 -0.1325 -3.1747
v 0.9584 0.0079 -3.1049
v 0.9584 0.1500 -3.0725
v 0.9791 0.1500 -3.0387
v 0.9791 -0.0068 -3.0745
v 0.9584 0.1500 -3.0725
v 0.9584 0.2921 -3.1049
v 0.9791 0.3068 -3.0745
v 0.9791 0.1500 -3.0387
v 0.9584 0.2921 -3.1049
v 0.9584 0.4061 -3.1958
v 0.9791 0.4325 -3.1747
v 0.9791 0.3068 -3.0745
v 0.9584 0.4061 -3.1958
v 0.9584 0.4693 -3.3271
v 0.9791 0.5023 -3.3196
v 0.9791 0.4325 -3.1747
v 0.9584 0.4693 -3.3271
v 0.9584 0.4693 -3.4729
v 0.9791 0.5023 -3.4804
v 0.9791 0.5023 -3.3196
v 0.9584 0.4693 -3.4729
v 0.9584 0.4061 -3.6042
v 0.9791 0.4325 -3.6253
v 0.9791 0.5023 -3.4804
v 0.9584 0.4061 -3.6042
v 0.9584 0.2921 -3.6951
v 0.9791 0.3068 -3.7256
v 0.9791 0.4325 -3.6253
v 0.9584 0.2921 -3.6951
v 0.9584 0.1500 -3.7276
v 0.9791 0.1500 -3.7613
v 0.9791 0.3068 -3.7256
v 0.8061 0.2115 -3.2723
v 0.8061 0.1500 -3.2583
v 0.9609 0.1500 -3.2583
v 0.9609 0.2115 -3.2723
v 0.8061 0.0885 -3.5277
v 0.8061 0.1500 -3.5418
v 0.9609 0.1500 -3.5418
v 0.9609 0.0885 -3.5277
v 0.8061 0.2608 -3.3116
v 0.8061 0.2115 -3.2723
v 0.9609 0.2115 -3.2723
v 0.9609 0.2608 -3.3116
v 0.8061 0.0392 -3.4884
v 0.8061 0.0885 -3.5277
v 0.9609 0.0885 -3.5277
v 0.9609 0.0392 -3.4884
v 0.8061 0.2882 -3.3685
v 0.8061 0.2608 -3.3116
v 0.9609 0.2608 -3.3116
v 0.9609 0.2882 -3.3685
v 0.8061 0.0118 -3.4316
v 0.8061 0.0392 -3.4884
v 0.9609 0.0392 -3.4884
v 0.9609 0.0118 -3.4316
v 0.8061 0.2882 -3.4316
v 0.8061 0.2882 -3.3685
v 0.9609 0.2882 -3.3685
v 0.9609 0.2882 -3.4316
v 0.8061 0.0118 -3.3685
v 0.8061 0.0118 -3.4316
v 0.9609 0.0118 -3.4316
v 0.9609 0.0118 -3.3685
v 0.8061 0.2608 -3.4884
v 0.8061 0.2882 -3.4316
v 0.9609 0.2882 -3.4316
v 0.9609 0.2608 -3.4884
v 0.8061 0.0392 -3.3116
v 0.8061 0.0118 -3.3685
v 0.9609 0.0118 -3.3685
v 0.9609 0.0392 -3.3116
v 0.8061 0.2115 -3.5277
v 0.8061 0.2608 -3.4884
v 0.9609 0.2608 -3.4884
v 0.9609 0.2115 -3.5277
v 0.8061 0.0885 -3.2723
v 0.8061 0.0392 -3.3116
v 0.9609 0.0392 -3.3116
v 0.9609 0.0885 -3.2723
v 0.8061 0.1500 -3.5418
v 0.8061 0.2115 -3.5277
v 0.9609 0.2115 -3.5277
v 0.9609 0.1500 -3.5418
v 0.8061 0.1500 -3.2583
v 0.8061 0.0885 -3.2723
v 0.9609 0.0885 -3.2723
v 0.9609 0.1500 -3.2583
v 0.4397 0.1500 -3.9264
v 0.6682 0.1500 -3.9264
v 0.6682 -0.0784 -3.8743
v 0.4397 -0.0784 -3.8743
v 0.4397 -0.0784 -3.8743
v 0.6682 -0.0784 -3.8743
v 0.6682 -0.2616 -3.7282
v 0.4397 -0.2616 -3.7282
v 0.4397 -0.2616 -3.7282
v 0.6682 -0.2616 -3.7282
v 0.6682 -0.3632 -3.5172
v 0.4397 -0.3632 -3.5172
v 0.4397 -0.3632 -3.5172
v 0.6682 -0.3632 -3.5172
v 0.6682 -0.3632 -3.2829
v 0.4397 -0.3632 -3.2829
v 0.4397 -0.3632 -3.2829
v 0.6682 -0.3632 -3.2829
v 0.6682 -0.2616 -3.0718
v 0.4397 -0.2616 -3.0718
v 0.4397 -0.2616 -3.0718
v 0.6682 -0.2616 -3.0718
v 0.6682 -0.0784 -2.9257
v 0.4397 -0.0784 -2.9257
v 0.4397 -0.0784 -2.9257
v 0.6682 -0.0784 -2.9257
v 0.6682 0.1500 -2.8736
v 0.4397 0.1500 -2.8736
v 0.4397 0.1500 -2.8736
v 0.6682 0.1500 -2.8736
v 0.6682 0.3784 -2.9257
v 0.4397 0.3784 -2.9257
v 0.4397 0.3784 -2.9257
v 0.6682 0.3784 -2.9257
v 0.6682 0.5616 -3.0718
v 0.4397 0.5616 -3.0718
v 0.4397 0.5616 -3.0718
v 0.6682 0.5616 -3.0718
v 0.6682 0.6632 -3.2829
v 0.4397 0.6632 -3.2829
v 0.4397 0.6632 -3.2829
v 0.6682 0.6632 -3.2829
v 0.6682 0.6632 -3.5172
v 0.4397 0.6632 -3.5172
v 0.4397 0.6632 -3.5172
v 0.6682 0.6632 -3.5172
v 0.6682 0.5616 -3.7282
v 0.4397 0.5616 -3.7282
v 0.6682 0.5616 -3.7282
v 0.6682 0.6632 -3.5172
v 0.7049 0.6315 -3.5099
v 0.7049 0.5361 -3.7079
v 0.4397 0.5616 -3.7282
v 0.6682 0.5616 -3.7282
v 0.6682 0.3784 -3.8743
v 0.4397 0.3784 -3.8743
v 0.4397 0.3784 -3.8743
v 0.6682 0.3784 -3.8743
v 0.6682 0.1500 -3.9264
v 0.4397 0.1500 -3.9264
v 0.6841 0.4061 -3.6042
v 0.6841 0.4693 -3.4729
v 0.5319 0.4693 -3.4729
v 0.5319 0.4061 -3.6042
v 0.6682 -0.2616 -3.0718
v 0.6682 -0.3632 -3.2829
v 0.7049 -0.3315 -3.2901
v 0.7049 -0.2361 -3.0921
v 0.6682 0.6632 -3.2829
v 0.6682 0.5616 -3.0718
v 0.7049 0.5361 -3.0921
v 0.7049 0.6315 -3.2901
v 0.6682 -0.3632 -3.5172
v 0.6682 -0.2616 -3.7282
v 0.7049 -0.2361 -3.7079
v 0.7049 -0.3315 -3.5099
v 0.6682 0.3784 -2.9257
v 0.6682 0.1500 -2.8736
v 0.7049 0.1500 -2.9062
v 0.7049 0.3643 -2.9551
v 0.6682 -0.0784 -3.8743
v 0.6682 0.1500 -3.9264
v 0.7049 0.1500 -3.8939
v 0.7049 -0.0643 -3.8450
v 0.6682 0.3784 -3.8743
v 0.6682 0.5616 -3.7282
v 0.7049 0.5361 -3.7079
v 0.7049 0.3643 -3.8450
v 0.6682 -0.0784 -2.9257
v 0.6682 -0.2616 -3.0718
v 0.7049 -0.2361 -3.0921
v 0.7049 -0.0643 -2.9551
v 0.6682 0.6632 -3.5172
v 0.6682 0.6632 -3.2829
v 0.7049 0.6315 -3.2901
v 0.7049 0.6315 -3.5099
v 0.6682 -0.3632 -3.2829
v 0.6682 -0.3632 -3.5172
v 0.7049 -0.3315 -3.5099
v 0.7049 -0.3315 -3.2901
v 0.6682 0.5616 -3.0718
v 0.6682 0.3784 -2.9257
v 0.7049 0.3643 -2.9551
v 0.7049 0.5361 -3.0921
v 0.6682 0.1500 -3.9264
v 0.6682 0.3784 -3.8743
v 0.7049 0.3643 -3.8450
v 0.7049 0.1500 -3.8939
v 0.6682 -0.2616 -3.7282
v 0.6682 -0.0784 -3.8743
v 0.7049 -0.0643 -3.8450
v 0.7049 -0.2361 -3.7079
v 0.6682 0.1500 -2.8736
v 0.6682 -0.0784 -2.9257
v 0.7049 -0.0643 -2.9551
v 0.7049 0.1500 -2.9062
v 0.7049 0.1500 -3.7613
v 0.7049 -0.0068 -3.7256
v 0.7049 -0.0643 -3.8450
v 0.7049 0.1500 -3.8939
v 0.7049 -0.0068 -3.7256
v 0.7049 -0.1325 -3.6253
v 0.7049 -0.2361 -3.7079
v 0.7049 -0.0643 -3.8450
v 0.7049 -0.1325 -3.6253
v 0.7049 -0.2023 -3.4804
v 0.7049 -0.3315 -3.5099
v 0.7049 -0.2361 -3.7079
v 0.7049 -0.2023 -3.3196
v 0.7049 -0.3315 -3.2901
v 0.7049 -0.2023 -3.3196
v 0.7049 -0.1325 -3.1747
v 0.7049 -0.2361 -3.0921
v 0.7049 -0.3315 -3.2901
v 0.7049 -0.1325 -3.1747
v 0.7049 -0.0068 -3.0745
v 0.7049 -0.0643 -2.9551
v 0.7049 -0.2361 -3.0921
v 0.7049 -0.0068 -3.0745
v 0.7049 0.1500 -3.0387
v 0.7049 0.1500 -2.9062
v 0.7049 -0.0643 -2.9551
v 0.7049 0.3068 -3.0745
v 0.7049 0.3643 -2.9551
v 0.7049 0.3068 -3.0745
v 0.7049 0.4325 -3.1747
v 0.7049 0.5361 -3.0921
v 0.7049 0.3643 -2.9551
v 0.7049 0.4325 -3.1747
v 0.7049 0.5023 -3.3196
v 0.7049 0.6315 -3.2901
v 0.7049 0.5361 -3.0921
v 0.7049 0.5023 -3.3196
v 0.7049 0.5023 -3.4804
v 0.7049 0.6315 -3.5099
v 0.7049 0.6315 -3.2901
v 0.7049 0.5023 -3.4804
v 0.7049 0.4325 -3.6253
v 0.7049 0.5361 -3.7079
v 0.7049 0.6315 -3.5099
v 0.7049 0.4325 -3.6253
v 0.7049 0.3068 -3.7256
v 0.7049 0.3643 -3.8450
v 0.7049 0.5361 -3.7079
v 0.7049 0.3068 -3.7256
v 0.7049 0.1500 -3.7613
v 0.7049 0.1500 -3.8939
v 0.7049 0.3643 -3.8450
v 0.6841 0.1500 -3.7276
v 0.6841 0.0079 -3.6951
v 0.7049 -0.0068 -3.7256
v 0.7049 0.1500 -3.7613
v 0.6841 0.0079 -3.6951
v 0.6841 -0.1061 -3.6042
v 0.7049 -0.1325 -3.6253
v 0.7049 -0.0068 -3.7256
v 0.6841 -0.1061 -3.6042
v 0.6841 -0.1693 -3.4729
v 0.7049 -0.2023 -3.4804
v 0.7049 -0.1325 -3.6253
v 0.6841 -0.1693 -3.4729
v 0.6841 -0.1693 -3.3271
v 0.7049 -0.2023 -3.3196
v 0.7049 -0.2023 -3.4804
v 0.6841 -0.1693 -3.3271
v 0.6841 -0.1061 -3.1958
v 0.7049 -0.1325 -3.1747
v 0.7049 -0.2023 -3.3196
v 0.6841 -0.1061 -3.1958
v 0.6841 0.0079 -3.1049
v 0.7049 -0.0068 -3.0745
v 0.7049 -0.1325 -3.1747
v 0.6841 0.0079 -3.1049
v 0.6841 0.1500 -3.0725
v 0.7049 0.1500 -3.0387
v 0.7049 -0.0068 -3.0745
v 0.6841 0.1500 -3.0725
v 0.6841 0.2921 -3.1049
v 0.7049 0.3068 -3.0745
v 0.7049 0.1500 -3.0387
v 0.6841 0.2921 -3.1049
v 0.6841 0.4061 -3.1958
v 0.7049 0.4325 -3.1747
v 0.7049 0.3068 -3.0745
v 0.6841 0.4061 -3.1958
v 0.6841 0.4693 -3.3271
v 0.7049 0.5023 -3.3196
v 0.7049 0.4325 -3.1747
v 0.6841 0.4693 -3.3271
v 0.6841 0.4693 -3.4729
v 0.7049 0.5023 -3.4804
v 0.7049 0.5023 -3.3196
v 0.6841 0.4693 -3.4729
v 0.6841 0.4061 -3.6042
v 0.7049 0.4325 -3.6253
v 0.7049 0.5023 -3.4804
v 0.6841 0.4061 -3.6042
v 0.6841 0.2921 -3.6951
v 0.7049 0.3068 -3.7256
v 0.7049 0.4325 -3.6253
v 0.6841 0.2921 -3.6951
v 0.6841 0.1500 -3.7276
v 0.7049 0.1500 -3.7613
v 0.7049 0.3068 -3.7256
v 0.5319 0.2115 -3.2723
v 0.5319 0.1500 -3.2583
v 0.6867 0.1500 -3.2583
v 0.6867 0.2115 -3.2723
v 0.6841 -0.1061 -3.1958
v 0.6841 -0.1693 -3.3271
v 0.5319 -0.1693 -3.3271
v 0.5319 -0.1061 -3.1958
v 0.6841 0.2921 -3.6951
v 0.6841 0.4061 -3.6042
v 0.5319 0.4061 -3.6042
v 0.5319 0.2921 -3.6951
v 0.6841 0.0079 -3.1049
v 0.6841 -0.1061 -3.1958
v 0.5319 -0.1061 -3.1958
v 0.5319 0.0079 -3.1049
v 0.6841 0.1500 -3.7276
v 0.6841 0.2921 -3.6951
v 0.5319 0.2921 -3.6951
v 0.5319 0.1500 -3.7276
v 0.6841 0.1500 -3.0725
v 0.6841 0.0079 -3.1049
v 0.5319 0.0079 -3.1049
v 0.5319 0.1500 -3.0725
v 0.6841 0.2921 -3.1049
v 0.6841 0.1500 -3.0725
v 0.5319 0.1500 -3.0725
v 0.5319 0.2921 -3.1049
v 0.6841 0.0079 -3.6951
v 0.6841 0.1500 -3.7276
v 0.5319 0.1500 -3.7276
v 0.5319 0.0079 -3.6951
v 0.6841 0.4061 -3.1958
v 0.6841 0.2921 -3.1049
v 0.5319 0.2921 -3.1049
v 0.5319 0.4061 -3.1958
v 0.6841 -0.1061 -3.6042
v 0.6841 0.0079 -3.6951
v 0.5319 0.0079 -3.6951
v 0.5319 -0.1061 -3.6042
v 0.6841 0.4693 -3.3271
v 0.6841 0.4061 -3.1958
v 0.5319 0.4061 -3.1958
v 0.5319 0.4693 -3.3271
v 0.6841 -0.1693 -3.4729
v 0.6841 -0.1061 -3.6042
v 0.5319 -0.1061 -3.6042
v 0.5319 -0.1693 -3.4729
v 0.6841 0.4693 -3.4729
v 0.6841 0.4693 -3.3271
v 0.5319 0.4693 -3.3271
v 0.5319 0.4693 -3.4729
v 0.6841 -0.1693 -3.3271
v 0.6841 -0.1693 -3.4729
v 0.5319 -0.1693 -3.4729
v 0.5319 -0.1693 -3.3271
v 0.5319 0.1500 -3.5418
v 0.5319 0.0885 -3.5277
v 0.5319 0.0079 -3.6951
v 0.5319 0.1500 -3.7276
v 0.5319 0.0885 -3.5277
v 0.5319 0.0392 -3.4884
v 0.5319 -0.1061 -3.6042
v 0.5319 0.0079 -3.6951
v 0.5319 0.0392 -3.4884
v 0.5319 0.0118 -3.4316
v 0.5319 -0.1693 -3.4729
v 0.5319 -0.1061 -3.6042
v 0.5319 0.0118 -3.4316
v 0.5319 0.0118 -3.3685
v 0.5319 -0.1693 -3.3271
v 0.5319 -0.1693 -3.4729
v 0.5319 0.0118 -3.3685
v 0.5319 0.0392 -3.3116
v 0.5319 -0.1061 -3.1958
v 0.5319 -0.1693 -3.3271
v 0.5319 0.0392 -3.3116
v 0.5319 0.0885 -3.2723
v 0.5319 0.0079 -3.1049
v 0.5319 -0.1061 -3.1958
v 0.5319 0.0885 -3.2723
v 0.5319 0.1500 -3.2583
v 0.5319 0.1500 -3.0725
v 0.5319 0.0079 -3.1049
v 0.5319 0.2115 -3.2723
v 0.5319 0.2921 -3.1049
v 0.5319 0.2115 -3.2723
v 0.5319 0.2608 -3.3116
v 0.5319 0.4061 -3.1958
v 0.5319 0.2921 -3.1049
v 0.5319 0.2608 -3.3116
v 0.5319 0.2882 -3.3685
v 0.5319 0.4693 -3.3271
v 0.5319 0.4061 -3.1958
v 0.5319 0.2882 -3.3685
v 0.5319 0.2882 -3.4316
v 0.5319 0.4693 -3.4729
v 0.5319 0.4693 -3.3271
v 0.5319 0.2882 -3.4316
v 0.5319 0.2608 -3.4884
v 0.5319 0.4061 -3.6042
v 0.5319 0.4693 -3.4729
v 0.5319 0.2608 -3.4884
v 0.5319 0.2115 -3.5277
v 0.5319 0.2921 -3.6951
v 0.5319 0.4061 -3.6042
v 0.5319 0.2115 -3.5277
v 0.5319 0.1500 -3.5418
v 0.5319 0.1500 -3.7276
v 0.5319 0.2921 -3.6951
v 0.5319 0.0885 -3.5277
v 0.5319 0.1500 -3.5418
v 0.6867 0.1500 -3.5418
v 0.6867 0.0885 -3.5277
v 0.5319 0.2608 -3.3116
v 0.5319 0.2115 -3.2723
v 0.6867 0.2115 -3.2723
v 0.6867 0.2608 -3.3116
v 0.5319 0.0392 -3.4884
v 0.5319 0.0885 -3.5277
v 0.6867 0.0885 -3.5277
v 0.6867 0.0392 -3.4884
v 0.5319 0.2882 -3.3685
v 0.5319 0.2608 -3.3116
v 0.6867 0.2608 -3.3116
v 0.6867 0.2882 -3.3685
v 0.5319 0.0118 -3.4316
v 0.5319 0.0392 -3.4884
v 0.6867 0.0392 -3.4884
v 0.6867 0.0118 -3.4316
v 0.5319 0.2882 -3.4316
v 0.5319 0.2882 -3.3685
v 0.6867 0.2882 -3.3685
v 0.6867 0.2882 -3.4316
v 0.5319 0.0118 -3.3685
v 0.5319 0.0118 -3.4316
v 0.6867 0.0118 -3.4316
v 0.6867 0.0118 -3.3685
v 0.5319 0.2608 -3.4884
v 0.5319 0.2882 -3.4316
v 0.6867 0.2882 -3.4316
v 0.6867 0.2608 -3.4884
v 0.5319 0.0392 -3.3116
v 0.5319 0.0118 -3.3685
v 0.6867 0.0118 -3.3685
v 0.6867 0.0392 -3.3116
v 0.5319 0.2115 -3.5277
v 0.5319 0.2608 -3.4884
v 0.6867 0.2608 -3.4884
v 0.6867 0.2115 -3.5277
v 0.5319 0.0885 -3.2723
v 0.5319 0.0392 -3.3116
v 0.6867 0.0392 -3.3116
v 0.6867 0.0885 -3.2723
v 0.5319 0.1500 -3.5418
v 0.5319 0.2115 -3.5277
v 0.6867 0.2115 -3.5277
v 0.6867 0.1500 -3.5418
v 0.5319 0.1500 -3.2583
v 0.5319 0.0885 -3.2723
v 0.6867 0.0885 -3.2723
v 0.6867 0.1500 -3.2583
v 0.4397 -0.2616 -3.7282
v 0.4397 -0.3632 -3.5172
v 0.4397 0.0059 -3.4329
v 0.4397 0.0344 -3.4922
v 0.4397 0.0859 -3.5332
v 0.4397 0.0344 -3.4922
v 0.0009 0.0344 -3.4922
v 0.0009 0.0859 -3.5332
v 0.4397 -0.3632 -3.5172
v 0.4397 -0.3632 -3.2829
v 0.4397 0.0059 -3.3671
v 0.4397 0.0059 -3.4329
v 0.4397 -0.3632 -3.2829
v 0.4397 -0.2616 -3.0718
v 0.4397 0.0344 -3.3079
v 0.4397 0.0059 -3.3671
v 0.4397 -0.2616 -3.0718
v 0.4397 -0.0784 -2.9257
v 0.4397 0.0859 -3.2668
v 0.4397 0.0344 -3.3079
v 0.4397 -0.0784 -2.9257
v 0.4397 0.1500 -2.8736
v 0.4397 0.1500 -3.2522
v 0.4397 0.0859 -3.2668
v 0.4397 0.1500 -2.8736
v 0.4397 0.3784 -2.9257
v 0.4397 0.2141 -3.2668
v 0.4397 0.1500 -3.2522
v 0.4397 0.3784 -2.9257
v 0.4397 0.5616 -3.0718
v 0.4397 0.2656 -3.3079
v 0.4397 0.2141 -3.2668
v 0.4397 0.5616 -3.0718
v 0.4397 0.6632 -3.2829
v 0.4397 0.2941 -3.3671
v 0.4397 0.2656 -3.3079
v 0.4397 0.6632 -3.2829
v 0.4397 0.6632 -3.5172
v 0.4397 0.2941 -3.4329
v 0.4397 0.2941 -3.3671
v 0.4397 0.6632 -3.5172
v 0.4397 0.5616 -3.7282
v 0.4397 0.2656 -3.4922
v 0.4397 0.2941 -3.4329
v 0.4397 0.5616 -3.7282
v 0.4397 0.3784 -3.8743
v 0.4397 0.2141 -3.5332
v 0.4397 0.2656 -3.4922
v 0.4397 0.3784 -3.8743
v 0.4397 0.1500 -3.9264
v 0.4397 0.1500 -3.5478
v 0.4397 0.2141 -3.5332
v 0.4397 0.1500 -3.9264
v 0.4397 -0.0784 -3.8743
v 0.4397 0.0859 -3.5332
v 0.4397 0.1500 -3.5478
v 0.4397 -0.0784 -3.8743
v 0.4397 -0.2616 -3.7282
v 0.4397 0.0344 -3.4922
v 0.4397 0.0859 -3.5332
v 0.4397 0.0344 -3.4922
v 0.4397 0.0059 -3.4329
v 0.0009 0.0059 -3.4329
v 0.0009 0.0344 -3.4922
v 0.4397 0.0059 -3.4329
v 0.4397 0.0059 -3.3671
v 0.0009 0.0059 -3.3671
v 0.0009 0.0059 -3.4329
v 0.4397 0.0059 -3.3671
v 0.4397 0.0344 -3.3079
v 0.0009 0.0344 -3.3079
v 0.0009 0.0059 -3.3671
v 0.4397 0.0344 -3.3079
v 0.4397 0.0859 -3.2668
v 0.0009 0.0859 -3.2668
v 0.0009 0.0344 -3.3079
v 0.4397 0.0859 -3.2668
v 0.4397 0.1500 -3.2522
v 0.0009 0.1500 -3.2522
v 0.0009 0.0859 -3.2668
v 0.4397 0.1500 -3.2522
v 0.4397 0.2141 -3.2668
v 0.0009 0.2141 -3.2668
v 0.0009 0.1500 -3.2522
v 0.4397 0.2141 -3.2668
v 0.4397 0.2656 -3.3079
v 0.0009 0.2656 -3.3079
v 0.0009 0.2141 -3.2668
v 0.4397 0.2656 -3.3079
v 0.4397 0.2941 -3.3671
v 0.0009 0.2941 -3.3671
v 0.0009 0.2656 -3.3079
v 0.4397 0.2941 -3.3671
v 0.4397 0.2941 -3.4329
v 0.0009 0.2941 -3.4329
v 0.0009 0.2941 -3.3671
v 0.4397 0.2941 -3.4329
v 0.4397 0.2656 -3.4922
v 0.0009 0.2656 -3.4922
v 0.0009 0.2941 -3.4329
v 0.4397 0.2656 -3.4922
v 0.4397 0.2141 -3.5332
v 0.0009 0.2141 -3.5332
v 0.0009 0.2656 -3.4922
v 0.4397 0.2141 -3.5332
v 0.4397 0.1500 -3.5478
v 0.0009 0.1500 -3.5478
v 0.0009 0.2141 -3.5332
v 0.4397 0.1500 -3.5478
v 0.4397 0.0859 -3.5332
v 0.0009 0.0859 -3.5332
v 0.0009 0.1500 -3.5478
v 0.7140 -0.2616 -3.0718
v 0.7140 -0.3632 -3.5172
v 0.7140 -0.3632 -3.2829
v 0.7140 -0.2616 -3.7282
v 0.7140 -0.0784 -2.9257
v 0.7140 -0.0784 -3.8743
v 0.7140 0.1500 -2.8736
v 0.7140 0.1500 -3.9264
v 0.7140 0.3784 -2.9257
v 0.7140 0.3784 -3.8743
v 0.7140 0.5616 -3.7282
v 0.7140 0.5616 -3.0718
v 0.7140 0.6632 -3.2829
v 0.7140 0.6632 -3.5172
v 0.9609 0.0392 -3.4884
v 0.9609 0.0118 -3.3685
v 0.9609 0.0118 -3.4316
v 0.9609 0.0392 -3.3116
v 0.9609 0.0885 -3.5277
v 0.9609 0.0885 -3.2723
v 0.9609 0.1500 -3.5418
v 0.9609 0.1500 -3.2583
v 0.9609 0.2115 -3.2723
v 0.9609 0.2115 -3.5277
v 0.9609 0.2608 -3.4884
v 0.9609 0.2608 -3.3116
v 0.9609 0.2882 -3.3685
v 0.9609 0.2882 -3.4316
v 0.6867 0.0392 -3.4884
v 0.6867 0.0118 -3.3685
v 0.6867 0.0118 -3.4316
v 0.6867 0.0392 -3.3116
v 0.6867 0.0885 -3.5277
v 0.6867 0.0885 -3.2723
v 0.6867 0.1500 -3.2583
v 0.6867 0.1500 -3.5418
v 0.6867 0.2115 -3.2723
v 0.6867 0.2115 -3.5277
v 0.6867 0.2608 -3.4884
v 0.6867 0.2608 -3.3116
v 0.6867 0.2882 -3.3685
v 0.6867 0.2882 -3.4316
v 0.9584 0.0079 -3.6951
v 0.9584 0.0079 -3.6951
v 0.9584 0.1500 -3.7276
v 0.9584 0.1500 -3.7276
v 0.9584 -0.1061 -3.6042
v 0.9584 -0.1061 -3.6042
v 0.9584 -0.1693 -3.4729
v 0.9584 -0.1693 -3.4729
v 0.9584 -0.1693 -3.3271
v 0.9584 -0.1693 -3.3271
v 0.9584 -0.1061 -3.1958
v 0.9584 -0.1061 -3.1958
v 0.9584 0.0079 -3.1049
v 0.9584 0.0079 -3.1049
v 0.9584 0.1500 -3.0725
v 0.9584 0.1500 -3.0725
v 0.9584 0.2921 -3.1049
v 0.9584 0.2921 -3.1049
v 0.9584 0.4061 -3.1958
v 0.9584 0.4061 -3.1958
v 0.9584 0.4693 -3.3271
v 0.9584 0.4693 -3.3271
v 0.9584 0.4693 -3.4729
v 0.9584 0.4693 -3.4729
v 0.9584 0.4061 -3.6042
v 0.9584 0.4061 -3.6042
v 0.9584 0.2921 -3.6951
v 0.9584 0.2921 -3.6951
v 0.8061 0.0885 -3.5277
v 0.8061 0.1500 -3.5418
v 0.8061 0.0392 -3.4884
v 0.8061 0.0392 -3.4884
v 0.8061 0.0118 -3.4316
v 0.8061 0.0118 -3.4316
v 0.8061 0.0118 -3.3685
v 0.8061 0.0118 -3.3685
v 0.8061 0.0392 -3.3116
v 0.8061 0.0392 -3.3116
v 0.8061 0.0885 -3.2723
v 0.8061 0.0885 -3.2723
v 0.8061 0.1500 -3.2583
v 0.8061 0.1500 -3.2583
v 0.8061 0.2115 -3.2723
v 0.8061 0.2115 -3.2723
v 0.8061 0.2608 -3.3116
v 0.8061 0.2608 -3.3116
v 0.8061 0.2882 -3.3685
v 0.8061 0.2882 -3.3685
v 0.8061 0.2882 -3.4316
v 0.8061 0.2882 -3.4316
v 0.8061 0.2608 -3.4884
v 0.8061 0.2608 -3.4884
v 0.8061 0.2115 -3.5277
v 0.8061 0.0079 -3.6951
v 0.8061 0.0079 -3.6951
v 0.8061 0.0079 -3.6951
v 0.8061 0.1500 -3.7276
v 0.8061 0.1500 -3.7276
v 0.8061 0.1500 -3.7276
v 0.8061 -0.1061 -3.6042
v 0.8061 -0.1061 -3.6042
v 0.8061 -0.1061 -3.6042
v 0.8061 -0.1061 -3.6042
v 0.8061 -0.1693 -3.4729
v 0.8061 -0.1693 -3.4729
v 0.8061 -0.1693 -3.4729
v 0.8061 -0.1693 -3.4729
v 0.8061 -0.1693 -3.3271
v 0.8061 -0.1693 -3.3271
v 0.8061 -0.1693 -3.3271
v 0.8061 -0.1693 -3.3271
v 0.8061 -0.1061 -3.1958
v 0.8061 -0.1061 -3.1958
v 0.8061 -0.1061 -3.1958
v 0.8061 -0.1061 -3.1958
v 0.8061 0.0079 -3.1049
v 0.8061 0.0079 -3.1049
v 0.8061 0.0079 -3.1049
v 0.8061 0.0079 -3.1049
v 0.8061 0.1500 -3.0725
v 0.8061 0.1500 -3.0725
v 0.8061 0.1500 -3.0725
v 0.8061 0.1500 -3.0725
v 0.8061 0.2921 -3.1049
v 0.8061 0.2921 -3.1049
v 0.8061 0.2921 -3.1049
v 0.8061 0.2921 -3.1049
v 0.8061 0.4061 -3.1958
v 0.8061 0.4061 -3.1958
v 0.8061 0.4061 -3.1958
v 0.8061 0.4061 -3.1958
v 0.8061 0.4693 -3.3271
v 0.8061 0.4693 -3.3271
v 0.8061 0.4693 -3.3271
v 0.8061 0.4693 -3.3271
v 0.8061 0.4693 -3.4729
v 0.8061 0.4693 -3.4729
v 0.8061 0.4693 -3.4729
v 0.8061 0.4693 -3.4729
v 0.8061 0.4061 -3.6042
v 0.8061 0.4061 -3.6042
v 0.8061 0.4061 -3.6042
v 0.8061 0.4061 -3.6042
v 0.8061 0.2921 -3.6951
v 0.8061 0.2921 -3.6951
v 0.8061 0.2921 -3.6951
v 0.8011 0.3326 -3.3734
v 0.8461 0.3326 -3.3734
v 0.8461 0.3926 -3.3734
v 0.8011 0.3926 -3.3734
v 0.8011 0.3326 -3.3134
v 0.8461 0.3326 -3.3134
v 0.8461 0.3926 -3.3134
v 0.8011 0.3926 -3.3134
v 0.8011 0.1773 -3.2176
v 0.8461 0.1773 -3.2176
v 0.8461 0.2373 -3.2176
v 0.8011 0.2373 -3.2176
v 0.8011 0.1773 -3.1576
v 0.8461 0.1773 -3.1576
v 0.8461 0.2373 -3.1576
v 0.8011 0.2373 -3.1576
v 0.8011 -0.0353 -3.2742
v 0.8461 -0.0353 -3.2742
v 0.8461 0.0247 -3.2742
v 0.8011 0.0247 -3.2742
v 0.8011 -0.0353 -3.2142
v 0.8461 -0.0353 -3.2142
v 0.8461 0.0247 -3.2142
v 0.8011 0.0247 -3.2142
v 0.8011 -0.0926 -3.4866
v 0.8461 -0.0926 -3.4866
v 0.8461 -0.0326 -3.4866
v 0.8011 -0.0326 -3.4866
v 0.8011 -0.0926 -3.4266
v 0.8461 -0.0926 -3.4266
v 0.8461 -0.0326 -3.4266
v 0.8011 -0.0326 -3.4266
v 0.8011 0.0627 -3.6424
v 0.8461 0.0627 -3.6424
v 0.8461 0.1227 -3.6424
v 0.8011 0.1227 -3.6424
v 0.8011 0.0627 -3.5824
v 0.8461 0.0627 -3.5824
v 0.8461 0.1227 -3.5824
v 0.8011 0.1227 -3.5824
v 0.8011 0.2753 -3.5858
v 0.8461 0.2753 -3.5858
v 0.8461 0.3353 -3.5858
v 0.8011 0.3353 -3.5858
v 0.8011 0.2753 -3.5258
v 0.8461 0.2753 -3.5258
v 0.8461 0.3353 -3.5258
v 0.8011 0.3353 -3.5258
vt 0.06250 0.06250
vt 0.18750 0.06250
vt 0.31250 0.06250
vt 0.43750 0.06250
vt 0.56250 0.06250
vt 0.68750 0.06250
vt 0.81250 0.06250
vt 0.93750 0.06250
vt 0.06250 0.18750
vt 0.18750 0.18750
vt 0.31250 0.18750
vt 0.43750 0.18750
vt 0.56250 0.18750
vt 0.68750 0.18750
vt 0.81250 0.18750
vt 0.93750 0.18750
vt 0.06250 0.31250
vt 0.18750 0.31250
vt 0.31250 0.31250
vt 0.43750 0.31250
vt 0.56250 0.31250
vt 0.68750 0.31250
f 329/23 330/23 331/23
f 329/23 331/23 332/23
f 333/23 334/23 335/23
f 333/23 335/23 336/23
f 337/23 338/23 339/23
f 337/23 339/23 340/23
f 341/23 342/23 343/23
f 341/23 343/23 344/23
f 345/23 346/23 347/23
f 345/23 347/23 348/23
f 349/23 350/23 351/23
f 349/23 351/23 352/23
f 353/23 354/23 355/23
f 353/23 355/23 356/23
f 357/23 358/23 359/23
f 357/23 359/23 360/23
f 361/23 362/23 363/23
f 361/23 363/23 364/23
f 365/23 366/23 367/23
f 365/23 367/23 368/23
f 369/23 370/23 371/23
f 369/23 371/23 372/23
f 373/23 374/23 375/23
f 373/23 375/23 376/23
f 377/23 378/23 379/23
f 377/23 379/23 380/23
f 381/23 382/23 383/23
f 381/23 383/23 384/23
f 385/23 386/23 387/23
f 385/23 387/23 388/23
f 389/23 390/23 391/23
f 389/23 391/23 392/23
f 393/23 394/23 395/23
f 393/23 395/23 396/23
f 397/23 398/23 399/23
f 397/23 399/23 400/23
f 401/23 402/23 403/23
f 401/23 403/23 404/23
f 405/23 406/23 407/23
f 405/23 407/23 408/23
f 409/23 410/23 411/23
f 409/23 411/23 412/23
f 413/23 414/23 415/23
f 413/23 415/23 416/23
f 417/23 418/23 419/23
f 417/23 419/23 420/23
f 421/23 422/23 423/23
f 421/23 423/23 424/23
f 425/23 426/23 427/23
f 425/23 427/23 428/23
f 429/23 430/23 431/23
f 429/23 431/23 432/23
f 433/23 434/23 435/23
f 433/23 435/23 436/23
f 437/23 438/23 439/23
f 437/23 439/23 440/23
f 441/23 442/23 443/23
f 441/23 443/23 444/23
f 445/23 446/23 447/23
f 445/23 447/23 448/23
f 449/23 450/23 451/23
f 449/23 451/23 452/23
f 450/23 453/23 454/23
f 450/23 454/23 451/23
f 455/23 456/23 457/23
f 455/23 457/23 458/23
f 459/23 460/23 461/23
f 459/23 461/23 462/23
f 460/23 463/23 464/23
f 460/23 464/23 461/23
f 463/23 465/23 466/23
f 463/23 466/23 464/23
f 465/23 467/23 468/23
f 465/23 468/23 466/23
f 469/23 470/23 471/23
f 469/23 471/23 472/23
f 473/23 474/23 475/23
f 473/23 475/23 476/23
f 477/23 478/23 479/23
f 477/23 479/23 480/23
f 481/23 482/23 483/23
f 481/23 483/23 484/23
f 485/23 441/23 444/23
f 485/23 444/23 486/23
f 487/23 488/23 489/23
f 487/23 489/23 490/23
f 491/23 492/23 493/23
f 491/23 493/23 494/23
f 495/23 496/23 497/23
f 495/23 497/23 498/23
f 499/23 500/23 501/23
f 499/23 501/23 502/23
f 503/23 504/23 505/23
f 503/23 505/23 506/23
f 507/23 508/23 509/23
f 507/23 509/23 510/23
f 511/23 512/23 513/23
f 511/23 513/23 514/23
f 515/23 516/23 517/23
f 515/23 517/23 518/23
f 519/23 520/23 521/23
f 519/23 521/23 522/23
f 523/23 524/23 525/23
f 523/23 525/23 526/23
f 527/23 528/23 529/23
f 527/23 529/23 530/23
f 531/23 532/23 533/23
f 531/23 533/23 534/23
f 535/23 536/23 537/23
f 535/23 537/23 538/23
f 539/23 540/23 541/23
f 539/23 541/23 542/23
f 543/23 544/23 545/23
f 543/23 545/23 546/23
f 547/23 548/23 549/23
f 547/23 549/23 550/23
f 551/23 552/23 553/23
f 551/23 553/23 554/23
f 555/23 556/23 557/23
f 555/23 557/23 558/23
f 559/23 560/23 561/23
f 559/23 561/23 562/23
f 563/23 564/23 565/23
f 563/23 565/23 566/23
f 567/23 568/23 569/23
f 567/23 569/23 570/23
f 571/23 572/23 573/23
f 571/23 573/23 574/23
f 575/23 576/23 577/23
f 575/23 577/23 578/23
f 579/23 580/23 581/23
f 579/23 581/23 582/23
f 583/23 584/23 585/23
f 583/23 585/23 586/23
f 587/23 588/23 589/23
f 587/23 589/23 590/23
f 591/23 592/23 593/23
f 591/23 593/23 594/23
f 595/23 596/23 597/23
f 595/23 597/23 598/23
f 599/23 600/23 601/23
f 599/23 601/23 602/23
f 603/23 604/23 605/23
f 603/23 605/23 606/23
f 607/23 608/23 609/23
f 607/23 609/23 610/23
f 611/23 612/23 613/23
f 611/23 613/23 614/23
f 615/23 616/23 617/23
f 615/23 617/23 618/23
f 619/23 620/23 621/23
f 619/23 621/23 622/23
f 623/23 624/23 625/23
f 623/23 625/23 626/23
f 627/23 628/23 629/23
f 627/23 629/23 630/23
f 631/23 632/23 633/23
f 631/23 633/23 634/23
f 635/23 636/23 637/23
f 635/23 637/23 638/23
f 639/23 640/23 641/23
f 639/23 641/23 642/23
f 643/23 644/23 645/23
f 643/23 645/23 646/23
f 647/23 648/23 649/23
f 647/23 649/23 650/23
f 651/23 652/23 653/23
f 651/23 653/23 654/23
f 655/23 656/23 657/23
f 655/23 657/23 658/23
f 659/23 660/23 661/23
f 659/23 661/23 662/23
f 663/23 664/23 665/23
f 663/23 665/23 666/23
f 667/23 668/23 669/23
f 667/23 669/23 670/23
f 671/23 672/23 673/23
f 671/23 673/23 674/23
f 675/23 676/23 677/23
f 675/23 677/23 678/23
f 679/23 680/23 681/23
f 679/23 681/23 682/23
f 683/23 684/23 685/23
f 683/23 685/23 686/23
f 687/23 688/23 689/23
f 687/23 689/23 690/23
f 691/23 692/23 693/23
f 691/23 693/23 694/23
f 695/23 696/23 697/23
f 695/23 697/23 698/23
f 699/23 700/23 701/23
f 699/23 701/23 702/23
f 703/23 704/23 705/23
f 703/23 705/23 706/23
f 707/23 708/23 709/23
f 707/23 709/23 710/23
f 711/23 712/23 713/23
f 711/23 713/23 714/23
f 715/23 716/23 717/23
f 715/23 717/23 718/23
f 719/23 720/23 721/23
f 719/23 721/23 722/23
f 723/23 724/23 725/23
f 723/23 725/23 726/23
f 724/23 727/23 728/23
f 724/23 728/23 725/23
f 729/23 730/23 731/23
f 729/23 731/23 732/23
f 733/23 734/23 735/23
f 733/23 735/23 736/23
f 737/23 738/23 739/23
f 737/23 739/23 740/23
f 738/23 741/23 742/23
f 738/23 742/23 739/23
f 743/23 744/23 745/23
f 743/23 745/23 746/23
f 747/23 748/23 749/23
f 747/23 749/23 750/23
f 751/23 752/23 753/23
f 751/23 753/23 754/23
f 755/23 756/23 757/23
f 755/23 757/23 758/23
f 759/23 760/23 761/23
f 759/23 761/23 762/23
f 763/23 764/23 765/23
f 763/23 765/23 766/23
f 767/23 768/23 769/23
f 767/23 769/23 770/23
f 771/23 772/23 773/23
f 771/23 773/23 774/23
f 775/23 776/23 777/23
f 775/23 777/23 778/23
f 779/23 780/23 781/23
f 779/23 781/23 782/23
f 783/23 784/23 785/23
f 783/23 785/23 786/23
f 787/23 788/23 789/23
f 787/23 789/23 790/23
f 791/23 792/23 793/23
f 791/23 793/23 794/23
f 795/23 796/23 797/23
f 795/23 797/23 798/23
f 799/23 800/23 801/23
f 799/23 801/23 802/23
f 803/23 804/23 805/23
f 803/23 805/23 806/23
f 807/23 808/23 809/23
f 807/23 809/23 810/23
f 811/23 812/23 813/23
f 811/23 813/23 814/23
f 815/23 816/23 817/23
f 815/23 817/23 818/23
f 819/23 820/23 821/23
f 819/23 821/23 822/23
f 823/23 824/23 825/23
f 823/23 825/23 826/23
f 827/23 828/23 829/23
f 827/23 829/23 830/23
f 831/23 832/23 833/23
f 831/23 833/23 834/23
f 835/23 836/23 837/23
f 835/23 837/23 838/23
f 839/23 840/23 841/23
f 839/23 841/23 842/23
f 843/23 844/23 845/23
f 843/23 845/23 846/23
f 847/23 848/23 849/23
f 847/23 849/23 850/23
f 851/23 852/23 853/23
f 851/23 853/23 854/23
f 855/23 856/23 857/23
f 855/23 857/23 858/23
f 859/23 860/23 861/23
f 859/23 861/23 862/23
f 863/23 864/23 865/23
f 863/23 865/23 866/23
f 867/23 868/23 869/23
f 867/23 869/23 870/23
f 871/23 872/23 873/23
f 871/23 873/23 874/23
f 875/23 876/23 877/23
f 875/23 877/23 878/23
f 879/23 880/23 881/23
f 879/23 881/23 882/23
f 883/23 884/23 885/23
f 883/23 885/23 886/23
f 887/23 888/23 889/23
f 887/23 889/23 890/23
f 891/23 892/23 893/23
f 891/23 893/23 894/23
f 895/23 896/23 897/23
f 895/23 897/23 898/23
f 899/23 900/23 901/23
f 899/23 901/23 902/23
f 903/23 904/23 905/23
f 903/23 905/23 906/23
f 904/23 907/23 908/23
f 904/23 908/23 905/23
f 909/23 910/23 911/23
f 909/23 911/23 912/23
f 913/23 914/23 915/23
f 913/23 915/23 916/23
f 917/23 918/23 919/23
f 917/23 919/23 920/23
f 921/23 922/23 923/23
f 921/23 923/23 924/23
f 925/23 926/23 927/23
f 925/23 927/23 928/23
f 929/23 930/23 931/23
f 929/23 931/23 932/23
f 933/23 934/23 935/23
f 933/23 935/23 936/23
f 937/23 938/23 939/23
f 937/23 939/23 940/23
f 941/23 942/23 943/23
f 941/23 943/23 944/23
f 945/23 946/23 947/23
f 945/23 947/23 948/23
f 949/23 950/23 951/23
f 949/23 951/23 952/23
f 953/23 954/23 955/23
f 953/23 955/23 956/23
f 957/23 958/23 959/23
f 957/23 959/23 960/23
f 961/23 962/23 963/23
f 961/23 963/23 964/23
f 965/23 966/23 967/23
f 965/23 967/23 968/23
f 969/23 970/23 971/23
f 969/23 971/23 972/23
f 973/23 974/23 975/23
f 973/23 975/23 976/23
f 977/23 978/23 979/23
f 977/23 979/23 980/23
f 981/23 982/23 983/23
f 981/23 983/23 984/23
f 985/23 986/23 987/23
f 985/23 987/23 988/23
f 989/23 990/23 991/23
f 989/23 991/23 992/23
f 993/23 994/23 995/23
f 993/23 995/23 996/23
f 997/23 998/23 999/23
f 997/23 999/23 1000/23
f 1001/23 1002/23 1003/23
f 1001/23 1003/23 1004/23
f 1005/23 1006/23 1007/23
f 1005/23 1007/23 1008/23
f 1009/23 1010/23 1011/23
f 1009/23 1011/23 1012/23
f 1013/23 1014/23 1015/23
f 1013/23 1015/23 1016/23
f 1017/23 1018/23 1019/23
f 1017/23 1019/23 1020/23
f 1021/23 1022/23 1023/23
f 1021/23 1023/23 1024/23
f 1025/23 1026/23 1027/23
f 1025/23 1027/23 1028/23
f 1029/23 1030/23 1031/23
f 1029/23 1031/23 1032/23
f 1033/23 1034/23 1035/23
f 1033/23 1035/23 1036/23
f 1037/23 1038/23 1039/23
f 1037/23 1039/23 1040/23
f 1041/23 1042/23 1043/23
f 1041/23 1043/23 1044/23
f 1045/23 1046/23 1047/23
f 1045/23 1047/23 1048/23
f 1049/23 1050/23 1051/23
f 1049/23 1051/23 1052/23
f 1053/23 1054/23 1055/23
f 1053/23 1055/23 1056/23
f 1057/23 1058/23 1059/23
f 1057/23 1059/23 1060/23
f 1061/23 1062/23 1063/23
f 1061/23 1063/23 1064/23
f 1065/23 1066/23 1067/23
f 1065/23 1067/23 1068/23
f 1069/23 1070/23 1071/23
f 1069/23 1071/23 1072/23
f 1073/23 1074/23 1075/23
f 1073/23 1075/23 1076/23
f 1077/23 1078/23 1079/23
f 1077/23 1079/23 1080/23
f 1081/23 1082/23 1083/23
f 1081/23 1083/23 1084/23
f 1085/23 1086/23 1087/23
f 1085/23 1087/23 1088/23
f 1089/23 1090/23 1091/23
f 1089/23 1091/23 1092/23
f 1093/23 1094/23 1095/23
f 1093/23 1095/23 1096/23
f 1097/23 1098/23 1099/23
f 1098/23 1097/23 1100/23
f 1100/23 1097/23 1101/23
f 1100/23 1101/23 1102/23
f 1102/23 1101/23 1103/23
f 1102/23 1103/23 1104/23
f 1104/23 1103/23 1105/23
f 1104/23 1105/23 1106/23
f 1106/23 1105/23 1107/23
f 1107/23 1105/23 1108/23
f 1107/23 1108/23 1109/23
f 1107/23 1109/23 1110/23
f 1111/23 1112/23 1113/23
f 1112/23 1111/23 1114/23
f 1114/23 1111/23 1115/23
f 1114/23 1115/23 1116/23
f 1116/23 1115/23 1117/23
f 1116/23 1117/23 1118/23
f 1118/23 1117/23 1119/23
f 1119/23 1117/23 1120/23
f 1119/23 1120/23 1121/23
f 1119/23 1121/23 1122/23
f 1122/23 1121/23 1123/23
f 1123/23 1121/23 1124/23
f 1125/23 1126/23 1127/23
f 1126/23 1125/23 1128/23
f 1128/23 1125/23 1129/23
f 1128/23 1129/23 1130/23
f 1130/23 1129/23 1131/23
f 1131/23 1129/23 1132/23
f 1131/23 1132/23 1133/23
f 1133/23 1132/23 1134/23
f 1133/23 1134/23 1135/23
f 1133/23 1135/23 1136/23
f 1136/23 1135/23 1137/23
f 1137/23 1135/23 1138/23
f 1163/40 1162/40 1235/40
f 1163/40 1235/40 1238/40
f 1150/40 1147/40 1206/40
f 1150/40 1206/40 1211/40
f 1165/40 1164/40 1239/40
f 1165/40 1239/40 1242/40
f 1152/40 1149/40 1210/40
f 1152/40 1210/40 1215/40
f 1142/40 1166/40 1243/40
f 1142/40 1243/40 1196/40
f 1153/40 1151/40 1214/40
f 1153/40 1214/40 1218/40
f 1156/40 1154/40 1219/40
f 1156/40 1219/40 1223/40
f 1139/40 1141/40 1195/40
f 1139/40 1195/40 1192/40
f 1158/40 1155/40 1222/40
f 1158/40 1222/40 1227/40
f 1143/40 1140/40 1193/40
f 1143/40 1193/40 1198/40
f 1160/40 1157/40 1226/40
f 1160/40 1226/40 1231/40
f 1145/40 1144/40 1199/40
f 1145/40 1199/40 1202/40
f 1161/40 1159/40 1230/40
f 1161/40 1230/40 1234/40
f 1148/40 1146/40 1203/40
f 1148/40 1203/40 1207/40
f 1168/40 1167/40 1194/40
f 1168/40 1194/40 1197/40
f 1167/40 1169/40 1200/40
f 1167/40 1200/40 1194/40
f 1170/40 1171/40 1204/40
f 1170/40 1204/40 1201/40
f 1172/40 1174/40 1209/40
f 1172/40 1209/40 1205/40
f 1173/40 1176/40 1213/40
f 1173/40 1213/40 1208/40
f 1175/40 1177/40 1216/40
f 1175/40 1216/40 1212/40
f 1178/40 1179/40 1220/40
f 1178/40 1220/40 1217/40
f 1180/40 1182/40 1225/40
f 1180/40 1225/40 1221/40
f 1181/40 1183/40 1228/40
f 1181/40 1228/40 1224/40
f 1184/40 1186/40 1233/40
f 1184/40 1233/40 1229/40
f 1185/40 1188/40 1237/40
f 1185/40 1237/40 1232/40
f 1187/40 1189/40 1240/40
f 1187/40 1240/40 1236/40
f 1190/40 1191/40 1244/40
f 1190/40 1244/40 1241/40
f 1191/40 1168/40 1197/40
f 1191/40 1197/40 1244/40
f 1245/32 1248/32 1247/32
f 1245/32 1247/32 1246/32
f 1249/32 1250/32 1251/32
f 1249/32 1251/32 1252/32
f 1245/32 1249/32 1252/32
f 1245/32 1252/32 1248/32
f 1246/32 1247/32 1251/32
f 1246/32 1251/32 1250/32
f 1245/32 1246/32 1250/32
f 1245/32 1250/32 1249/32
f 1248/32 1252/32 1251/32
f 1248/32 1251/32 1247/32
f 1253/32 1256/32 1255/32
f 1253/32 1255/32 1254/32
f 1257/32 1258/32 1259/32
f 1257/32 1259/32 1260/32
f 1253/32 1257/32 1260/32
f 1253/32 1260/32 1256/32
f 1254/32 1255/32 1259/32
f 1254/32 1259/32 1258/32
f 1253/32 1254/32 1258/32
f 1253/32 1258/32 1257/32
f 1256/32 1260/32 1259/32
f 1256/32 1259/32 1255/32
f 1261/32 1264/32 1263/32
f 1261/32 1263/32 1262/32
f 1265/32 1266/32 1267/32
f 1265/32 1267/32 1268/32
f 1261/32 1265/32 1268/32
f 1261/32 1268/32 1264/32
f 1262/32 1263/32 1267/32
f 1262/32 1267/32 1266/32
f 1261/32 1262/32 1266/32
f 1261/32 1266/32 1265/32
f 1264/32 1268/32 1267/32
f 1264/32 1267/32 1263/32
f 1269/32 1272/32 1271/32
f 1269/32 1271/32 1270/32
f 1273/32 1274/32 1275/32
f 1273/32 1275/32 1276/32
f 1269/32 1273/32 1276/32
f 1269/32 1276/32 1272/32
f 1270/32 1271/32 1275/32
f 1270/32 1275/32 1274/32
f 1269/32 1270/32 1274/32
f 1269/32 1274/32 1273/32
f 1272/32 1276/32 1275/32
f 1272/32 1275/32 1271/32
f 1277/32 1280/32 1279/32
f 1277/32 1279/32 1278/32
f 1281/32 1282/32 1283/32
f 1281/32 1283/32 1284/32
f 1277/32 1281/32 1284/32
f 1277/32 1284/32 1280/32
f 1278/32 1279/32 1283/32
f 1278/32 1283/32 1282/32
f 1277/32 1278/32 1282/32
f 1277/32 1282/32 1281/32
f 1280/32 1284/32 1283/32
f 1280/32 1283/32 1279/32
f 1285/32 1288/32 1287/32
f 1285/32 1287/32 1286/32
f 1289/32 1290/32 1291/32
f 1289/32 1291/32 1292/32
f 1285/32 1289/32 1292/32
f 1285/32 1292/32 1288/32
f 1286/32 1287/32 1291/32
f 1286/32 1291/32 1290/32
f 1285/32 1286/32 1290/32
f 1285/32 1290/32 1289/32
f 1288/32 1292/32 1291/32
f 1288/32 1291/32 1287/32
v -0.4397 0.0859 -3.5338
v -0.0009 0.0859 -3.5338
v -0.0009 0.0344 -3.4928
v -0.4397 0.0344 -3.4928
v -0.4397 0.0344 -3.4928
v -0.0009 0.0344 -3.4928
v -0.0009 0.0059 -3.4335
v -0.4397 0.0059 -3.4335
v -0.4397 0.0059 -3.4335
v -0.0009 0.0059 -3.4335
v -0.0009 0.0059 -3.3677
v -0.4397 0.0059 -3.3677
v -0.4397 0.0059 -3.3677
v -0.0009 0.0059 -3.3677
v -0.0009 0.0344 -3.3085
v -0.4397 0.0344 -3.3085
v -0.4397 0.0344 -3.3085
v -0.0009 0.0344 -3.3085
v -0.0009 0.0859 -3.2674
v -0.4397 0.0859 -3.2674
v -0.4397 0.0859 -3.2674
v -0.0009 0.0859 -3.2674
v -0.0009 0.1500 -3.2528
v -0.4397 0.1500 -3.2528
v -0.4397 0.1500 -3.2528
v -0.0009 0.1500 -3.2528
v -0.0009 0.2141 -3.2674
v -0.4397 0.2141 -3.2674
v -0.4397 0.2141 -3.2674
v -0.0009 0.2141 -3.2674
v -0.0009 0.2656 -3.3085
v -0.4397 0.2656 -3.3085
v -0.4397 0.2656 -3.3085
v -0.0009 0.2656 -3.3085
v -0.0009 0.2941 -3.3677
v -0.4397 0.2941 -3.3677
v -0.4397 0.2941 -3.3677
v -0.0009 0.2941 -3.3677
v -0.0009 0.2941 -3.4335
v -0.4397 0.2941 -3.4335
v -0.4397 0.2941 -3.4335
v -0.0009 0.2941 -3.4335
v -0.0009 0.2656 -3.4928
v -0.4397 0.2656 -3.4928
v -0.4397 0.2656 -3.4928
v -0.0009 0.2656 -3.4928
v -0.0009 0.2141 -3.5338
v -0.4397 0.2141 -3.5338
v -0.4397 0.2141 -3.5338
v -0.0009 0.2141 -3.5338
v -0.0009 0.1500 -3.5484
v -0.4397 0.1500 -3.5484
v -0.4397 0.1500 -3.5484
v -0.0009 0.1500 -3.5484
v -0.0009 0.0859 -3.5338
v -0.4397 0.0859 -3.5338
v -0.0009 0.0344 -3.4928
v -0.0009 0.0059 -3.3677
v -0.0009 0.0059 -3.4335
v -0.0009 0.0344 -3.3085
v -0.0009 0.0859 -3.5338
v -0.0009 0.0859 -3.2674
v -0.0009 0.1500 -3.2528
v -0.0009 0.1500 -3.5484
v -0.0009 0.2141 -3.5338
v -0.0009 0.2141 -3.2674
v -0.0009 0.2656 -3.4928
v -0.0009 0.2656 -3.3085
v -0.0009 0.2941 -3.4335
v -0.0009 0.2941 -3.3677
v -0.7140 0.1500 -3.9265
v -0.7140 -0.0784 -3.8743
v -0.9424 -0.0784 -3.8743
v -0.9424 0.1500 -3.9265
v -0.7140 -0.0784 -3.8743
v -0.7140 -0.2616 -3.7283
v -0.9424 -0.2616 -3.7283
v -0.9424 -0.0784 -3.8743
v -0.7140 -0.2616 -3.7283
v -0.7140 -0.3632 -3.5172
v -0.9424 -0.3632 -3.5172
v -0.9424 -0.2616 -3.7283
v -0.7140 -0.3632 -3.5172
v -0.7140 -0.3632 -3.2829
v -0.9424 -0.3632 -3.2829
v -0.9424 -0.3632 -3.5172
v -0.7140 -0.3632 -3.2829
v -0.7140 -0.2616 -3.0718
v -0.9424 -0.2616 -3.0718
v -0.9424 -0.3632 -3.2829
v -0.7140 -0.2616 -3.0718
v -0.7140 -0.0784 -2.9257
v -0.9424 -0.0784 -2.9257
v -0.9424 -0.2616 -3.0718
v -0.7140 -0.0784 -2.9257
v -0.7140 0.1500 -2.8736
v -0.9424 0.1500 -2.8736
v -0.9424 -0.0784 -2.9257
v -0.7140 0.1500 -2.8736
v -0.7140 0.3784 -2.9257
v -0.9424 0.3784 -2.9257
v -0.9424 0.1500 -2.8736
v -0.7140 0.3784 -2.9257
v -0.7140 0.5616 -3.0718
v -0.9424 0.5616 -3.0718
v -0.9424 0.3784 -2.9257
v -0.7140 0.5616 -3.0718
v -0.7140 0.6632 -3.2829
v -0.9424 0.6632 -3.2829
v -0.9424 0.5616 -3.0718
v -0.7140 0.6632 -3.2829
v -0.7140 0.6632 -3.5172
v -0.9424 0.6632 -3.5172
v -0.9424 0.6632 -3.2829
v -0.7140 0.6632 -3.5172
v -0.7140 0.5616 -3.7283
v -0.9424 0.5616 -3.7283
v -0.9424 0.6632 -3.5172
v -0.9424 0.5616 -3.7283
v -0.9791 0.5361 -3.7079
v -0.9791 0.6315 -3.5099
v -0.9424 0.6632 -3.5172
v -0.7140 0.5616 -3.7283
v -0.7140 0.3784 -3.8743
v -0.9424 0.3784 -3.8743
v -0.9424 0.5616 -3.7283
v -0.7140 0.3784 -3.8743
v -0.7140 0.1500 -3.9265
v -0.9424 0.1500 -3.9265
v -0.9424 0.3784 -3.8743
v -0.9424 -0.2616 -3.0718
v -0.9791 -0.2361 -3.0921
v -0.9791 -0.3315 -3.2901
v -0.9424 -0.3632 -3.2829
v -0.9424 0.6632 -3.2829
v -0.9791 0.6315 -3.2901
v -0.9791 0.5361 -3.0921
v -0.9424 0.5616 -3.0718
v -0.9424 -0.3632 -3.5172
v -0.9791 -0.3315 -3.5099
v -0.9791 -0.2361 -3.7079
v -0.9424 -0.2616 -3.7283
v -0.9424 0.3784 -2.9257
v -0.9791 0.3643 -2.9551
v -0.9791 0.1500 -2.9062
v -0.9424 0.1500 -2.8736
v -0.9424 -0.0784 -3.8743
v -0.9791 -0.0643 -3.8450
v -0.9791 0.1500 -3.8939
v -0.9424 0.1500 -3.9265
v -0.9424 0.3784 -3.8743
v -0.9791 0.3643 -3.8450
v -0.9791 0.5361 -3.7079
v -0.9424 0.5616 -3.7283
v -0.9424 -0.0784 -2.9257
v -0.9791 -0.0643 -2.9551
v -0.9791 -0.2361 -3.0921
v -0.9424 -0.2616 -3.0718
v -0.9424 0.6632 -3.5172
v -0.9791 0.6315 -3.5099
v -0.9791 0.6315 -3.2901
v -0.9424 0.6632 -3.2829
v -0.9424 -0.3632 -3.2829
v -0.9791 -0.3315 -3.2901
v -0.9791 -0.3315 -3.5099
v -0.9424 -0.3632 -3.5172
v -0.9424 0.5616 -3.0718
v -0.9791 0.5361 -3.0921
v -0.9791 0.3643 -2.9551
v -0.9424 0.3784 -2.9257
v -0.9424 0.1500 -3.9265
v -0.9791 0.1500 -3.8939
v -0.9791 0.3643 -3.8450
v -0.9424 0.3784 -3.8743
v -0.9424 -0.2616 -3.7283
v -0.9791 -0.2361 -3.7079
v -0.9791 -0.0643 -3.8450
v -0.9424 -0.0784 -3.8743
v -0.9424 0.1500 -2.8736
v -0.9791 0.1500 -2.9062
v -0.9791 -0.0643 -2.9551
v -0.9424 -0.0784 -2.9257
v -0.9791 0.1500 -3.7614
v -0.9791 0.1500 -3.8939
v -0.9791 -0.0643 -3.8450
v -0.9791 -0.0068 -3.7256
v -0.9791 -0.0068 -3.7256
v -0.9791 -0.0643 -3.8450
v -0.9791 -0.2361 -3.7079
v -0.9791 -0.1325 -3.6253
v -0.9791 -0.1325 -3.6253
v -0.9791 -0.2361 -3.7079
v -0.9791 -0.3315 -3.5099
v -0.9791 -0.2023 -3.4804
v -0.9791 -0.2023 -3.4804
v -0.9791 -0.3315 -3.5099
v -0.9791 -0.3315 -3.2901
v -0.9791 -0.2023 -3.3196
v -0.9791 -0.2361 -3.0921
v -0.9791 -0.1325 -3.1748
v -0.9791 -0.1325 -3.1748
v -0.9791 -0.2361 -3.0921
v -0.9791 -0.0643 -2.9551
v -0.9791 -0.0068 -3.0745
v -0.9791 -0.0068 -3.0745
v -0.9791 -0.0643 -2.9551
v -0.9791 0.1500 -2.9062
v -0.9791 0.1500 -3.0387
v -0.9791 0.1500 -3.0387
v -0.9791 0.1500 -2.9062
v -0.9791 0.3643 -2.9551
v -0.9791 0.3068 -3.0745
v -0.9791 0.5361 -3.0921
v -0.9791 0.4325 -3.1748
v -0.9791 0.4325 -3.1748
v -0.9791 0.5361 -3.0921
v -0.9791 0.6315 -3.2901
v -0.9791 0.5023 -3.3196
v -0.9791 0.5023 -3.3196
v -0.9791 0.6315 -3.2901
v -0.9791 0.6315 -3.5099
v -0.9791 0.5023 -3.4804
v -0.9791 0.5023 -3.4804
v -0.9791 0.6315 -3.5099
v -0.9791 0.5361 -3.7079
v -0.9791 0.4325 -3.6253
v -0.9791 0.4325 -3.6253
v -0.9791 0.5361 -3.7079
v -0.9791 0.3643 -3.8450
v -0.9791 0.3068 -3.7256
v -0.9791 0.3068 -3.7256
v -0.9791 0.3643 -3.8450
v -0.9791 0.1500 -3.8939
v -0.9791 0.1500 -3.7614
v -0.9584 0.1500 -3.7276
v -0.9791 0.1500 -3.7614
v -0.9791 -0.0068 -3.7256
v -0.9584 0.0079 -3.6951
v -0.9584 0.0079 -3.6951
v -0.9791 -0.0068 -3.7256
v -0.9791 -0.1325 -3.6253
v -0.9584 -0.1061 -3.6043
v -0.9584 -0.1061 -3.6043
v -0.9791 -0.1325 -3.6253
v -0.9791 -0.2023 -3.4804
v -0.9584 -0.1693 -3.4729
v -0.9584 -0.1693 -3.4729
v -0.9791 -0.2023 -3.4804
v -0.9791 -0.2023 -3.3196
v -0.9584 -0.1693 -3.3272
v -0.9584 -0.1693 -3.3272
v -0.9791 -0.2023 -3.3196
v -0.9791 -0.1325 -3.1748
v -0.9584 -0.1061 -3.1958
v -0.9584 -0.1061 -3.1958
v -0.9791 -0.1325 -3.1748
v -0.9791 -0.0068 -3.0745
v -0.9584 0.0079 -3.1049
v -0.9584 0.0079 -3.1049
v -0.9791 -0.0068 -3.0745
v -0.9791 0.1500 -3.0387
v -0.9584 0.1500 -3.0725
v -0.9584 0.1500 -3.0725
v -0.9791 0.1500 -3.0387
v -0.9791 0.3068 -3.0745
v -0.9584 0.2921 -3.1049
v -0.9584 0.2921 -3.1049
v -0.9791 0.3068 -3.0745
v -0.9791 0.4325 -3.1748
v -0.9584 0.4061 -3.1958
v -0.9584 0.4061 -3.1958
v -0.9791 0.4325 -3.1748
v -0.9791 0.5023 -3.3196
v -0.9584 0.4693 -3.3272
v -0.9584 0.4693 -3.3272
v -0.9791 0.5023 -3.3196
v -0.9791 0.5023 -3.4804
v -0.9584 0.4693 -3.4729
v -0.9584 0.4693 -3.4729
v -0.9791 0.5023 -3.4804
v -0.9791 0.4325 -3.6253
v -0.9584 0.4061 -3.6043
v -0.9584 0.4061 -3.6043
v -0.9791 0.4325 -3.6253
v -0.9791 0.3068 -3.7256
v -0.9584 0.2921 -3.6951
v -0.9584 0.2921 -3.6951
v -0.9791 0.3068 -3.7256
v -0.9791 0.1500 -3.7614
v -0.9584 0.1500 -3.7276
v -0.8061 0.2115 -3.2723
v -0.9609 0.2115 -3.2723
v -0.9609 0.1500 -3.2583
v -0.8061 0.1500 -3.2583
v -0.8061 0.0885 -3.5277
v -0.9609 0.0885 -3.5277
v -0.9609 0.1500 -3.5418
v -0.8061 0.1500 -3.5418
v -0.8061 0.2608 -3.3117
v -0.9609 0.2608 -3.3117
v -0.9609 0.2115 -3.2723
v -0.8061 0.2115 -3.2723
v -0.8061 0.0392 -3.4884
v -0.9609 0.0392 -3.4884
v -0.9609 0.0885 -3.5277
v -0.8061 0.0885 -3.5277
v -0.8061 0.2882 -3.3685
v -0.9609 0.2882 -3.3685
v -0.9609 0.2608 -3.3117
v -0.8061 0.2608 -3.3117
v -0.8061 0.0118 -3.4316
v -0.9609 0.0118 -3.4316
v -0.9609 0.0392 -3.4884
v -0.8061 0.0392 -3.4884
v -0.8061 0.2882 -3.4316
v -0.9609 0.2882 -3.4316
v -0.9609 0.2882 -3.3685
v -0.8061 0.2882 -3.3685
v -0.8061 0.0118 -3.3685
v -0.9609 0.0118 -3.3685
v -0.9609 0.0118 -3.4316
v -0.8061 0.0118 -3.4316
v -0.8061 0.2608 -3.4884
v -0.9609 0.2608 -3.4884
v -0.9609 0.2882 -3.4316
v -0.8061 0.2882 -3.4316
v -0.8061 0.0392 -3.3117
v -0.9609 0.0392 -3.3117
v -0.9609 0.0118 -3.3685
v -0.8061 0.0118 -3.3685
v -0.8061 0.2115 -3.5277
v -0.9609 0.2115 -3.5277
v -0.9609 0.2608 -3.4884
v -0.8061 0.2608 -3.4884
v -0.8061 0.0885 -3.2723
v -0.9609 0.0885 -3.2723
v -0.9609 0.0392 -3.3117
v -0.8061 0.0392 -3.3117
v -0.8061 0.1500 -3.5418
v -0.9609 0.1500 -3.5418
v -0.9609 0.2115 -3.5277
v -0.8061 0.2115 -3.5277
v -0.8061 0.1500 -3.2583
v -0.9609 0.1500 -3.2583
v -0.9609 0.0885 -3.2723
v -0.8061 0.0885 -3.2723
v -0.4397 0.1500 -3.9265
v -0.4397 -0.0784 -3.8743
v -0.6682 -0.0784 -3.8743
v -0.6682 0.1500 -3.9265
v -0.4397 -0.0784 -3.8743
v -0.4397 -0.2616 -3.7283
v -0.6682 -0.2616 -3.7283
v -0.6682 -0.0784 -3.8743
v -0.4397 -0.2616 -3.7283
v -0.4397 -0.3632 -3.5172
v -0.6682 -0.3632 -3.5172
v -0.6682 -0.2616 -3.7283
v -0.4397 -0.3632 -3.5172
v -0.4397 -0.3632 -3.2829
v -0.6682 -0.3632 -3.2829
v -0.6682 -0.3632 -3.5172
v -0.4397 -0.3632 -3.2829
v -0.4397 -0.2616 -3.0718
v -0.6682 -0.2616 -3.0718
v -0.6682 -0.3632 -3.2829
v -0.4397 -0.2616 -3.0718
v -0.4397 -0.0784 -2.9257
v -0.6682 -0.0784 -2.9257
v -0.6682 -0.2616 -3.0718
v -0.4397 -0.0784 -2.9257
v -0.4397 0.1500 -2.8736
v -0.6682 0.1500 -2.8736
v -0.6682 -0.0784 -2.9257
v -0.4397 0.1500 -2.8736
v -0.4397 0.3784 -2.9257
v -0.6682 0.3784 -2.9257
v -0.6682 0.1500 -2.8736
v -0.4397 0.3784 -2.9257
v -0.4397 0.5616 -3.0718
v -0.6682 0.5616 -3.0718
v -0.6682 0.3784 -2.9257
v -0.4397 0.5616 -3.0718
v -0.4397 0.6632 -3.2829
v -0.6682 0.6632 -3.2829
v -0.6682 0.5616 -3.0718
v -0.4397 0.6632 -3.2829
v -0.4397 0.6632 -3.5172
v -0.6682 0.6632 -3.5172
v -0.6682 0.6632 -3.2829
v -0.4397 0.6632 -3.5172
v -0.4397 0.5616 -3.7283
v -0.6682 0.5616 -3.7283
v -0.6682 0.6632 -3.5172
v -0.6682 0.5616 -3.7283
v -0.7049 0.5361 -3.7079
v -0.7049 0.6315 -3.5099
v -0.6682 0.6632 -3.5172
v -0.4397 0.5616 -3.7283
v -0.4397 0.3784 -3.8743
v -0.6682 0.3784 -3.8743
v -0.6682 0.5616 -3.7283
v -0.4397 0.3784 -3.8743
v -0.4397 0.1500 -3.9265
v -0.6682 0.1500 -3.9265
v -0.6682 0.3784 -3.8743
v -0.4397 -0.2616 -3.0718
v -0.4397 0.0344 -3.3079
v -0.4397 0.0859 -3.2669
v -0.4397 -0.0784 -2.9257
v -0.6841 0.4061 -3.6043
v -0.5319 0.4061 -3.6043
v -0.5319 0.4693 -3.4729
v -0.6841 0.4693 -3.4729
v -0.6682 -0.2616 -3.0718
v -0.7049 -0.2361 -3.0921
v -0.7049 -0.3315 -3.2901
v -0.6682 -0.3632 -3.2829
v -0.6682 0.6632 -3.2829
v -0.7049 0.6315 -3.2901
v -0.7049 0.5361 -3.0921
v -0.6682 0.5616 -3.0718
v -0.6682 -0.3632 -3.5172
v -0.7049 -0.3315 -3.5099
v -0.7049 -0.2361 -3.7079
v -0.6682 -0.2616 -3.7283
v -0.6682 0.3784 -2.9257
v -0.7049 0.3643 -2.9551
v -0.7049 0.1500 -2.9062
v -0.6682 0.1500 -2.8736
v -0.6682 -0.0784 -3.8743
v -0.7049 -0.0643 -3.8450
v -0.7049 0.1500 -3.8939
v -0.6682 0.1500 -3.9265
v -0.6682 0.3784 -3.8743
v -0.7049 0.3643 -3.8450
v -0.7049 0.5361 -3.7079
v -0.6682 0.5616 -3.7283
v -0.6682 -0.0784 -2.9257
v -0.7049 -0.0643 -2.9551
v -0.7049 -0.2361 -3.0921
v -0.6682 -0.2616 -3.0718
v -0.6682 0.6632 -3.5172
v -0.7049 0.6315 -3.5099
v -0.7049 0.6315 -3.2901
v -0.6682 0.6632 -3.2829
v -0.6682 -0.3632 -3.2829
v -0.7049 -0.3315 -3.2901
v -0.7049 -0.3315 -3.5099
v -0.6682 -0.3632 -3.5172
v -0.6682 0.5616 -3.0718
v -0.7049 0.5361 -3.0921
v -0.7049 0.3643 -2.9551
v -0.6682 0.3784 -2.9257
v -0.6682 0.1500 -3.9265
v -0.7049 0.1500 -3.8939
v -0.7049 0.3643 -3.8450
v -0.6682 0.3784 -3.8743
v -0.6682 -0.2616 -3.7283
v -0.7049 -0.2361 -3.7079
v -0.7049 -0.0643 -3.8450
v -0.6682 -0.0784 -3.8743
v -0.6682 0.1500 -2.8736
v -0.7049 0.1500 -2.9062
v -0.7049 -0.0643 -2.9551
v -0.6682 -0.0784 -2.9257
v -0.7049 0.1500 -3.7614
v -0.7049 0.1500 -3.8939
v -0.7049 -0.0643 -3.8450
v -0.7049 -0.0068 -3.7256
v -0.7049 -0.0068 -3.7256
v -0.7049 -0.0643 -3.8450
v -0.7049 -0.2361 -3.7079
v -0.7049 -0.1325 -3.6253
v -0.7049 -0.1325 -3.6253
v -0.7049 -0.2361 -3.7079
v -0.7049 -0.3315 -3.5099
v -0.7049 -0.2023 -3.4804
v -0.7049 -0.3315 -3.2901
v -0.7049 -0.2023 -3.3196
v -0.7049 -0.2361 -3.0921
v -0.7049 -0.1325 -3.1748
v -0.7049 -0.1325 -3.1748
v -0.7049 -0.2361 -3.0921
v -0.7049 -0.0643 -2.9551
v -0.7049 -0.0068 -3.0745
v -0.7049 -0.0068 -3.0745
v -0.7049 -0.0643 -2.9551
v -0.7049 0.1500 -2.9062
v -0.7049 0.1500 -3.0387
v -0.7049 0.1500 -3.0387
v -0.7049 0.1500 -2.9062
v -0.7049 0.3643 -2.9551
v -0.7049 0.3068 -3.0745
v -0.7049 0.3068 -3.0745
v -0.7049 0.3643 -2.9551
v -0.7049 0.5361 -3.0921
v -0.7049 0.4325 -3.1748
v -0.7049 0.4325 -3.1748
v -0.7049 0.5361 -3.0921
v -0.7049 0.6315 -3.2901
v -0.7049 0.5023 -3.3196
v -0.7049 0.6315 -3.5099
v -0.7049 0.5023 -3.4804
v -0.7049 0.5361 -3.7079
v -0.7049 0.4325 -3.6253
v -0.7049 0.4325 -3.6253
v -0.7049 0.5361 -3.7079
v -0.7049 0.3643 -3.8450
v -0.7049 0.3068 -3.7256
v -0.7049 0.3068 -3.7256
v -0.7049 0.3643 -3.8450
v -0.7049 0.1500 -3.8939
v -0.7049 0.1500 -3.7614
v -0.6841 0.1500 -3.7276
v -0.7049 0.1500 -3.7614
v -0.7049 -0.0068 -3.7256
v -0.6841 0.0079 -3.6951
v -0.6841 0.0079 -3.6951
v -0.7049 -0.0068 -3.7256
v -0.7049 -0.1325 -3.6253
v -0.6841 -0.1061 -3.6043
v -0.6841 -0.1061 -3.6043
v -0.7049 -0.1325 -3.6253
v -0.7049 -0.2023 -3.4804
v -0.6841 -0.1693 -3.4729
v -0.6841 -0.1693 -3.4729
v -0.7049 -0.2023 -3.4804
v -0.7049 -0.2023 -3.3196
v -0.6841 -0.1693 -3.3272
v -0.6841 -0.1693 -3.3272
v -0.7049 -0.2023 -3.3196
v -0.7049 -0.1325 -3.1748
v -0.6841 -0.1061 -3.1958
v -0.6841 -0.1061 -3.1958
v -0.7049 -0.1325 -3.1748
v -0.7049 -0.0068 -3.0745
v -0.6841 0.0079 -3.1049
v -0.6841 0.0079 -3.1049
v -0.7049 -0.0068 -3.0745
v -0.7049 0.1500 -3.0387
v -0.6841 0.1500 -3.0725
v -0.6841 0.1500 -3.0725
v -0.7049 0.1500 -3.0387
v -0.7049 0.3068 -3.0745
v -0.6841 0.2921 -3.1049
v -0.6841 0.2921 -3.1049
v -0.7049 0.3068 -3.0745
v -0.7049 0.4325 -3.1748
v -0.6841 0.4061 -3.1958
v -0.6841 0.4061 -3.1958
v -0.7049 0.4325 -3.1748
v -0.7049 0.5023 -3.3196
v -0.6841 0.4693 -3.3272
v -0.6841 0.4693 -3.3272
v -0.7049 0.5023 -3.3196
v -0.7049 0.5023 -3.4804
v -0.6841 0.4693 -3.4729
v -0.6841 0.4693 -3.4729
v -0.7049 0.5023 -3.4804
v -0.7049 0.4325 -3.6253
v -0.6841 0.4061 -3.6043
v -0.6841 0.4061 -3.6043
v -0.7049 0.4325 -3.6253
v -0.7049 0.3068 -3.7256
v -0.6841 0.2921 -3.6951
v -0.6841 0.2921 -3.6951
v -0.7049 0.3068 -3.7256
v -0.7049 0.1500 -3.7614
v -0.6841 0.1500 -3.7276
v -0.5319 0.2115 -3.2723
v -0.6867 0.2115 -3.2723
v -0.6867 0.1500 -3.2583
v -0.5319 0.1500 -3.2583
v -0.6841 -0.1061 -3.1958
v -0.5319 -0.1061 -3.1958
v -0.5319 -0.1693 -3.3272
v -0.6841 -0.1693 -3.3272
v -0.6841 0.2921 -3.6951
v -0.5319 0.2921 -3.6951
v -0.5319 0.4061 -3.6043
v -0.6841 0.4061 -3.6043
v -0.6841 0.0079 -3.1049
v -0.5319 0.0079 -3.1049
v -0.5319 -0.1061 -3.1958
v -0.6841 -0.1061 -3.1958
v -0.6841 0.1500 -3.7276
v -0.5319 0.1500 -3.7276
v -0.5319 0.2921 -3.6951
v -0.6841 0.2921 -3.6951
v -0.6841 0.1500 -3.0725
v -0.5319 0.1500 -3.0725
v -0.5319 0.0079 -3.1049
v -0.6841 0.0079 -3.1049
v -0.6841 0.2921 -3.1049
v -0.5319 0.2921 -3.1049
v -0.5319 0.1500 -3.0725
v -0.6841 0.1500 -3.0725
v -0.6841 0.0079 -3.6951
v -0.5319 0.0079 -3.6951
v -0.5319 0.1500 -3.7276
v -0.6841 0.1500 -3.7276
v -0.6841 0.4061 -3.1958
v -0.5319 0.4061 -3.1958
v -0.5319 0.2921 -3.1049
v -0.6841 0.2921 -3.1049
v -0.6841 -0.1061 -3.6043
v -0.5319 -0.1061 -3.6043
v -0.5319 0.0079 -3.6951
v -0.6841 0.0079 -3.6951
v -0.6841 0.4693 -3.3272
v -0.5319 0.4693 -3.3272
v -0.5319 0.4061 -3.1958
v -0.6841 0.4061 -3.1958
v -0.6841 -0.1693 -3.4729
v -0.5319 -0.1693 -3.4729
v -0.5319 -0.1061 -3.6043
v -0.6841 -0.1061 -3.6043
v -0.6841 0.4693 -3.4729
v -0.5319 0.4693 -3.4729
v -0.5319 0.4693 -3.3272
v -0.6841 0.4693 -3.3272
v -0.6841 -0.1693 -3.3272
v -0.5319 -0.1693 -3.3272
v -0.5319 -0.1693 -3.4729
v -0.6841 -0.1693 -3.4729
v -0.5319 0.1500 -3.5418
v -0.5319 0.1500 -3.7276
v -0.5319 0.0079 -3.6951
v -0.5319 0.0885 -3.5277
v -0.5319 0.0885 -3.5277
v -0.5319 0.0079 -3.6951
v -0.5319 -0.1061 -3.6043
v -0.5319 0.0392 -3.4884
v -0.5319 0.0392 -3.4884
v -0.5319 -0.1061 -3.6043
v -0.5319 -0.1693 -3.4729
v -0.5319 0.0118 -3.4316
v -0.5319 0.0118 -3.4316
v -0.5319 -0.1693 -3.4729
v -0.5319 -0.1693 -3.3272
v -0.5319 0.0118 -3.3685
v -0.5319 0.0118 -3.3685
v -0.5319 -0.1693 -3.3272
v -0.5319 -0.1061 -3.1958
v -0.5319 0.0392 -3.3117
v -0.5319 0.0392 -3.3117
v -0.5319 -0.1061 -3.1958
v -0.5319 0.0079 -3.1049
v -0.5319 0.0885 -3.2723
v -0.5319 0.0885 -3.2723
v -0.5319 0.0079 -3.1049
v -0.5319 0.1500 -3.0725
v -0.5319 0.1500 -3.2583
v -0.5319 0.1500 -3.2583
v -0.5319 0.1500 -3.0725
v -0.5319 0.2921 -3.1049
v -0.5319 0.2115 -3.2723
v -0.5319 0.2115 -3.2723
v -0.5319 0.2921 -3.1049
v -0.5319 0.4061 -3.1958
v -0.5319 0.2608 -3.3117
v -0.5319 0.2608 -3.3117
v -0.5319 0.4061 -3.1958
v -0.5319 0.4693 -3.3272
v -0.5319 0.2882 -3.3685
v -0.5319 0.2882 -3.3685
v -0.5319 0.4693 -3.3272
v -0.5319 0.4693 -3.4729
v -0.5319 0.2882 -3.4316
v -0.5319 0.2882 -3.4316
v -0.5319 0.4693 -3.4729
v -0.5319 0.4061 -3.6043
v -0.5319 0.2608 -3.4884
v -0.5319 0.2608 -3.4884
v -0.5319 0.4061 -3.6043
v -0.5319 0.2921 -3.6951
v -0.5319 0.2115 -3.5277
v -0.5319 0.2115 -3.5277
v -0.5319 0.2921 -3.6951
v -0.5319 0.1500 -3.7276
v -0.5319 0.1500 -3.5418
v -0.5319 0.0885 -3.5277
v -0.6867 0.0885 -3.5277
v -0.6867 0.1500 -3.5418
v -0.5319 0.1500 -3.5418
v -0.5319 0.2608 -3.3117
v -0.6867 0.2608 -3.3117
v -0.6867 0.2115 -3.2723
v -0.5319 0.2115 -3.2723
v -0.5319 0.0392 -3.4884
v -0.6867 0.0392 -3.4884
v -0.6867 0.0885 -3.5277
v -0.5319 0.0885 -3.5277
v -0.5319 0.2882 -3.3685
v -0.6867 0.2882 -3.3685
v -0.6867 0.2608 -3.3117
v -0.5319 0.2608 -3.3117
v -0.5319 0.0118 -3.4316
v -0.6867 0.0118 -3.4316
v -0.6867 0.0392 -3.4884
v -0.5319 0.0392 -3.4884
v -0.5319 0.2882 -3.4316
v -0.6867 0.2882 -3.4316
v -0.6867 0.2882 -3.3685
v -0.5319 0.2882 -3.3685
v -0.5319 0.0118 -3.3685
v -0.6867 0.0118 -3.3685
v -0.6867 0.0118 -3.4316
v -0.5319 0.0118 -3.4316
v -0.5319 0.2608 -3.4884
v -0.6867 0.2608 -3.4884
v -0.6867 0.2882 -3.4316
v -0.5319 0.2882 -3.4316
v -0.5319 0.0392 -3.3117
v -0.6867 0.0392 -3.3117
v -0.6867 0.0118 -3.3685
v -0.5319 0.0118 -3.3685
v -0.5319 0.2115 -3.5277
v -0.6867 0.2115 -3.5277
v -0.6867 0.2608 -3.4884
v -0.5319 0.2608 -3.4884
v -0.5319 0.0885 -3.2723
v -0.6867 0.0885 -3.2723
v -0.6867 0.0392 -3.3117
v -0.5319 0.0392 -3.3117
v -0.5319 0.1500 -3.5418
v -0.6867 0.1500 -3.5418
v -0.6867 0.2115 -3.5277
v -0.5319 0.2115 -3.5277
v -0.5319 0.1500 -3.2583
v -0.6867 0.1500 -3.2583
v -0.6867 0.0885 -3.2723
v -0.5319 0.0885 -3.2723
v -0.4397 -0.0784 -3.8743
v -0.4397 0.0859 -3.5332
v -0.4397 0.0344 -3.4922
v -0.4397 -0.2616 -3.7283
v -0.4397 0.6632 -3.2829
v -0.4397 0.2941 -3.3671
v -0.4397 0.2941 -3.4329
v -0.4397 0.6632 -3.5172
v -0.4397 -0.0784 -2.9257
v -0.4397 0.0859 -3.2669
v -0.4397 0.1500 -3.2522
v -0.4397 0.1500 -2.8736
v -0.4397 -0.2616 -3.7283
v -0.4397 0.0344 -3.4922
v -0.4397 0.0059 -3.4329
v -0.4397 -0.3632 -3.5172
v -0.4397 0.6632 -3.5172
v -0.4397 0.2941 -3.4329
v -0.4397 0.2656 -3.4922
v -0.4397 0.5616 -3.7283
v -0.4397 0.1500 -2.8736
v -0.4397 0.1500 -3.2522
v -0.4397 0.2141 -3.2669
v -0.4397 0.3784 -2.9257
v -0.4397 -0.3632 -3.5172
v -0.4397 0.0059 -3.4329
v -0.4397 0.0059 -3.3671
v -0.4397 -0.3632 -3.2829
v -0.4397 0.5616 -3.7283
v -0.4397 0.2656 -3.4922
v -0.4397 0.2141 -3.5332
v -0.4397 0.3784 -3.8743
v -0.4397 0.3784 -2.9257
v -0.4397 0.2141 -3.2669
v -0.4397 0.2656 -3.3079
v -0.4397 0.5616 -3.0718
v -0.4397 -0.3632 -3.2829
v -0.4397 0.0059 -3.3671
v -0.4397 0.0344 -3.3079
v -0.4397 -0.2616 -3.0718
v -0.4397 0.3784 -3.8743
v -0.4397 0.2141 -3.5332
v -0.4397 0.1500 -3.5479
v -0.4397 0.1500 -3.9265
v -0.4397 0.1500 -3.9265
v -0.4397 0.1500 -3.5479
v -0.4397 0.0859 -3.5332
v -0.4397 -0.0784 -3.8743
v -0.4397 0.5616 -3.0718
v -0.4397 0.2656 -3.3079
v -0.4397 0.2941 -3.3671
v -0.4397 0.6632 -3.2829
v -0.7140 -0.2616 -3.7283
v -0.7140 -0.3632 -3.2829
v -0.7140 -0.3632 -3.5172
v -0.7140 -0.2616 -3.0718
v -0.7140 -0.0784 -3.8743
v -0.7140 -0.0784 -2.9257
v -0.7140 0.1500 -3.9265
v -0.7140 0.1500 -2.8736
v -0.7140 0.3784 -2.9257
v -0.7140 0.3784 -3.8743
v -0.7140 0.5616 -3.7283
v -0.7140 0.5616 -3.0718
v -0.7140 0.6632 -3.5172
v -0.7140 0.6632 -3.2829
v -0.9609 0.0392 -3.3117
v -0.9609 0.0118 -3.4316
v -0.9609 0.0118 -3.3685
v -0.9609 0.0392 -3.4884
v -0.9609 0.0885 -3.5277
v -0.9609 0.0885 -3.2723
v -0.9609 0.1500 -3.2583
v -0.9609 0.1500 -3.5418
v -0.9609 0.2115 -3.2723
v -0.9609 0.2115 -3.5277
v -0.9609 0.2608 -3.4884
v -0.9609 0.2608 -3.3117
v -0.9609 0.2882 -3.3685
v -0.9609 0.2882 -3.4316
v -0.6867 0.0392 -3.3117
v -0.6867 0.0118 -3.4316
v -0.6867 0.0118 -3.3685
v -0.6867 0.0392 -3.4884
v -0.6867 0.0885 -3.2723
v -0.6867 0.0885 -3.5277
v -0.6867 0.1500 -3.2583
v -0.6867 0.1500 -3.5418
v -0.6867 0.2115 -3.2723
v -0.6867 0.2115 -3.5277
v -0.6867 0.2608 -3.4884
v -0.6867 0.2608 -3.3117
v -0.6867 0.2882 -3.3685
v -0.6867 0.2882 -3.4316
v -0.9584 0.4061 -3.6043
v -0.8061 0.4061 -3.6043
v -0.8061 0.4693 -3.4729
v -0.9584 0.4693 -3.4729
v -0.9584 -0.1061 -3.1958
v -0.8061 -0.1061 -3.1958
v -0.8061 -0.1693 -3.3272
v -0.9584 -0.1693 -3.3272
v -0.9584 0.2921 -3.6951
v -0.8061 0.2921 -3.6951
v -0.8061 0.4061 -3.6043
v -0.9584 0.4061 -3.6043
v -0.9584 0.0079 -3.1049
v -0.8061 0.0079 -3.1049
v -0.8061 -0.1061 -3.1958
v -0.9584 -0.1061 -3.1958
v -0.9584 0.1500 -3.7276
v -0.8061 0.1500 -3.7276
v -0.8061 0.2921 -3.6951
v -0.9584 0.2921 -3.6951
v -0.9584 0.1500 -3.0725
v -0.8061 0.1500 -3.0725
v -0.8061 0.0079 -3.1049
v -0.9584 0.0079 -3.1049
v -0.9584 0.2921 -3.1049
v -0.8061 0.2921 -3.1049
v -0.8061 0.1500 -3.0725
v -0.9584 0.1500 -3.0725
v -0.9584 0.0079 -3.6951
v -0.8061 0.0079 -3.6951
v -0.8061 0.1500 -3.7276
v -0.9584 0.1500 -3.7276
v -0.9584 0.4061 -3.1958
v -0.8061 0.4061 -3.1958
v -0.8061 0.2921 -3.1049
v -0.9584 0.2921 -3.1049
v -0.9584 -0.1061 -3.6043
v -0.8061 -0.1061 -3.6043
v -0.8061 0.0079 -3.6951
v -0.9584 0.0079 -3.6951
v -0.9584 0.4693 -3.3272
v -0.8061 0.4693 -3.3272
v -0.8061 0.4061 -3.1958
v -0.9584 0.4061 -3.1958
v -0.9584 -0.1693 -3.4729
v -0.8061 -0.1693 -3.4729
v -0.8061 -0.1061 -3.6043
v -0.9584 -0.1061 -3.6043
v -0.9584 0.4693 -3.4729
v -0.8061 0.4693 -3.4729
v -0.8061 0.4693 -3.3272
v -0.9584 0.4693 -3.3272
v -0.9584 -0.1693 -3.3272
v -0.8061 -0.1693 -3.3272
v -0.8061 -0.1693 -3.4729
v -0.9584 -0.1693 -3.4729
v -0.8061 0.1500 -3.5418
v -0.8061 0.1500 -3.7276
v -0.8061 0.0079 -3.6951
v -0.8061 0.0885 -3.5277
v -0.8061 -0.1061 -3.6043
v -0.8061 0.0392 -3.4884
v -0.8061 0.0392 -3.4884
v -0.8061 -0.1061 -3.6043
v -0.8061 -0.1693 -3.4729
v -0.8061 0.0118 -3.4316
v -0.8061 0.0118 -3.4316
v -0.8061 -0.1693 -3.4729
v -0.8061 -0.1693 -3.3272
v -0.8061 0.0118 -3.3685
v -0.8061 0.0118 -3.3685
v -0.8061 -0.1693 -3.3272
v -0.8061 -0.1061 -3.1958
v -0.8061 0.0392 -3.3117
v -0.8061 0.0392 -3.3117
v -0.8061 -0.1061 -3.1958
v -0.8061 0.0079 -3.1049
v -0.8061 0.0885 -3.2723
v -0.8061 0.0885 -3.2723
v -0.8061 0.0079 -3.1049
v -0.8061 0.1500 -3.0725
v -0.8061 0.1500 -3.2583
v -0.8061 0.1500 -3.2583
v -0.8061 0.1500 -3.0725
v -0.8061 0.2921 -3.1049
v -0.8061 0.2115 -3.2723
v -0.8061 0.4061 -3.1958
v -0.8061 0.2608 -3.3117
v -0.8061 0.2608 -3.3117
v -0.8061 0.4061 -3.1958
v -0.8061 0.4693 -3.3272
v -0.8061 0.2882 -3.3685
v -0.8061 0.2882 -3.3685
v -0.8061 0.4693 -3.3272
v -0.8061 0.4693 -3.4729
v -0.8061 0.2882 -3.4316
v -0.8061 0.2882 -3.4316
v -0.8061 0.4693 -3.4729
v -0.8061 0.4061 -3.6043
v -0.8061 0.2608 -3.4884
v -0.8061 0.2608 -3.4884
v -0.8061 0.4061 -3.6043
v -0.8061 0.2921 -3.6951
v -0.8061 0.2115 -3.5277
v -0.8061 0.2115 -3.5277
v -0.8061 0.2921 -3.6951
v -0.8061 0.1500 -3.7276
v -0.8061 0.1500 -3.5418
v -0.8461 0.3326 -3.3734
v -0.8011 0.3326 -3.3734
v -0.8011 0.3926 -3.3734
v -0.8461 0.3926 -3.3734
v -0.8461 0.3326 -3.3134
v -0.8011 0.3326 -3.3134
v -0.8011 0.3926 -3.3134
v -0.8461 0.3926 -3.3134
v -0.8461 0.1773 -3.2176
v -0.8011 0.1773 -3.2176
v -0.8011 0.2373 -3.2176
v -0.8461 0.2373 -3.2176
v -0.8461 0.1773 -3.1576
v -0.8011 0.1773 -3.1576
v -0.8011 0.2373 -3.1576
v -0.8461 0.2373 -3.1576
v -0.8461 -0.0353 -3.2742
v -0.8011 -0.0353 -3.2742
v -0.8011 0.0247 -3.2742
v -0.8461 0.0247 -3.2742
v -0.8461 -0.0353 -3.2142
v -0.8011 -0.0353 -3.2142
v -0.8011 0.0247 -3.2142
v -0.8461 0.0247 -3.2142
v -0.8461 -0.0926 -3.4866
v -0.8011 -0.0926 -3.4866
v -0.8011 -0.0326 -3.4866
v -0.8461 -0.0326 -3.4866
v -0.8461 -0.0926 -3.4266
v -0.8011 -0.0926 -3.4266
v -0.8011 -0.0326 -3.4266
v -0.8461 -0.0326 -3.4266
v -0.8461 0.0627 -3.6424
v -0.8011 0.0627 -3.6424
v -0.8011 0.1227 -3.6424
v -0.8461 0.1227 -3.6424
v -0.8461 0.0627 -3.5824
v -0.8011 0.0627 -3.5824
v -0.8011 0.1227 -3.5824
v -0.8461 0.1227 -3.5824
v -0.8461 0.2753 -3.5858
v -0.8011 0.2753 -3.5858
v -0.8011 0.3353 -3.5858
v -0.8461 0.3353 -3.5858
v -0.8461 0.2753 -3.5258
v -0.8011 0.2753 -3.5258
v -0.8011 0.3353 -3.5258
v -0.8461 0.3353 -3.5258
vt 0.06250 0.06250
vt 0.18750 0.06250
vt 0.31250 0.06250
vt 0.43750 0.06250
vt 0.56250 0.06250
vt 0.68750 0.06250
vt 0.81250 0.06250
vt 0.93750 0.06250
vt 0.06250 0.18750
vt 0.18750 0.18750
vt 0.31250 0.18750
vt 0.43750 0.18750
vt 0.56250 0.18750
vt 0.68750 0.18750
vt 0.81250 0.18750
vt 0.93750 0.18750
vt 0.06250 0.31250
vt 0.18750 0.31250
vt 0.31250 0.31250
vt 0.43750 0.31250
vt 0.56250 0.31250
vt 0.68750 0.31250
f 1293/45 1294/45 1295/45
f 1293/45 1295/45 1296/45
f 1297/45 1298/45 1299/45
f 1297/45 1299/45 1300/45
f 1301/45 1302/45 1303/45
f 1301/45 1303/45 1304/45
f 1305/45 1306/45 1307/45
f 1305/45 1307/45 1308/45
f 1309/45 1310/45 1311/45
f 1309/45 1311/45 1312/45
f 1313/45 1314/45 1315/45
f 1313/45 1315/45 1316/45
f 1317/45 1318/45 1319/45
f 1317/45 1319/45 1320/45
f 1321/45 1322/45 1323/45
f 1321/45 1323/45 1324/45
f 1325/45 1326/45 1327/45
f 1325/45 1327/45 1328/45
f 1329/45 1330/45 1331/45
f 1329/45 1331/45 1332/45
f 1333/45 1334/45 1335/45
f 1333/45 1335/45 1336/45
f 1337/45 1338/45 1339/45
f 1337/45 1339/45 1340/45
f 1341/45 1342/45 1343/45
f 1341/45 1343/45 1344/45
f 1345/45 1346/45 1347/45
f 1345/45 1347/45 1348/45
f 1349/45 1350/45 1351/45
f 1350/45 1349/45 1352/45
f 1352/45 1349/45 1353/45
f 1352/45 1353/45 1354/45
f 1354/45 1353/45 1355/45
f 1355/45 1353/45 1356/45
f 1355/45 1356/45 1357/45
f 1355/45 1357/45 1358/45
f 1358/45 1357/45 1359/45
f 1358/45 1359/45 1360/45
f 1360/45 1359/45 1361/45
f 1360/45 1361/45 1362/45
f 1363/45 1364/45 1365/45
f 1363/45 1365/45 1366/45
f 1367/45 1368/45 1369/45
f 1367/45 1369/45 1370/45
f 1371/45 1372/45 1373/45
f 1371/45 1373/45 1374/45
f 1375/45 1376/45 1377/45
f 1375/45 1377/45 1378/45
f 1379/45 1380/45 1381/45
f 1379/45 1381/45 1382/45
f 1383/45 1384/45 1385/45
f 1383/45 1385/45 1386/45
f 1387/45 1388/45 1389/45
f 1387/45 1389/45 1390/45
f 1391/45 1392/45 1393/45
f 1391/45 1393/45 1394/45
f 1395/45 1396/45 1397/45
f 1395/45 1397/45 1398/45
f 1399/45 1400/45 1401/45
f 1399/45 1401/45 1402/45
f 1403/45 1404/45 1405/45
f 1403/45 1405/45 1406/45
f 1407/45 1408/45 1409/45
f 1407/45 1409/45 1410/45
f 1411/45 1412/45 1413/45
f 1411/45 1413/45 1414/45
f 1415/45 1416/45 1417/45
f 1415/45 1417/45 1418/45
f 1419/45 1420/45 1421/45
f 1419/45 1421/45 1422/45
f 1423/45 1424/45 1425/45
f 1423/45 1425/45 1426/45
f 1427/45 1428/45 1429/45
f 1427/45 1429/45 1430/45
f 1431/45 1432/45 1433/45
f 1431/45 1433/45 1434/45
f 1435/45 1436/45 1437/45
f 1435/45 1437/45 1438/45
f 1439/45 1440/45 1441/45
f 1439/45 1441/45 1442/45
f 1443/45 1444/45 1445/45
f 1443/45 1445/45 1446/45
f 1447/45 1448/45 1449/45
f 1447/45 1449/45 1450/45
f 1451/45 1452/45 1453/45
f 1451/45 1453/45 1454/45
f 1455/45 1456/45 1457/45
f 1455/45 1457/45 1458/45
f 1459/45 1460/45 1461/45
f 1459/45 1461/45 1462/45
f 1463/45 1464/45 1465/45
f 1463/45 1465/45 1466/45
f 1467/45 1468/45 1469/45
f 1467/45 1469/45 1470/45
f 1471/45 1472/45 1473/45
f 1471/45 1473/45 1474/45
f 1475/45 1476/45 1477/45
f 1475/45 1477/45 1478/45
f 1479/45 1480/45 1481/45
f 1479/45 1481/45 1482/45
f 1483/45 1484/45 1485/45
f 1483/45 1485/45 1486/45
f 1487/45 1488/45 1489/45
f 1487/45 1489/45 1490/45
f 1490/45 1489/45 1491/45
f 1490/45 1491/45 1492/45
f 1493/45 1494/45 1495/45
f 1493/45 1495/45 1496/45
f 1497/45 1498/45 1499/45
f 1497/45 1499/45 1500/45
f 1501/45 1502/45 1503/45
f 1501/45 1503/45 1504/45
f 1504/45 1503/45 1505/45
f 1504/45 1505/45 1506/45
f 1507/45 1508/45 1509/45
f 1507/45 1509/45 1510/45
f 1511/45 1512/45 1513/45
f 1511/45 1513/45 1514/45
f 1515/45 1516/45 1517/45
f 1515/45 1517/45 1518/45
f 1519/45 1520/45 1521/45
f 1519/45 1521/45 1522/45
f 1523/45 1524/45 1525/45
f 1523/45 1525/45 1526/45
f 1527/45 1528/45 1529/45
f 1527/45 1529/45 1530/45
f 1531/45 1532/45 1533/45
f 1531/45 1533/45 1534/45
f 1535/45 1536/45 1537/45
f 1535/45 1537/45 1538/45
f 1539/45 1540/45 1541/45
f 1539/45 1541/45 1542/45
f 1543/45 1544/45 1545/45
f 1543/45 1545/45 1546/45
f 1547/45 1548/45 1549/45
f 1547/45 1549/45 1550/45
f 1551/45 1552/45 1553/45
f 1551/45 1553/45 1554/45
f 1555/45 1556/45 1557/45
f 1555/45 1557/45 1558/45
f 1559/45 1560/45 1561/45
f 1559/45 1561/45 1562/45
f 1563/45 1564/45 1565/45
f 1563/45 1565/45 1566/45
f 1567/45 1568/45 1569/45
f 1567/45 1569/45 1570/45
f 1571/45 1572/45 1573/45
f 1571/45 1573/45 1574/45
f 1575/45 1576/45 1577/45
f 1575/45 1577/45 1578/45
f 1579/45 1580/45 1581/45
f 1579/45 1581/45 1582/45
f 1583/45 1584/45 1585/45
f 1583/45 1585/45 1586/45
f 1587/45 1588/45 1589/45
f 1587/45 1589/45 1590/45
f 1591/45 1592/45 1593/45
f 1591/45 1593/45 1594/45
f 1595/45 1596/45 1597/45
f 1595/45 1597/45 1598/45
f 1599/45 1600/45 1601/45
f 1599/45 1601/45 1602/45
f 1603/45 1604/45 1605/45
f 1603/45 1605/45 1606/45
f 1607/45 1608/45 1609/45
f 1607/45 1609/45 1610/45
f 1611/45 1612/45 1613/45
f 1611/45 1613/45 1614/45
f 1615/45 1616/45 1617/45
f 1615/45 1617/45 1618/45
f 1619/45 1620/45 1621/45
f 1619/45 1621/45 1622/45
f 1623/45 1624/45 1625/45
f 1623/45 1625/45 1626/45
f 1627/45 1628/45 1629/45
f 1627/45 1629/45 1630/45
f 1631/45 1632/45 1633/45
f 1631/45 1633/45 1634/45
f 1635/45 1636/45 1637/45
f 1635/45 1637/45 1638/45
f 1639/45 1640/45 1641/45
f 1639/45 1641/45 1642/45
f 1643/45 1644/45 1645/45
f 1643/45 1645/45 1646/45
f 1647/45 1648/45 1649/45
f 1647/45 1649/45 1650/45
f 1651/45 1652/45 1653/45
f 1651/45 1653/45 1654/45
f 1655/45 1656/45 1657/45
f 1655/45 1657/45 1658/45
f 1659/45 1660/45 1661/45
f 1659/45 1661/45 1662/45
f 1663/45 1664/45 1665/45
f 1663/45 1665/45 1666/45
f 1667/45 1668/45 1669/45
f 1667/45 1669/45 1670/45
f 1671/45 1672/45 1673/45
f 1671/45 1673/45 1674/45
f 1675/45 1676/45 1677/45
f 1675/45 1677/45 1678/45
f 1679/45 1680/45 1681/45
f 1679/45 1681/45 1682/45
f 1683/45 1684/45 1685/45
f 1683/45 1685/45 1686/45
f 1687/45 1688/45 1689/45
f 1687/45 1689/45 1690/45
f 1691/45 1692/45 1693/45
f 1691/45 1693/45 1694/45
f 1695/45 1696/45 1697/45
f 1695/45 1697/45 1698/45
f 1699/45 1700/45 1701/45
f 1699/45 1701/45 1702/45
f 1703/45 1704/45 1705/45
f 1703/45 1705/45 1706/45
f 1707/45 1708/45 1709/45
f 1707/45 1709/45 1710/45
f 1711/45 1712/45 1713/45
f 1711/45 1713/45 1714/45
f 1715/45 1716/45 1717/45
f 1715/45 1717/45 1718/45
f 1719/45 1720/45 1721/45
f 1719/45 1721/45 1722/45
f 1723/45 1724/45 1725/45
f 1723/45 1725/45 1726/45
f 1727/45 1728/45 1729/45
f 1727/45 1729/45 1730/45
f 1731/45 1732/45 1733/45
f 1731/45 1733/45 1734/45
f 1735/45 1736/45 1737/45
f 1735/45 1737/45 1738/45
f 1739/45 1740/45 1741/45
f 1739/45 1741/45 1742/45
f 1743/45 1744/45 1745/45
f 1743/45 1745/45 1746/45
f 1747/45 1748/45 1749/45
f 1747/45 1749/45 1750/45
f 1751/45 1752/45 1753/45
f 1751/45 1753/45 1754/45
f 1755/45 1756/45 1757/45
f 1755/45 1757/45 1758/45
f 1759/45 1760/45 1761/45
f 1759/45 1761/45 1762/45
f 1763/45 1764/45 1765/45
f 1763/45 1765/45 1766/45
f 1767/45 1768/45 1769/45
f 1767/45 1769/45 1770/45
f 1770/45 1769/45 1771/45
f 1770/45 1771/45 1772/45
f 1772/45 1771/45 1773/45
f 1772/45 1773/45 1774/45
f 1775/45 1776/45 1777/45
f 1775/45 1777/45 1778/45
f 1779/45 1780/45 1781/45
f 1779/45 1781/45 1782/45
f 1783/45 1784/45 1785/45
f 1783/45 1785/45 1786/45
f 1787/45 1788/45 1789/45
f 1787/45 1789/45 1790/45
f 1791/45 1792/45 1793/45
f 1791/45 1793/45 1794/45
f 1794/45 1793/45 1795/45
f 1794/45 1795/45 1796/45
f 1796/45 1795/45 1797/45
f 1796/45 1797/45 1798/45
f 1799/45 1800/45 1801/45
f 1799/45 1801/45 1802/45
f 1803/45 1804/45 1805/45
f 1803/45 1805/45 1806/45
f 1807/45 1808/45 1809/45
f 1807/45 1809/45 1810/45
f 1811/45 1812/45 1813/45
f 1811/45 1813/45 1814/45
f 1815/45 1816/45 1817/45
f 1815/45 1817/45 1818/45
f 1819/45 1820/45 1821/45
f 1819/45 1821/45 1822/45
f 1823/45 1824/45 1825/45
f 1823/45 1825/45 1826/45
f 1827/45 1828/45 1829/45
f 1827/45 1829/45 1830/45
f 1831/45 1832/45 1833/45
f 1831/45 1833/45 1834/45
f 1835/45 1836/45 1837/45
f 1835/45 1837/45 1838/45
f 1839/45 1840/45 1841/45
f 1839/45 1841/45 1842/45
f 1843/45 1844/45 1845/45
f 1843/45 1845/45 1846/45
f 1847/45 1848/45 1849/45
f 1847/45 1849/45 1850/45
f 1851/45 1852/45 1853/45
f 1851/45 1853/45 1854/45
f 1855/45 1856/45 1857/45
f 1855/45 1857/45 1858/45
f 1859/45 1860/45 1861/45
f 1859/45 1861/45 1862/45
f 1863/45 1864/45 1865/45
f 1863/45 1865/45 1866/45
f 1867/45 1868/45 1869/45
f 1867/45 1869/45 1870/45
f 1871/45 1872/45 1873/45
f 1871/45 1873/45 1874/45
f 1875/45 1876/45 1877/45
f 1875/45 1877/45 1878/45
f 1879/45 1880/45 1881/45
f 1879/45 1881/45 1882/45
f 1883/45 1884/45 1885/45
f 1883/45 1885/45 1886/45
f 1887/45 1888/45 1889/45
f 1887/45 1889/45 1890/45
f 1891/45 1892/45 1893/45
f 1891/45 1893/45 1894/45
f 1895/45 1896/45 1897/45
f 1895/45 1897/45 1898/45
f 1899/45 1900/45 1901/45
f 1899/45 1901/45 1902/45
f 1903/45 1904/45 1905/45
f 1903/45 1905/45 1906/45
f 1907/45 1908/45 1909/45
f 1907/45 1909/45 1910/45
f 1911/45 1912/45 1913/45
f 1911/45 1913/45 1914/45
f 1915/45 1916/45 1917/45
f 1915/45 1917/45 1918/45
f 1919/45 1920/45 1921/45
f 1919/45 1921/45 1922/45
f 1923/45 1924/45 1925/45
f 1923/45 1925/45 1926/45
f 1927/45 1928/45 1929/45
f 1927/45 1929/45 1930/45
f 1931/45 1932/45 1933/45
f 1931/45 1933/45 1934/45
f 1935/45 1936/45 1937/45
f 1935/45 1937/45 1938/45
f 1939/45 1940/45 1941/45
f 1939/45 1941/45 1942/45
f 1943/45 1944/45 1945/45
f 1943/45 1945/45 1946/45
f 1947/45 1948/45 1949/45
f 1947/45 1949/45 1950/45
f 1951/45 1952/45 1953/45
f 1951/45 1953/45 1954/45
f 1955/45 1956/45 1957/45
f 1955/45 1957/45 1958/45
f 1959/45 1960/45 1961/45
f 1959/45 1961/45 1962/45
f 1963/45 1964/45 1965/45
f 1963/45 1965/45 1966/45
f 1967/45 1968/45 1969/45
f 1967/45 1969/45 1970/45
f 1971/45 1972/45 1973/45
f 1971/45 1973/45 1974/45
f 1975/45 1976/45 1977/45
f 1975/45 1977/45 1978/45
f 1979/45 1980/45 1981/45
f 1979/45 1981/45 1982/45
f 1983/45 1984/45 1985/45
f 1983/45 1985/45 1986/45
f 1987/45 1988/45 1989/45
f 1987/45 1989/45 1990/45
f 1991/45 1992/45 1993/45
f 1991/45 1993/45 1994/45
f 1995/45 1996/45 1997/45
f 1995/45 1997/45 1998/45
f 1999/45 2000/45 2001/45
f 1999/45 2001/45 2002/45
f 2003/45 2004/45 2005/45
f 2003/45 2005/45 2006/45
f 2007/45 2008/45 2009/45
f 2007/45 2009/45 2010/45
f 2011/45 2012/45 2013/45
f 2011/45 2013/45 2014/45
f 2015/45 2016/45 2017/45
f 2015/45 2017/45 2018/45
f 2019/45 2020/45 2021/45
f 2019/45 2021/45 2022/45
f 2023/45 2024/45 2025/45
f 2023/45 2025/45 2026/45
f 2027/45 2028/45 2029/45
f 2027/45 2029/45 2030/45
f 2031/45 2032/45 2033/45
f 2031/45 2033/45 2034/45
f 2035/45 2036/45 2037/45
f 2035/45 2037/45 2038/45
f 2039/45 2040/45 2041/45
f 2039/45 2041/45 2042/45
f 2043/45 2044/45 2045/45
f 2043/45 2045/45 2046/45
f 2047/45 2048/45 2049/45
f 2047/45 2049/45 2050/45
f 2051/45 2052/45 2053/45
f 2051/45 2053/45 2054/45
f 2055/45 2056/45 2057/45
f 2055/45 2057/45 2058/45
f 2059/45 2060/45 2061/45
f 2059/45 2061/45 2062/45
f 2063/45 2064/45 2065/45
f 2063/45 2065/45 2066/45
f 2067/45 2068/45 2069/45
f 2067/45 2069/45 2070/45
f 2071/45 2072/45 2073/45
f 2071/45 2073/45 2074/45
f 2075/45 2076/45 2077/45
f 2075/45 2077/45 2078/45
f 2079/45 2080/45 2081/45
f 2080/45 2079/45 2082/45
f 2082/45 2079/45 2083/45
f 2082/45 2083/45 2084/45
f 2084/45 2083/45 2085/45
f 2084/45 2085/45 2086/45
f 2086/45 2085/45 2087/45
f 2087/45 2085/45 2088/45
f 2087/45 2088/45 2089/45
f 2087/45 2089/45 2090/45
f 2090/45 2089/45 2091/45
f 2090/45 2091/45 2092/45
f 2093/45 2094/45 2095/45
f 2094/45 2093/45 2096/45
f 2096/45 2093/45 2097/45
f 2097/45 2093/45 2098/45
f 2097/45 2098/45 2099/45
f 2097/45 2099/45 2100/45
f 2100/45 2099/45 2101/45
f 2100/45 2101/45 2102/45
f 2102/45 2101/45 2103/45
f 2103/45 2101/45 2104/45
f 2103/45 2104/45 2105/45
f 2103/45 2105/45 2106/45
f 2107/45 2108/45 2109/45
f 2108/45 2107/45 2110/45
f 2110/45 2107/45 2111/45
f 2110/45 2111/45 2112/45
f 2112/45 2111/45 2113/45
f 2112/45 2113/45 2114/45
f 2114/45 2113/45 2115/45
f 2114/45 2115/45 2116/45
f 2116/45 2115/45 2117/45
f 2117/45 2115/45 2118/45
f 2117/45 2118/45 2119/45
f 2117/45 2119/45 2120/45
f 2121/62 2122/62 2123/62
f 2121/62 2123/62 2124/62
f 2125/62 2126/62 2127/62
f 2125/62 2127/62 2128/62
f 2129/62 2130/62 2131/62
f 2129/62 2131/62 2132/62
f 2133/62 2134/62 2135/62
f 2133/62 2135/62 2136/62
f 2137/62 2138/62 2139/62
f 2137/62 2139/62 2140/62
f 2141/62 2142/62 2143/62
f 2141/62 2143/62 2144/62
f 2145/62 2146/62 2147/62
f 2145/62 2147/62 2148/62
f 2149/62 2150/62 2151/62
f 2149/62 2151/62 2152/62
f 2153/62 2154/62 2155/62
f 2153/62 2155/62 2156/62
f 2157/62 2158/62 2159/62
f 2157/62 2159/62 2160/62
f 2161/62 2162/62 2163/62
f 2161/62 2163/62 2164/62
f 2165/62 2166/62 2167/62
f 2165/62 2167/62 2168/62
f 2169/62 2170/62 2171/62
f 2169/62 2171/62 2172/62
f 2173/62 2174/62 2175/62
f 2173/62 2175/62 2176/62
f 2177/62 2178/62 2179/62
f 2177/62 2179/62 2180/62
f 2180/62 2179/62 2181/62
f 2180/62 2181/62 2182/62
f 2183/62 2184/62 2185/62
f 2183/62 2185/62 2186/62
f 2187/62 2188/62 2189/62
f 2187/62 2189/62 2190/62
f 2191/62 2192/62 2193/62
f 2191/62 2193/62 2194/62
f 2195/62 2196/62 2197/62
f 2195/62 2197/62 2198/62
f 2199/62 2200/62 2201/62
f 2199/62 2201/62 2202/62
f 2203/62 2204/62 2205/62
f 2203/62 2205/62 2206/62
f 2206/62 2205/62 2207/62
f 2206/62 2207/62 2208/62
f 2209/62 2210/62 2211/62
f 2209/62 2211/62 2212/62
f 2213/62 2214/62 2215/62
f 2213/62 2215/62 2216/62
f 2217/62 2218/62 2219/62
f 2217/62 2219/62 2220/62
f 2221/62 2222/62 2223/62
f 2221/62 2223/62 2224/62
f 2225/62 2226/62 2227/62
f 2225/62 2227/62 2228/62
f 2229/54 2232/54 2231/54
f 2229/54 2231/54 2230/54
f 2233/54 2234/54 2235/54
f 2233/54 2235/54 2236/54
f 2229/54 2233/54 2236/54
f 2229/54 2236/54 2232/54
f 2230/54 2231/54 2235/54
f 2230/54 2235/54 2234/54
f 2229/54 2230/54 2234/54
f 2229/54 2234/54 2233/54
f 2232/54 2236/54 2235/54
f 2232/54 2235/54 2231/54
f 2237/54 2240/54 2239/54
f 2237/54 2239/54 2238/54
f 2241/54 2242/54 2243/54
f 2241/54 2243/54 2244/54
f 2237/54 2241/54 2244/54
f 2237/54 2244/54 2240/54
f 2238/54 2239/54 2243/54
f 2238/54 2243/54 2242/54
f 2237/54 2238/54 2242/54
f 2237/54 2242/54 2241/54
f 2240/54 2244/54 2243/54
f 2240/54 2243/54 2239/54
f 2245/54 2248/54 2247/54
f 2245/54 2247/54 2246/54
f 2249/54 2250/54 2251/54
f 2249/54 2251/54 2252/54
f 2245/54 2249/54 2252/54
f 2245/54 2252/54 2248/54
f 2246/54 2247/54 2251/54
f 2246/54 2251/54 2250/54
f 2245/54 2246/54 2250/54
f 2245/54 2250/54 2249/54
f 2248/54 2252/54 2251/54
f 2248/54 2251/54 2247/54
f 2253/54 2256/54 2255/54
f 2253/54 2255/54 2254/54
f 2257/54 2258/54 2259/54
f 2257/54 2259/54 2260/54
f 2253/54 2257/54 2260/54
f 2253/54 2260/54 2256/54
f 2254/54 2255/54 2259/54
f 2254/54 2259/54 2258/54
f 2253/54 2254/54 2258/54
f 2253/54 2258/54 2257/54
f 2256/54 2260/54 2259/54
f 2256/54 2259/54 2255/54
f 2261/54 2264/54 2263/54
f 2261/54 2263/54 2262/54
f 2265/54 2266/54 2267/54
f 2265/54 2267/54 2268/54
f 2261/54 2265/54 2268/54
f 2261/54 2268/54 2264/54
f 2262/54 2263/54 2267/54
f 2262/54 2267/54 2266/54
f 2261/54 2262/54 2266/54
f 2261/54 2266/54 2265/54
f 2264/54 2268/54 2267/54
f 2264/54 2267/54 2263/54
f 2269/54 2272/54 2271/54
f 2269/54 2271/54 2270/54
f 2273/54 2274/54 2275/54
f 2273/54 2275/54 2276/54
f 2269/54 2273/54 2276/54
f 2269/54 2276/54 2272/54
f 2270/54 2271/54 2275/54
f 2270/54 2275/54 2274/54
f 2269/54 2270/54 2274/54
f 2269/54 2274/54 2273/54
f 2272/54 2276/54 2275/54
f 2272/54 2275/54 2271/54
v 0.7140 0.1500 -4.9264
v 0.9424 0.1500 -4.9264
v 0.9424 -0.0784 -4.8743
v 0.7140 -0.0784 -4.8743
v 0.7140 -0.0784 -4.8743
v 0.9424 -0.0784 -4.8743
v 0.9424 -0.2616 -4.7282
v 0.7140 -0.2616 -4.7282
v 0.7140 -0.2616 -4.7282
v 0.9424 -0.2616 -4.7282
v 0.9424 -0.3632 -4.5172
v 0.7140 -0.3632 -4.5172
v 0.7140 -0.3632 -4.5172
v 0.9424 -0.3632 -4.5172
v 0.9424 -0.3632 -4.2829
v 0.7140 -0.3632 -4.2829
v 0.7140 -0.3632 -4.2829
v 0.9424 -0.3632 -4.2829
v 0.9424 -0.2616 -4.0718
v 0.7140 -0.2616 -4.0718
v 0.7140 -0.2616 -4.0718
v 0.9424 -0.2616 -4.0718
v 0.9424 -0.0784 -3.9257
v 0.7140 -0.0784 -3.9257
v 0.7140 -0.0784 -3.9257
v 0.9424 -0.0784 -3.9257
v 0.9424 0.1500 -3.8736
v 0.7140 0.1500 -3.8736
v 0.7140 0.1500 -3.8736
v 0.9424 0.1500 -3.8736
v 0.9424 0.3784 -3.9257
v 0.7140 0.3784 -3.9257
v 0.7140 0.3784 -3.9257
v 0.9424 0.3784 -3.9257
v 0.9424 0.5616 -4.0718
v 0.7140 0.5616 -4.0718
v 0.7140 0.5616 -4.0718
v 0.9424 0.5616 -4.0718
v 0.9424 0.6632 -4.2829
v 0.7140 0.6632 -4.2829
v 0.7140 0.6632 -4.2829
v 0.9424 0.6632 -4.2829
v 0.9424 0.6632 -4.5172
v 0.7140 0.6632 -4.5172
v 0.7140 0.6632 -4.5172
v 0.9424 0.6632 -4.5172
v 0.9424 0.5616 -4.7282
v 0.7140 0.5616 -4.7282
v 0.9424 0.5616 -4.7282
v 0.9424 0.6632 -4.5172
v 0.9791 0.6315 -4.5099
v 0.9791 0.5361 -4.7079
v 0.7140 0.5616 -4.7282
v 0.9424 0.5616 -4.7282
v 0.9424 0.3784 -4.8743
v 0.7140 0.3784 -4.8743
v 0.7140 0.3784 -4.8743
v 0.9424 0.3784 -4.8743
v 0.9424 0.1500 -4.9264
v 0.7140 0.1500 -4.9264
v 0.9424 -0.2616 -4.0718
v 0.9424 -0.3632 -4.2829
v 0.9791 -0.3315 -4.2901
v 0.9791 -0.2361 -4.0921
v 0.9424 0.6632 -4.2829
v 0.9424 0.5616 -4.0718
v 0.9791 0.5361 -4.0921
v 0.9791 0.6315 -4.2901
v 0.9424 -0.3632 -4.5172
v 0.9424 -0.2616 -4.7282
v 0.9791 -0.2361 -4.7079
v 0.9791 -0.3315 -4.5099
v 0.9424 0.3784 -3.9257
v 0.9424 0.1500 -3.8736
v 0.9791 0.1500 -3.9062
v 0.9791 0.3643 -3.9551
v 0.9424 -0.0784 -4.8743
v 0.9424 0.1500 -4.9264
v 0.9791 0.1500 -4.8939
v 0.9791 -0.0643 -4.8450
v 0.9424 0.3784 -4.8743
v 0.9424 0.5616 -4.7282
v 0.9791 0.5361 -4.7079
v 0.9791 0.3643 -4.8450
v 0.9424 -0.0784 -3.9257
v 0.9424 -0.2616 -4.0718
v 0.9791 -0.2361 -4.0921
v 0.9791 -0.0643 -3.9551
v 0.9424 0.6632 -4.5172
v 0.9424 0.6632 -4.2829
v 0.9791 0.6315 -4.2901
v 0.9791 0.6315 -4.5099
v 0.9424 -0.3632 -4.2829
v 0.9424 -0.3632 -4.5172
v 0.9791 -0.3315 -4.5099
v 0.9791 -0.3315 -4.2901
v 0.9424 0.5616 -4.0718
v 0.9424 0.3784 -3.9257
v 0.9791 0.3643 -3.9551
v 0.9791 0.5361 -4.0921
v 0.9424 0.1500 -4.9264
v 0.9424 0.3784 -4.8743
v 0.9791 0.3643 -4.8450
v 0.9791 0.1500 -4.8939
v 0.9424 -0.2616 -4.7282
v 0.9424 -0.0784 -4.8743
v 0.9791 -0.0643 -4.8450
v 0.9791 -0.2361 -4.7079
v 0.9424 0.1500 -3.8736
v 0.9424 -0.0784 -3.9257
v 0.9791 -0.0643 -3.9551
v 0.9791 0.1500 -3.9062
v 0.9791 0.1500 -4.7613
v 0.9791 -0.0068 -4.7256
v 0.9791 -0.0643 -4.8450
v 0.9791 0.1500 -4.8939
v 0.9791 -0.0068 -4.7256
v 0.9791 -0.1325 -4.6253
v 0.9791 -0.2361 -4.7079
v 0.9791 -0.0643 -4.8450
v 0.9791 -0.1325 -4.6253
v 0.9791 -0.2023 -4.4804
v 0.9791 -0.3315 -4.5099
v 0.9791 -0.2361 -4.7079
v 0.9791 -0.2023 -4.3196
v 0.9791 -0.3315 -4.2901
v 0.9791 -0.2023 -4.3196
v 0.9791 -0.1325 -4.1747
v 0.9791 -0.2361 -4.0921
v 0.9791 -0.3315 -4.2901
v 0.9791 -0.1325 -4.1747
v 0.9791 -0.0068 -4.0745
v 0.9791 -0.0643 -3.9551
v 0.9791 -0.2361 -4.0921
v 0.9791 0.1500 -4.0387
v 0.9791 0.1500 -3.9062
v 0.9791 0.3068 -4.0745
v 0.9791 0.3643 -3.9551
v 0.9791 0.4325 -4.1747
v 0.9791 0.5361 -4.0921
v 0.9791 0.4325 -4.1747
v 0.9791 0.5023 -4.3196
v 0.9791 0.6315 -4.2901
v 0.9791 0.5361 -4.0921
v 0.9791 0.5023 -4.3196
v 0.9791 0.5023 -4.4804
v 0.9791 0.6315 -4.5099
v 0.9791 0.6315 -4.2901
v 0.9791 0.5023 -4.4804
v 0.9791 0.4325 -4.6253
v 0.9791 0.5361 -4.7079
v 0.9791 0.6315 -4.5099
v 0.9791 0.4325 -4.6253
v 0.9791 0.3068 -4.7256
v 0.9791 0.3643 -4.8450
v 0.9791 0.5361 -4.7079
v 0.9791 0.3068 -4.7256
v 0.9791 0.3643 -4.8450
v 0.9584 0.1500 -4.7276
v 0.9584 0.0079 -4.6951
v 0.9791 -0.0068 -4.7256
v 0.9791 0.1500 -4.7613
v 0.9584 0.0079 -4.6951
v 0.9584 -0.1061 -4.6042
v 0.9791 -0.1325 -4.6253
v 0.9791 -0.0068 -4.7256
v 0.9584 -0.1061 -4.6042
v 0.9584 -0.1693 -4.4729
v 0.9791 -0.2023 -4.4804
v 0.9791 -0.1325 -4.6253
v 0.9584 -0.1693 -4.4729
v 0.9584 -0.1693 -4.3271
v 0.9791 -0.2023 -4.3196
v 0.9791 -0.2023 -4.4804
v 0.9584 -0.1693 -4.3271
v 0.9584 -0.1061 -4.1958
v 0.9791 -0.1325 -4.1747
v 0.9791 -0.2023 -4.3196
v 0.9584 -0.1061 -4.1958
v 0.9584 0.0079 -4.1049
v 0.9791 -0.0068 -4.0745
v 0.9791 -0.1325 -4.1747
v 0.9584 0.0079 -4.1049
v 0.9584 0.1500 -4.0725
v 0.9791 0.1500 -4.0387
v 0.9791 -0.0068 -4.0745
v 0.9584 0.1500 -4.0725
v 0.9584 0.2921 -4.1049
v 0.9791 0.3068 -4.0745
v 0.9791 0.1500 -4.0387
v 0.9584 0.2921 -4.1049
v 0.9584 0.4061 -4.1958
v 0.9791 0.4325 -4.1747
v 0.9791 0.3068 -4.0745
v 0.9584 0.4061 -4.1958
v 0.9584 0.4693 -4.3271
v 0.9791 0.5023 -4.3196
v 0.9791 0.4325 -4.1747
v 0.9584 0.4693 -4.3271
v 0.9584 0.4693 -4.4729
v 0.9791 0.5023 -4.4804
v 0.9791 0.5023 -4.3196
v 0.9584 0.4693 -4.4729
v 0.9584 0.4061 -4.6042
v 0.9791 0.4325 -4.6253
v 0.9791 0.5023 -4.4804
v 0.9584 0.4061 -4.6042
v 0.9584 0.2921 -4.6951
v 0.9791 0.3068 -4.7256
v 0.9791 0.4325 -4.6253
v 0.9584 0.2921 -4.6951
v 0.9584 0.1500 -4.7276
v 0.9791 0.1500 -4.7613
v 0.9791 0.3068 -4.7256
v 0.8061 0.2115 -4.2723
v 0.8061 0.1500 -4.2583
v 0.9609 0.1500 -4.2583
v 0.9609 0.2115 -4.2723
v 0.8061 0.0885 -4.5277
v 0.8061 0.1500 -4.5418
v 0.9609 0.1500 -4.5418
v 0.9609 0.0885 -4.5277
v 0.8061 0.2608 -4.3116
v 0.8061 0.2115 -4.2723
v 0.9609 0.2115 -4.2723
v 0.9609 0.2608 -4.3116
v 0.8061 0.0392 -4.4884
v 0.8061 0.0885 -4.5277
v 0.9609 0.0885 -4.5277
v 0.9609 0.0392 -4.4884
v 0.8061 0.2882 -4.3685
v 0.8061 0.2608 -4.3116
v 0.9609 0.2608 -4.3116
v 0.9609 0.2882 -4.3685
v 0.8061 0.0118 -4.4316
v 0.8061 0.0392 -4.4884
v 0.9609 0.0392 -4.4884
v 0.9609 0.0118 -4.4316
v 0.8061 0.2882 -4.4316
v 0.8061 0.2882 -4.3685
v 0.9609 0.2882 -4.3685
v 0.9609 0.2882 -4.4316
v 0.8061 0.0118 -4.3685
v 0.8061 0.0118 -4.4316
v 0.9609 0.0118 -4.4316
v 0.9609 0.0118 -4.3685
v 0.8061 0.2608 -4.4884
v 0.8061 0.2882 -4.4316
v 0.9609 0.2882 -4.4316
v 0.9609 0.2608 -4.4884
v 0.8061 0.0392 -4.3116
v 0.8061 0.0118 -4.3685
v 0.9609 0.0118 -4.3685
v 0.9609 0.0392 -4.3116
v 0.8061 0.2115 -4.5277
v 0.8061 0.2608 -4.4884
v 0.9609 0.2608 -4.4884
v 0.9609 0.2115 -4.5277
v 0.8061 0.0885 -4.2723
v 0.8061 0.0392 -4.3116
v 0.9609 0.0392 -4.3116
v 0.9609 0.0885 -4.2723
v 0.8061 0.1500 -4.5418
v 0.8061 0.2115 -4.5277
v 0.9609 0.2115 -4.5277
v 0.9609 0.1500 -4.5418
v 0.8061 0.1500 -4.2583
v 0.8061 0.0885 -4.2723
v 0.9609 0.0885 -4.2723
v 0.9609 0.1500 -4.2583
v 0.4397 0.1500 -4.9264
v 0.6682 0.1500 -4.9264
v 0.6682 -0.0784 -4.8743
v 0.4397 -0.0784 -4.8743
v 0.4397 -0.0784 -4.8743
v 0.6682 -0.0784 -4.8743
v 0.6682 -0.2616 -4.7282
v 0.4397 -0.2616 -4.7282
v 0.4397 -0.2616 -4.7282
v 0.6682 -0.2616 -4.7282
v 0.6682 -0.3632 -4.5172
v 0.4397 -0.3632 -4.5172
v 0.4397 -0.3632 -4.5172
v 0.6682 -0.3632 -4.5172
v 0.6682 -0.3632 -4.2829
v 0.4397 -0.3632 -4.2829
v 0.4397 -0.3632 -4.2829
v 0.6682 -0.3632 -4.2829
v 0.6682 -0.2616 -4.0718
v 0.4397 -0.2616 -4.0718
v 0.4397 -0.2616 -4.0718
v 0.6682 -0.2616 -4.0718
v 0.6682 -0.0784 -3.9257
v 0.4397 -0.0784 -3.9257
v 0.4397 -0.0784 -3.9257
v 0.6682 -0.0784 -3.9257
v 0.6682 0.1500 -3.8736
v 0.4397 0.1500 -3.8736
v 0.4397 0.1500 -3.8736
v 0.6682 0.1500 -3.8736
v 0.6682 0.3784 -3.9257
v 0.4397 0.3784 -3.9257
v 0.4397 0.3784 -3.9257
v 0.6682 0.3784 -3.9257
v 0.6682 0.5616 -4.0718
v 0.4397 0.5616 -4.0718
v 0.4397 0.5616 -4.0718
v 0.6682 0.5616 -4.0718
v 0.6682 0.6632 -4.2829
v 0.4397 0.6632 -4.2829
v 0.4397 0.6632 -4.2829
v 0.6682 0.6632 -4.2829
v 0.6682 0.6632 -4.5172
v 0.4397 0.6632 -4.5172
v 0.4397 0.6632 -4.5172
v 0.6682 0.6632 -4.5172
v 0.6682 0.5616 -4.7282
v 0.4397 0.5616 -4.7282
v 0.6682 0.5616 -4.7282
v 0.6682 0.6632 -4.5172
v 0.7049 0.6315 -4.5099
v 0.7049 0.5361 -4.7079
v 0.4397 0.5616 -4.7282
v 0.6682 0.5616 -4.7282
v 0.6682 0.3784 -4.8743
v 0.4397 0.3784 -4.8743
v 0.4397 0.3784 -4.8743
v 0.6682 0.3784 -4.8743
v 0.6682 0.1500 -4.9264
v 0.4397 0.1500 -4.9264
v 0.6841 0.4061 -4.6042
v 0.6841 0.4693 -4.4729
v 0.5319 0.4693 -4.4729
v 0.5319 0.4061 -4.6042
v 0.6682 -0.2616 -4.0718
v 0.6682 -0.3632 -4.2829
v 0.7049 -0.3315 -4.2901
v 0.7049 -0.2361 -4.0921
v 0.6682 0.6632 -4.2829
v 0.6682 0.5616 -4.0718
v 0.7049 0.5361 -4.0921
v 0.7049 0.6315 -4.2901
v 0.6682 -0.3632 -4.5172
v 0.6682 -0.2616 -4.7282
v 0.7049 -0.2361 -4.7079
v 0.7049 -0.3315 -4.5099
v 0.6682 0.3784 -3.9257
v 0.6682 0.1500 -3.8736
v 0.7049 0.1500 -3.9062
v 0.7049 0.3643 -3.9551
v 0.6682 -0.0784 -4.8743
v 0.6682 0.1500 -4.9264
v 0.7049 0.1500 -4.8939
v 0.7049 -0.0643 -4.8450
v 0.6682 0.3784 -4.8743
v 0.6682 0.5616 -4.7282
v 0.7049 0.5361 -4.7079
v 0.7049 0.3643 -4.8450
v 0.6682 -0.0784 -3.9257
v 0.6682 -0.2616 -4.0718
v 0.7049 -0.2361 -4.0921
v 0.7049 -0.0643 -3.9551
v 0.6682 0.6632 -4.5172
v 0.6682 0.6632 -4.2829
v 0.7049 0.6315 -4.2901
v 0.7049 0.6315 -4.5099
v 0.6682 -0.3632 -4.2829
v 0.6682 -0.3632 -4.5172
v 0.7049 -0.3315 -4.5099
v 0.7049 -0.3315 -4.2901
v 0.6682 0.5616 -4.0718
v 0.6682 0.3784 -3.9257
v 0.7049 0.3643 -3.9551
v 0.7049 0.5361 -4.0921
v 0.6682 0.1500 -4.9264
v 0.6682 0.3784 -4.8743
v 0.7049 0.3643 -4.8450
v 0.7049 0.1500 -4.8939
v 0.6682 -0.2616 -4.7282
v 0.6682 -0.0784 -4.8743
v 0.7049 -0.0643 -4.8450
v 0.7049 -0.2361 -4.7079
v 0.6682 0.1500 -3.8736
v 0.6682 -0.0784 -3.9257
v 0.7049 -0.0643 -3.9551
v 0.7049 0.1500 -3.9062
v 0.7049 0.1500 -4.7613
v 0.7049 -0.0068 -4.7256
v 0.7049 -0.0643 -4.8450
v 0.7049 0.1500 -4.8939
v 0.7049 -0.0068 -4.7256
v 0.7049 -0.1325 -4.6253
v 0.7049 -0.2361 -4.7079
v 0.7049 -0.0643 -4.8450
v 0.7049 -0.1325 -4.6253
v 0.7049 -0.2023 -4.4804
v 0.7049 -0.3315 -4.5099
v 0.7049 -0.2361 -4.7079
v 0.7049 -0.2023 -4.3196
v 0.7049 -0.3315 -4.2901
v 0.7049 -0.2023 -4.3196
v 0.7049 -0.1325 -4.1747
v 0.7049 -0.2361 -4.0921
v 0.7049 -0.3315 -4.2901
v 0.7049 -0.1325 -4.1747
v 0.7049 -0.0068 -4.0745
v 0.7049 -0.0643 -3.9551
v 0.7049 -0.2361 -4.0921
v 0.7049 -0.0068 -4.0745
v 0.7049 0.1500 -4.0387
v 0.7049 0.1500 -3.9062
v 0.7049 -0.0643 -3.9551
v 0.7049 0.3068 -4.0745
v 0.7049 0.3643 -3.9551
v 0.7049 0.3068 -4.0745
v 0.7049 0.4325 -4.1747
v 0.7049 0.5361 -4.0921
v 0.7049 0.3643 -3.9551
v 0.7049 0.4325 -4.1747
v 0.7049 0.5023 -4.3196
v 0.7049 0.6315 -4.2901
v 0.7049 0.5361 -4.0921
v 0.7049 0.5023 -4.3196
v 0.7049 0.5023 -4.4804
v 0.7049 0.6315 -4.5099
v 0.7049 0.6315 -4.2901
v 0.7049 0.5023 -4.4804
v 0.7049 0.4325 -4.6253
v 0.7049 0.5361 -4.7079
v 0.7049 0.6315 -4.5099
v 0.7049 0.4325 -4.6253
v 0.7049 0.3068 -4.7256
v 0.7049 0.3643 -4.8450
v 0.7049 0.5361 -4.7079
v 0.7049 0.3068 -4.7256
v 0.7049 0.1500 -4.7613
v 0.7049 0.1500 -4.8939
v 0.7049 0.3643 -4.8450
v 0.6841 0.1500 -4.7276
v 0.6841 0.0079 -4.6951
v 0.7049 -0.0068 -4.7256
v 0.7049 0.1500 -4.7613
v 0.6841 0.0079 -4.6951
v 0.6841 -0.1061 -4.6042
v 0.7049 -0.1325 -4.6253
v 0.7049 -0.0068 -4.7256
v 0.6841 -0.1061 -4.6042
v 0.6841 -0.1693 -4.4729
v 0.7049 -0.2023 -4.4804
v 0.7049 -0.1325 -4.6253
v 0.6841 -0.1693 -4.4729
v 0.6841 -0.1693 -4.3271
v 0.7049 -0.2023 -4.3196
v 0.7049 -0.2023 -4.4804
v 0.6841 -0.1693 -4.3271
v 0.6841 -0.1061 -4.1958
v 0.7049 -0.1325 -4.1747
v 0.7049 -0.2023 -4.3196
v 0.6841 -0.1061 -4.1958
v 0.6841 0.0079 -4.1049
v 0.7049 -0.0068 -4.0745
v 0.7049 -0.1325 -4.1747
v 0.6841 0.0079 -4.1049
v 0.6841 0.1500 -4.0725
v 0.7049 0.1500 -4.0387
v 0.7049 -0.0068 -4.0745
v 0.6841 0.1500 -4.0725
v 0.6841 0.2921 -4.1049
v 0.7049 0.3068 -4.0745
v 0.7049 0.1500 -4.0387
v 0.6841 0.2921 -4.1049
v 0.6841 0.4061 -4.1958
v 0.7049 0.4325 -4.1747
v 0.7049 0.3068 -4.0745
v 0.6841 0.4061 -4.1958
v 0.6841 0.4693 -4.3271
v 0.7049 0.5023 -4.3196
v 0.7049 0.4325 -4.1747
v 0.6841 0.4693 -4.3271
v 0.6841 0.4693 -4.4729
v 0.7049 0.5023 -4.4804
v 0.7049 0.5023 -4.3196
v 0.6841 0.4693 -4.4729
v 0.6841 0.4061 -4.6042
v 0.7049 0.4325 -4.6253
v 0.7049 0.5023 -4.4804
v 0.6841 0.4061 -4.6042
v 0.6841 0.2921 -4.6951
v 0.7049 0.3068 -4.7256
v 0.7049 0.4325 -4.6253
v 0.6841 0.2921 -4.6951
v 0.6841 0.1500 -4.7276
v 0.7049 0.1500 -4.7613
v 0.7049 0.3068 -4.7256
v 0.5319 0.2115 -4.2723
v 0.5319 0.1500 -4.2583
v 0.6867 0.1500 -4.2583
v 0.6867 0.2115 -4.2723
v 0.6841 -0.1061 -4.1958
v 0.6841 -0.1693 -4.3271
v 0.5319 -0.1693 -4.3271
v 0.5319 -0.1061 -4.1958
v 0.6841 0.2921 -4.6951
v 0.6841 0.4061 -4.6042
v 0.5319 0.4061 -4.6042
v 0.5319 0.2921 -4.6951
v 0.6841 0.0079 -4.1049
v 0.6841 -0.1061 -4.1958
v 0.5319 -0.1061 -4.1958
v 0.5319 0.0079 -4.1049
v 0.6841 0.1500 -4.7276
v 0.6841 0.2921 -4.6951
v 0.5319 0.2921 -4.6951
v 0.5319 0.1500 -4.7276
v 0.6841 0.1500 -4.0725
v 0.6841 0.0079 -4.1049
v 0.5319 0.0079 -4.1049
v 0.5319 0.1500 -4.0725
v 0.6841 0.2921 -4.1049
v 0.6841 0.1500 -4.0725
v 0.5319 0.1500 -4.0725
v 0.5319 0.2921 -4.1049
v 0.6841 0.0079 -4.6951
v 0.6841 0.1500 -4.7276
v 0.5319 0.1500 -4.7276
v 0.5319 0.0079 -4.6951
v 0.6841 0.4061 -4.1958
v 0.6841 0.2921 -4.1049
v 0.5319 0.2921 -4.1049
v 0.5319 0.4061 -4.1958
v 0.6841 -0.1061 -4.6042
v 0.6841 0.0079 -4.6951
v 0.5319 0.0079 -4.6951
v 0.5319 -0.1061 -4.6042
v 0.6841 0.4693 -4.3271
v 0.6841 0.4061 -4.1958
v 0.5319 0.4061 -4.1958
v 0.5319 0.4693 -4.3271
v 0.6841 -0.1693 -4.4729
v 0.6841 -0.1061 -4.6042
v 0.5319 -0.1061 -4.6042
v 0.5319 -0.1693 -4.4729
v 0.6841 0.4693 -4.4729
v 0.6841 0.4693 -4.3271
v 0.5319 0.4693 -4.3271
v 0.5319 0.4693 -4.4729
v 0.6841 -0.1693 -4.3271
v 0.6841 -0.1693 -4.4729
v 0.5319 -0.1693 -4.4729
v 0.5319 -0.1693 -4.3271
v 0.5319 0.1500 -4.5418
v 0.5319 0.0885 -4.5277
v 0.5319 0.0079 -4.6951
v 0.5319 0.1500 -4.7276
v 0.5319 0.0885 -4.5277
v 0.5319 0.0392 -4.4884
v 0.5319 -0.1061 -4.6042
v 0.5319 0.0079 -4.6951
v 0.5319 0.0392 -4.4884
v 0.5319 0.0118 -4.4316
v 0.5319 -0.1693 -4.4729
v 0.5319 -0.1061 -4.6042
v 0.5319 0.0118 -4.4316
v 0.5319 0.0118 -4.3685
v 0.5319 -0.1693 -4.3271
v 0.5319 -0.1693 -4.4729
v 0.5319 0.0118 -4.3685
v 0.5319 0.0392 -4.3116
v 0.5319 -0.1061 -4.1958
v 0.5319 -0.1693 -4.3271
v 0.5319 0.0392 -4.3116
v 0.5319 0.0885 -4.2723
v 0.5319 0.0079 -4.1049
v 0.5319 -0.1061 -4.1958
v 0.5319 0.0885 -4.2723
v 0.5319 0.1500 -4.2583
v 0.5319 0.1500 -4.0725
v 0.5319 0.0079 -4.1049
v 0.5319 0.2115 -4.2723
v 0.5319 0.2921 -4.1049
v 0.5319 0.2115 -4.2723
v 0.5319 0.2608 -4.3116
v 0.5319 0.4061 -4.1958
v 0.5319 0.2921 -4.1049
v 0.5319 0.2608 -4.3116
v 0.5319 0.2882 -4.3685
v 0.5319 0.4693 -4.3271
v 0.5319 0.4061 -4.1958
v 0.5319 0.2882 -4.3685
v 0.5319 0.2882 -4.4316
v 0.5319 0.4693 -4.4729
v 0.5319 0.4693 -4.3271
v 0.5319 0.2882 -4.4316
v 0.5319 0.2608 -4.4884
v 0.5319 0.4061 -4.6042
v 0.5319 0.4693 -4.4729
v 0.5319 0.2608 -4.4884
v 0.5319 0.2115 -4.5277
v 0.5319 0.2921 -4.6951
v 0.5319 0.4061 -4.6042
v 0.5319 0.2115 -4.5277
v 0.5319 0.1500 -4.5418
v 0.5319 0.1500 -4.7276
v 0.5319 0.2921 -4.6951
v 0.5319 0.0885 -4.5277
v 0.5319 0.1500 -4.5418
v 0.6867 0.1500 -4.5418
v 0.6867 0.0885 -4.5277
v 0.5319 0.2608 -4.3116
v 0.5319 0.2115 -4.2723
v 0.6867 0.2115 -4.2723
v 0.6867 0.2608 -4.3116
v 0.5319 0.0392 -4.4884
v 0.5319 0.0885 -4.5277
v 0.6867 0.0885 -4.5277
v 0.6867 0.0392 -4.4884
v 0.5319 0.2882 -4.3685
v 0.5319 0.2608 -4.3116
v 0.6867 0.2608 -4.3116
v 0.6867 0.2882 -4.3685
v 0.5319 0.0118 -4.4316
v 0.5319 0.0392 -4.4884
v 0.6867 0.0392 -4.4884
v 0.6867 0.0118 -4.4316
v 0.5319 0.2882 -4.4316
v 0.5319 0.2882 -4.3685
v 0.6867 0.2882 -4.3685
v 0.6867 0.2882 -4.4316
v 0.5319 0.0118 -4.3685
v 0.5319 0.0118 -4.4316
v 0.6867 0.0118 -4.4316
v 0.6867 0.0118 -4.3685
v 0.5319 0.2608 -4.4884
v 0.5319 0.2882 -4.4316
v 0.6867 0.2882 -4.4316
v 0.6867 0.2608 -4.4884
v 0.5319 0.0392 -4.3116
v 0.5319 0.0118 -4.3685
v 0.6867 0.0118 -4.3685
v 0.6867 0.0392 -4.3116
v 0.5319 0.2115 -4.5277
v 0.5319 0.2608 -4.4884
v 0.6867 0.2608 -4.4884
v 0.6867 0.2115 -4.5277
v 0.5319 0.0885 -4.2723
v 0.5319 0.0392 -4.3116
v 0.6867 0.0392 -4.3116
v 0.6867 0.0885 -4.2723
v 0.5319 0.1500 -4.5418
v 0.5319 0.2115 -4.5277
v 0.6867 0.2115 -4.5277
v 0.6867 0.1500 -4.5418
v 0.5319 0.1500 -4.2583
v 0.5319 0.0885 -4.2723
v 0.6867 0.0885 -4.2723
v 0.6867 0.1500 -4.2583
v 0.4397 -0.2616 -4.7282
v 0.4397 -0.3632 -4.5172
v 0.4397 0.0059 -4.4329
v 0.4397 0.0344 -4.4922
v 0.4397 0.0859 -4.5332
v 0.4397 0.0344 -4.4922
v 0.0009 0.0344 -4.4922
v 0.0009 0.0859 -4.5332
v 0.4397 -0.3632 -4.5172
v 0.4397 -0.3632 -4.2829
v 0.4397 0.0059 -4.3671
v 0.4397 0.0059 -4.4329
v 0.4397 -0.3632 -4.2829
v 0.4397 -0.2616 -4.0718
v 0.4397 0.0344 -4.3079
v 0.4397 0.0059 -4.3671
v 0.4397 -0.2616 -4.0718
v 0.4397 -0.0784 -3.9257
v 0.4397 0.0859 -4.2668
v 0.4397 0.0344 -4.3079
v 0.4397 -0.0784 -3.9257
v 0.4397 0.1500 -3.8736
v 0.4397 0.1500 -4.2522
v 0.4397 0.0859 -4.2668
v 0.4397 0.1500 -3.8736
v 0.4397 0.3784 -3.9257
v 0.4397 0.2141 -4.2668
v 0.4397 0.1500 -4.2522
v 0.4397 0.3784 -3.9257
v 0.4397 0.5616 -4.0718
v 0.4397 0.2656 -4.3079
v 0.4397 0.2141 -4.2668
v 0.4397 0.5616 -4.0718
v 0.4397 0.6632 -4.2829
v 0.4397 0.2941 -4.3671
v 0.4397 0.2656 -4.3079
v 0.4397 0.6632 -4.2829
v 0.4397 0.6632 -4.5172
v 0.4397 0.2941 -4.4329
v 0.4397 0.2941 -4.3671
v 0.4397 0.6632 -4.5172
v 0.4397 0.5616 -4.7282
v 0.4397 0.2656 -4.4922
v 0.4397 0.2941 -4.4329
v 0.4397 0.5616 -4.7282
v 0.4397 0.3784 -4.8743
v 0.4397 0.2141 -4.5332
v 0.4397 0.2656 -4.4922
v 0.4397 0.3784 -4.8743
v 0.4397 0.1500 -4.9264
v 0.4397 0.1500 -4.5478
v 0.4397 0.2141 -4.5332
v 0.4397 0.1500 -4.9264
v 0.4397 -0.0784 -4.8743
v 0.4397 0.0859 -4.5332
v 0.4397 0.1500 -4.5478
v 0.4397 -0.0784 -4.8743
v 0.4397 -0.2616 -4.7282
v 0.4397 0.0344 -4.4922
v 0.4397 0.0859 -4.5332
v 0.4397 0.0344 -4.4922
v 0.4397 0.0059 -4.4329
v 0.0009 0.0059 -4.4329
v 0.0009 0.0344 -4.4922
v 0.4397 0.0059 -4.4329
v 0.4397 0.0059 -4.3671
v 0.0009 0.0059 -4.3671
v 0.0009 0.0059 -4.4329
v 0.4397 0.0059 -4.3671
v 0.4397 0.0344 -4.3079
v 0.0009 0.0344 -4.3079
v 0.0009 0.0059 -4.3671
v 0.4397 0.0344 -4.3079
v 0.4397 0.0859 -4.2668
v 0.0009 0.0859 -4.2668
v 0.0009 0.0344 -4.3079
v 0.4397 0.0859 -4.2668
v 0.4397 0.1500 -4.2522
v 0.0009 0.1500 -4.2522
v 0.0009 0.0859 -4.2668
v 0.4397 0.1500 -4.2522
v 0.4397 0.2141 -4.2668
v 0.0009 0.2141 -4.2668
v 0.0009 0.1500 -4.2522
v 0.4397 0.2141 -4.2668
v 0.4397 0.2656 -4.3079
v 0.0009 0.2656 -4.3079
v 0.0009 0.2141 -4.2668
v 0.4397 0.2656 -4.3079
v 0.4397 0.2941 -4.3671
v 0.0009 0.2941 -4.3671
v 0.0009 0.2656 -4.3079
v 0.4397 0.2941 -4.3671
v 0.4397 0.2941 -4.4329
v 0.0009 0.2941 -4.4329
v 0.0009 0.2941 -4.3671
v 0.4397 0.2941 -4.4329
v 0.4397 0.2656 -4.4922
v 0.0009 0.2656 -4.4922
v 0.0009 0.2941 -4.4329
v 0.4397 0.2656 -4.4922
v 0.4397 0.2141 -4.5332
v 0.0009 0.2141 -4.5332
v 0.0009 0.2656 -4.4922
v 0.4397 0.2141 -4.5332
v 0.4397 0.1500 -4.5478
v 0.0009 0.1500 -4.5478
v 0.0009 0.2141 -4.5332
v 0.4397 0.1500 -4.5478
v 0.4397 0.0859 -4.5332
v 0.0009 0.0859 -4.5332
v 0.0009 0.1500 -4.5478
v 0.7140 -0.2616 -4.0718
v 0.7140 -0.3632 -4.5172
v 0.7140 -0.3632 -4.2829
v 0.7140 -0.2616 -4.7282
v 0.7140 -0.0784 -3.9257
v 0.7140 -0.0784 -4.8743
v 0.7140 0.1500 -3.8736
v 0.7140 0.1500 -4.9264
v 0.7140 0.3784 -3.9257
v 0.7140 0.3784 -4.8743
v 0.7140 0.5616 -4.7282
v 0.7140 0.5616 -4.0718
v 0.7140 0.6632 -4.2829
v 0.7140 0.6632 -4.5172
v 0.9609 0.0392 -4.4884
v 0.9609 0.0118 -4.3685
v 0.9609 0.0118 -4.4316
v 0.9609 0.0392 -4.3116
v 0.9609 0.0885 -4.5277
v 0.9609 0.0885 -4.2723
v 0.9609 0.1500 -4.5418
v 0.9609 0.1500 -4.2583
v 0.9609 0.2115 -4.2723
v 0.9609 0.2115 -4.5277
v 0.9609 0.2608 -4.4884
v 0.9609 0.2608 -4.3116
v 0.9609 0.2882 -4.3685
v 0.9609 0.2882 -4.4316
v 0.6867 0.0392 -4.4884
v 0.6867 0.0118 -4.3685
v 0.6867 0.0118 -4.4316
v 0.6867 0.0392 -4.3116
v 0.6867 0.0885 -4.5277
v 0.6867 0.0885 -4.2723
v 0.6867 0.1500 -4.2583
v 0.6867 0.1500 -4.5418
v 0.6867 0.2115 -4.2723
v 0.6867 0.2115 -4.5277
v 0.6867 0.2608 -4.4884
v 0.6867 0.2608 -4.3116
v 0.6867 0.2882 -4.3685
v 0.6867 0.2882 -4.4316
v 0.9584 0.0079 -4.6951
v 0.9584 0.0079 -4.6951
v 0.9584 0.1500 -4.7276
v 0.9584 0.1500 -4.7276
v 0.9584 -0.1061 -4.6042
v 0.9584 -0.1061 -4.6042
v 0.9584 -0.1693 -4.4729
v 0.9584 -0.1693 -4.4729
v 0.9584 -0.1693 -4.3271
v 0.9584 -0.1693 -4.3271
v 0.9584 -0.1061 -4.1958
v 0.9584 -0.1061 -4.1958
v 0.9584 0.0079 -4.1049
v 0.9584 0.0079 -4.1049
v 0.9584 0.1500 -4.0725
v 0.9584 0.1500 -4.0725
v 0.9584 0.2921 -4.1049
v 0.9584 0.2921 -4.1049
v 0.9584 0.4061 -4.1958
v 0.9584 0.4061 -4.1958
v 0.9584 0.4693 -4.3271
v 0.9584 0.4693 -4.3271
v 0.9584 0.4693 -4.4729
v 0.9584 0.4693 -4.4729
v 0.9584 0.4061 -4.6042
v 0.9584 0.4061 -4.6042
v 0.9584 0.2921 -4.6951
v 0.9584 0.2921 -4.6951
v 0.8061 0.0885 -4.5277
v 0.8061 0.1500 -4.5418
v 0.8061 0.0392 -4.4884
v 0.8061 0.0392 -4.4884
v 0.8061 0.0118 -4.4316
v 0.8061 0.0118 -4.4316
v 0.8061 0.0118 -4.3685
v 0.8061 0.0118 -4.3685
v 0.8061 0.0392 -4.3116
v 0.8061 0.0392 -4.3116
v 0.8061 0.0885 -4.2723
v 0.8061 0.0885 -4.2723
v 0.8061 0.1500 -4.2583
v 0.8061 0.1500 -4.2583
v 0.8061 0.2115 -4.2723
v 0.8061 0.2115 -4.2723
v 0.8061 0.2608 -4.3116
v 0.8061 0.2608 -4.3116
v 0.8061 0.2882 -4.3685
v 0.8061 0.2882 -4.3685
v 0.8061 0.2882 -4.4316
v 0.8061 0.2882 -4.4316
v 0.8061 0.2608 -4.4884
v 0.8061 0.2608 -4.4884
v 0.8061 0.2115 -4.5277
v 0.8061 0.0079 -4.6951
v 0.8061 0.0079 -4.6951
v 0.8061 0.0079 -4.6951
v 0.8061 0.1500 -4.7276
v 0.8061 0.1500 -4.7276
v 0.8061 0.1500 -4.7276
v 0.8061 -0.1061 -4.6042
v 0.8061 -0.1061 -4.6042
v 0.8061 -0.1061 -4.6042
v 0.8061 -0.1061 -4.6042
v 0.8061 -0.1693 -4.4729
v 0.8061 -0.1693 -4.4729
v 0.8061 -0.1693 -4.4729
v 0.8061 -0.1693 -4.4729
v 0.8061 -0.1693 -4.3271
v 0.8061 -0.1693 -4.3271
v 0.8061 -0.1693 -4.3271
v 0.8061 -0.1693 -4.3271
v 0.8061 -0.1061 -4.1958
v 0.8061 -0.1061 -4.1958
v 0.8061 -0.1061 -4.1958
v 0.8061 -0.1061 -4.1958
v 0.8061 0.0079 -4.1049
v 0.8061 0.0079 -4.1049
v 0.8061 0.0079 -4.1049
v 0.8061 0.0079 -4.1049
v 0.8061 0.1500 -4.0725
v 0.8061 0.1500 -4.0725
v 0.8061 0.1500 -4.0725
v 0.8061 0.1500 -4.0725
v 0.8061 0.2921 -4.1049
v 0.8061 0.2921 -4.1049
v 0.8061 0.2921 -4.1049
v 0.8061 0.2921 -4.1049
v 0.8061 0.4061 -4.1958
v 0.8061 0.4061 -4.1958
v 0.8061 0.4061 -4.1958
v 0.8061 0.4061 -4.1958
v 0.8061 0.4693 -4.3271
v 0.8061 0.4693 -4.3271
v 0.8061 0.4693 -4.3271
v 0.8061 0.4693 -4.3271
v 0.8061 0.4693 -4.4729
v 0.8061 0.4693 -4.4729
v 0.8061 0.4693 -4.4729
v 0.8061 0.4693 -4.4729
v 0.8061 0.4061 -4.6042
v 0.8061 0.4061 -4.6042
v 0.8061 0.4061 -4.6042
v 0.8061 0.4061 -4.6042
v 0.8061 0.2921 -4.6951
v 0.8061 0.2921 -4.6951
v 0.8061 0.2921 -4.6951
v 0.8011 0.3326 -4.3734
v 0.8461 0.3326 -4.3734
v 0.8461 0.3926 -4.3734
v 0.8011 0.3926 -4.3734
v 0.8011 0.3326 -4.3134
v 0.8461 0.3326 -4.3134
v 0.8461 0.3926 -4.3134
v 0.8011 0.3926 -4.3134
v 0.8011 0.1773 -4.2176
v 0.8461 0.1773 -4.2176
v 0.8461 0.2373 -4.2176
v 0.8011 0.2373 -4.2176
v 0.8011 0.1773 -4.1576
v 0.8461 0.1773 -4.1576
v 0.8461 0.2373 -4.1576
v 0.8011 0.2373 -4.1576
v 0.8011 -0.0353 -4.2742
v 0.8461 -0.0353 -4.2742
v 0.8461 0.0247 -4.2742
v 0.8011 0.0247 -4.2742
v 0.8011 -0.0353 -4.2142
v 0.8461 -0.0353 -4.2142
v 0.8461 0.0247 -4.2142
v 0.8011 0.0247 -4.2142
v 0.8011 -0.0926 -4.4866
v 0.8461 -0.0926 -4.4866
v 0.8461 -0.0326 -4.4866
v 0.8011 -0.0326 -4.4866
v 0.8011 -0.0926 -4.4266
v 0.8461 -0.0926 -4.4266
v 0.8461 -0.0326 -4.4266
v 0.8011 -0.0326 -4.4266
v 0.8011 0.0627 -4.6424
v 0.8461 0.0627 -4.6424
v 0.8461 0.1227 -4.6424
v 0.8011 0.1227 -4.6424
v 0.8011 0.0627 -4.5824
v 0.8461 0.0627 -4.5824
v 0.8461 0.1227 -4.5824
v 0.8011 0.1227 -4.5824
v 0.8011 0.2753 -4.5858
v 0.8461 0.2753 -4.5858
v 0.8461 0.3353 -4.5858
v 0.8011 0.3353 -4.5858
v 0.8011 0.2753 -4.5258
v 0.8461 0.2753 -4.5258
v 0.8461 0.3353 -4.5258
v 0.8011 0.3353 -4.5258
vt 0.06250 0.06250
vt 0.18750 0.06250
vt 0.31250 0.06250
vt 0.43750 0.06250
vt 0.56250 0.06250
vt 0.68750 0.06250
vt 0.81250 0.06250
vt 0.93750 0.06250
vt 0.06250 0.18750
vt 0.18750 0.18750
vt 0.31250 0.18750
vt 0.43750 0.18750
vt 0.56250 0.18750
vt 0.68750 0.18750
vt 0.81250 0.18750
vt 0.93750 0.18750
vt 0.06250 0.31250
vt 0.18750 0.31250
vt 0.31250 0.31250
vt 0.43750 0.31250
vt 0.56250 0.31250
vt 0.68750 0.31250
f 2277/67 2278/67 2279/67
f 2277/67 2279/67 2280/67
f 2281/67 2282/67 2283/67
f 2281/67 2283/67 2284/67
f 2285/67 2286/67 2287/67
f 2285/67 2287/67 2288/67
f 2289/67 2290/67 2291/67
f 2289/67 2291/67 2292/67
f 2293/67 2294/67 2295/67
f 2293/67 2295/67 2296/67
f 2297/67 2298/67 2299/67
f 2297/67 2299/67 2300/67
f 2301/67 2302/67 2303/67
f 2301/67 2303/67 2304/67
f 2305/67 2306/67 2307/67
f 2305/67 2307/67 2308/67
f 2309/67 2310/67 2311/67
f 2309/67 2311/67 2312/67
f 2313/67 2314/67 2315/67
f 2313/67 2315/67 2316/67
f 2317/67 2318/67 2319/67
f 2317/67 2319/67 2320/67
f 2321/67 2322/67 2323/67
f 2321/67 2323/67 2324/67
f 2325/67 2326/67 2327/67
f 2325/67 2327/67 2328/67
f 2329/67 2330/67 2331/67
f 2329/67 2331/67 2332/67
f 2333/67 2334/67 2335/67
f 2333/67 2335/67 2336/67
f 2337/67 2338/67 2339/67
f 2337/67 2339/67 2340/67
f 2341/67 2342/67 2343/67
f 2341/67 2343/67 2344/67
f 2345/67 2346/67 2347/67
f 2345/67 2347/67 2348/67
f 2349/67 2350/67 2351/67
f 2349/67 2351/67 2352/67
f 2353/67 2354/67 2355/67
f 2353/67 2355/67 2356/67
f 2357/67 2358/67 2359/67
f 2357/67 2359/67 2360/67
f 2361/67 2362/67 2363/67
f 2361/67 2363/67 2364/67
f 2365/67 2366/67 2367/67
f 2365/67 2367/67 2368/67
f 2369/67 2370/67 2371/67
f 2369/67 2371/67 2372/67
f 2373/67 2374/67 2375/67
f 2373/67 2375/67 2376/67
f 2377/67 2378/67 2379/67
f 2377/67 2379/67 2380/67
f 2381/67 2382/67 2383/67
f 2381/67 2383/67 2384/67
f 2385/67 2386/67 2387/67
f 2385/67 2387/67 2388/67
f 2389/67 2390/67 2391/67
f 2389/67 2391/67 2392/67
f 2393/67 2394/67 2395/67
f 2393/67 2395/67 2396/67
f 2397/67 2398/67 2399/67
f 2397/67 2399/67 2400/67
f 2398/67 2401/67 2402/67
f 2398/67 2402/67 2399/67
f 2403/67 2404/67 2405/67
f 2403/67 2405/67 2406/67
f 2407/67 2408/67 2409/67
f 2407/67 2409/67 2410/67
f 2408/67 2411/67 2412/67
f 2408/67 2412/67 2409/67
f 2411/67 2413/67 2414/67
f 2411/67 2414/67 2412/67
f 2413/67 2415/67 2416/67
f 2413/67 2416/67 2414/67
f 2417/67 2418/67 2419/67
f 2417/67 2419/67 2420/67
f 2421/67 2422/67 2423/67
f 2421/67 2423/67 2424/67
f 2425/67 2426/67 2427/67
f 2425/67 2427/67 2428/67
f 2429/67 2430/67 2431/67
f 2429/67 2431/67 2432/67
f 2433/67 2389/67 2392/67
f 2433/67 2392/67 2434/67
f 2435/67 2436/67 2437/67
f 2435/67 2437/67 2438/67
f 2439/67 2440/67 2441/67
f 2439/67 2441/67 2442/67
f 2443/67 2444/67 2445/67
f 2443/67 2445/67 2446/67
f 2447/67 2448/67 2449/67
f 2447/67 2449/67 2450/67
f 2451/67 2452/67 2453/67
f 2451/67 2453/67 2454/67
f 2455/67 2456/67 2457/67
f 2455/67 2457/67 2458/67
f 2459/67 2460/67 2461/67
f 2459/67 2461/67 2462/67
f 2463/67 2464/67 2465/67
f 2463/67 2465/67 2466/67
f 2467/67 2468/67 2469/67
f 2467/67 2469/67 2470/67
f 2471/67 2472/67 2473/67
f 2471/67 2473/67 2474/67
f 2475/67 2476/67 2477/67
f 2475/67 2477/67 2478/67
f 2479/67 2480/67 2481/67
f 2479/67 2481/67 2482/67
f 2483/67 2484/67 2485/67
f 2483/67 2485/67 2486/67
f 2487/67 2488/67 2489/67
f 2487/67 2489/67 2490/67
f 2491/67 2492/67 2493/67
f 2491/67 2493/67 2494/67
f 2495/67 2496/67 2497/67
f 2495/67 2497/67 2498/67
f 2499/67 2500/67 2501/67
f 2499/67 2501/67 2502/67
f 2503/67 2504/67 2505/67
f 2503/67 2505/67 2506/67
f 2507/67 2508/67 2509/67
f 2507/67 2509/67 2510/67
f 2511/67 2512/67 2513/67
f 2511/67 2513/67 2514/67
f 2515/67 2516/67 2517/67
f 2515/67 2517/67 2518/67
f 2519/67 2520/67 2521/67
f 2519/67 2521/67 2522/67
f 2523/67 2524/67 2525/67
f 2523/67 2525/67 2526/67
f 2527/67 2528/67 2529/67
f 2527/67 2529/67 2530/67
f 2531/67 2532/67 2533/67
f 2531/67 2533/67 2534/67
f 2535/67 2536/67 2537/67
f 2535/67 2537/67 2538/67
f 2539/67 2540/67 2541/67
f 2539/67 2541/67 2542/67
f 2543/67 2544/67 2545/67
f 2543/67 2545/67 2546/67
f 2547/67 2548/67 2549/67
f 2547/67 2549/67 2550/67
f 2551/67 2552/67 2553/67
f 2551/67 2553/67 2554/67
f 2555/67 2556/67 2557/67
f 2555/67 2557/67 2558/67
f 2559/67 2560/67 2561/67
f 2559/67 2561/67 2562/67
f 2563/67 2564/67 2565/67
f 2563/67 2565/67 2566/67
f 2567/67 2568/67 2569/67
f 2567/67 2569/67 2570/67
f 2571/67 2572/67 2573/67
f 2571/67 2573/67 2574/67
f 2575/67 2576/67 2577/67
f 2575/67 2577/67 2578/67
f 2579/67 2580/67 2581/67
f 2579/67 2581/67 2582/67
f 2583/67 2584/67 2585/67
f 2583/67 2585/67 2586/67
f 2587/67 2588/67 2589/67
f 2587/67 2589/67 2590/67
f 2591/67 2592/67 2593/67
f 2591/67 2593/67 2594/67
f 2595/67 2596/67 2597/67
f 2595/67 2597/67 2598/67
f 2599/67 2600/67 2601/67
f 2599/67 2601/67 2602/67
f 2603/67 2604/67 2605/67
f 2603/67 2605/67 2606/67
f 2607/67 2608/67 2609/67
f 2607/67 2609/67 2610/67
f 2611/67 2612/67 2613/67
f 2611/67 2613/67 2614/67
f 2615/67 2616/67 2617/67
f 2615/67 2617/67 2618/67
f 2619/67 2620/67 2621/67
f 2619/67 2621/67 2622/67
f 2623/67 2624/67 2625/67
f 2623/67 2625/67 2626/67
f 2627/67 2628/67 2629/67
f 2627/67 2629/67 2630/67
f 2631/67 2632/67 2633/67
f 2631/67 2633/67 2634/67
f 2635/67 2636/67 2637/67
f 2635/67 2637/67 2638/67
f 2639/67 2640/67 2641/67
f 2639/67 2641/67 2642/67
f 2643/67 2644/67 2645/67
f 2643/67 2645/67 2646/67
f 2647/67 2648/67 2649/67
f 2647/67 2649/67 2650/67
f 2651/67 2652/67 2653/67
f 2651/67 2653/67 2654/67
f 2655/67 2656/67 2657/67
f 2655/67 2657/67 2658/67
f 2659/67 2660/67 2661/67
f 2659/67 2661/67 2662/67
f 2663/67 2664/67 2665/67
f 2663/67 2665/67 2666/67
f 2667/67 2668/67 2669/67
f 2667/67 2669/67 2670/67
f 2671/67 2672/67 2673/67
f 2671/67 2673/67 2674/67
f 2672/67 2675/67 2676/67
f 2672/67 2676/67 2673/67
f 2677/67 2678/67 2679/67
f 2677/67 2679/67 2680/67
f 2681/67 2682/67 2683/67
f 2681/67 2683/67 2684/67
f 2685/67 2686/67 2687/67
f 2685/67 2687/67 2688/67
f 2686/67 2689/67 2690/67
f 2686/67 2690/67 2687/67
f 2691/67 2692/67 2693/67
f 2691/67 2693/67 2694/67
f 2695/67 2696/67 2697/67
f 2695/67 2697/67 2698/67
f 2699/67 2700/67 2701/67
f 2699/67 2701/67 2702/67
f 2703/67 2704/67 2705/67
f 2703/67 2705/67 2706/67
f 2707/67 2708/67 2709/67
f 2707/67 2709/67 2710/67
f 2711/67 2712/67 2713/67
f 2711/67 2713/67 2714/67
f 2715/67 2716/67 2717/67
f 2715/67 2717/67 2718/67
f 2719/67 2720/67 2721/67
f 2719/67 2721/67 2722/67
f 2723/67 2724/67 2725/67
f 2723/67 2725/67 2726/67
f 2727/67 2728/67 2729/67
f 2727/67 2729/67 2730/67
f 2731/67 2732/67 2733/67
f 2731/67 2733/67 2734/67
f 2735/67 2736/67 2737/67
f 2735/67 2737/67 2738/67
f 2739/67 2740/67 2741/67
f 2739/67 2741/67 2742/67
f 2743/67 2744/67 2745/67
f 2743/67 2745/67 2746/67
f 2747/67 2748/67 2749/67
f 2747/67 2749/67 2750/67
f 2751/67 2752/67 2753/67
f 2751/67 2753/67 2754/67
f 2755/67 2756/67 2757/67
f 2755/67 2757/67 2758/67
f 2759/67 2760/67 2761/67
f 2759/67 2761/67 2762/67
f 2763/67 2764/67 2765/67
f 2763/67 2765/67 2766/67
f 2767/67 2768/67 2769/67
f 2767/67 2769/67 2770/67
f 2771/67 2772/67 2773/67
f 2771/67 2773/67 2774/67
f 2775/67 2776/67 2777/67
f 2775/67 2777/67 2778/67
f 2779/67 2780/67 2781/67
f 2779/67 2781/67 2782/67
f 2783/67 2784/67 2785/67
f 2783/67 2785/67 2786/67
f 2787/67 2788/67 2789/67
f 2787/67 2789/67 2790/67
f 2791/67 2792/67 2793/67
f 2791/67 2793/67 2794/67
f 2795/67 2796/67 2797/67
f 2795/67 2797/67 2798/67
f 2799/67 2800/67 2801/67
f 2799/67 2801/67 2802/67
f 2803/67 2804/67 2805/67
f 2803/67 2805/67 2806/67
f 2807/67 2808/67 2809/67
f 2807/67 2809/67 2810/67
f 2811/67 2812/67 2813/67
f 2811/67 2813/67 2814/67
f 2815/67 2816/67 2817/67
f 2815/67 2817/67 2818/67
f 2819/67 2820/67 2821/67
f 2819/67 2821/67 2822/67
f 2823/67 2824/67 2825/67
f 2823/67 2825/67 2826/67
f 2827/67 2828/67 2829/67
f 2827/67 2829/67 2830/67
f 2831/67 2832/67 2833/67
f 2831/67 2833/67 2834/67
f 2835/67 2836/67 2837/67
f 2835/67 2837/67 2838/67
f 2839/67 2840/67 2841/67
f 2839/67 2841/67 2842/67
f 2843/67 2844/67 2845/67
f 2843/67 2845/67 2846/67
f 2847/67 2848/67 2849/67
f 2847/67 2849/67 2850/67
f 2851/67 2852/67 2853/67
f 2851/67 2853/67 2854/67
f 2852/67 2855/67 2856/67
f 2852/67 2856/67 2853/67
f 2857/67 2858/67 2859/67
f 2857/67 2859/67 2860/67
f 2861/67 2862/67 2863/67
f 2861/67 2863/67 2864/67
f 2865/67 2866/67 2867/67
f 2865/67 2867/67 2868/67
f 2869/67 2870/67 2871/67
f 2869/67 2871/67 2872/67
f 2873/67 2874/67 2875/67
f 2873/67 2875/67 2876/67
f 2877/67 2878/67 2879/67
f 2877/67 2879/67 2880/67
f 2881/67 2882/67 2883/67
f 2881/67 2883/67 2884/67
f 2885/67 2886/67 2887/67
f 2885/67 2887/67 2888/67
f 2889/67 2890/67 2891/67
f 2889/67 2891/67 2892/67
f 2893/67 2894/67 2895/67
f 2893/67 2895/67 2896/67
f 2897/67 2898/67 2899/67
f 2897/67 2899/67 2900/67
f 2901/67 2902/67 2903/67
f 2901/67 2903/67 2904/67
f 2905/67 2906/67 2907/67
f 2905/67 2907/67 2908/67
f 2909/67 2910/67 2911/67
f 2909/67 2911/67 2912/67
f 2913/67 2914/67 2915/67
f 2913/67 2915/67 2916/67
f 2917/67 2918/67 2919/67
f 2917/67 2919/67 2920/67
f 2921/67 2922/67 2923/67
f 2921/67 2923/67 2924/67
f 2925/67 2926/67 2927/67
f 2925/67 2927/67 2928/67
f 2929/67 2930/67 2931/67
f 2929/67 2931/67 2932/67
f 2933/67 2934/67 2935/67
f 2933/67 2935/67 2936/67
f 2937/67 2938/67 2939/67
f 2937/67 2939/67 2940/67
f 2941/67 2942/67 2943/67
f 2941/67 2943/67 2944/67
f 2945/67 2946/67 2947/67
f 2945/67 2947/67 2948/67
f 2949/67 2950/67 2951/67
f 2949/67 2951/67 2952/67
f 2953/67 2954/67 2955/67
f 2953/67 2955/67 2956/67
f 2957/67 2958/67 2959/67
f 2957/67 2959/67 2960/67
f 2961/67 2962/67 2963/67
f 2961/67 2963/67 2964/67
f 2965/67 2966/67 2967/67
f 2965/67 2967/67 2968/67
f 2969/67 2970/67 2971/67
f 2969/67 2971/67 2972/67
f 2973/67 2974/67 2975/67
f 2973/67 2975/67 2976/67
f 2977/67 2978/67 2979/67
f 2977/67 2979/67 2980/67
f 2981/67 2982/67 2983/67
f 2981/67 2983/67 2984/67
f 2985/67 2986/67 2987/67
f 2985/67 2987/67 2988/67
f 2989/67 2990/67 2991/67
f 2989/67 2991/67 2992/67
f 2993/67 2994/67 2995/67
f 2993/67 2995/67 2996/67
f 2997/67 2998/67 2999/67
f 2997/67 2999/67 3000/67
f 3001/67 3002/67 3003/67
f 3001/67 3003/67 3004/67
f 3005/67 3006/67 3007/67
f 3005/67 3007/67 3008/67
f 3009/67 3010/67 3011/67
f 3009/67 3011/67 3012/67
f 3013/67 3014/67 3015/67
f 3013/67 3015/67 3016/67
f 3017/67 3018/67 3019/67
f 3017/67 3019/67 3020/67
f 3021/67 3022/67 3023/67
f 3021/67 3023/67 3024/67
f 3025/67 3026/67 3027/67
f 3025/67 3027/67 3028/67
f 3029/67 3030/67 3031/67
f 3029/67 3031/67 3032/67
f 3033/67 3034/67 3035/67
f 3033/67 3035/67 3036/67
f 3037/67 3038/67 3039/67
f 3037/67 3039/67 3040/67
f 3041/67 3042/67 3043/67
f 3041/67 3043/67 3044/67
f 3045/67 3046/67 3047/67
f 3046/67 3045/67 3048/67
f 3048/67 3045/67 3049/67
f 3048/67 3049/67 3050/67
f 3050/67 3049/67 3051/67
f 3050/67 3051/67 3052/67
f 3052/67 3051/67 3053/67
f 3052/67 3053/67 3054/67
f 3054/67 3053/67 3055/67
f 3055/67 3053/67 3056/67
f 3055/67 3056/67 3057/67
f 3055/67 3057/67 3058/67
f 3059/67 3060/67 3061/67
f 3060/67 3059/67 3062/67
f 3062/67 3059/67 3063/67
f 3062/67 3063/67 3064/67
f 3064/67 3063/67 3065/67
f 3064/67 3065/67 3066/67
f 3066/67 3065/67 3067/67
f 3067/67 3065/67 3068/67
f 3067/67 3068/67 3069/67
f 3067/67 3069/67 3070/67
f 3070/67 3069/67 3071/67
f 3071/67 3069/67 3072/67
f 3073/67 3074/67 3075/67
f 3074/67 3073/67 3076/67
f 3076/67 3073/67 3077/67
f 3076/67 3077/67 3078/67
f 3078/67 3077/67 3079/67
f 3079/67 3077/67 3080/67
f 3079/67 3080/67 3081/67
f 3081/67 3080/67 3082/67
f 3081/67 3082/67 3083/67
f 3081/67 3083/67 3084/67
f 3084/67 3083/67 3085/67
f 3085/67 3083/67 3086/67
f 3111/84 3110/84 3183/84
f 3111/84 3183/84 3186/84
f 3098/84 3095/84 3154/84
f 3098/84 3154/84 3159/84
f 3113/84 3112/84 3187/84
f 3113/84 3187/84 3190/84
f 3100/84 3097/84 3158/84
f 3100/84 3158/84 3163/84
f 3090/84 3114/84 3191/84
f 3090/84 3191/84 3144/84
f 3101/84 3099/84 3162/84
f 3101/84 3162/84 3166/84
f 3104/84 3102/84 3167/84
f 3104/84 3167/84 3171/84
f 3087/84 3089/84 3143/84
f 3087/84 3143/84 3140/84
f 3106/84 3103/84 3170/84
f 3106/84 3170/84 3175/84
f 3091/84 3088/84 3141/84
f 3091/84 3141/84 3146/84
f 3108/84 3105/84 3174/84
f 3108/84 3174/84 3179/84
f 3093/84 3092/84 3147/84
f 3093/84 3147/84 3150/84
f 3109/84 3107/84 3178/84
f 3109/84 3178/84 3182/84
f 3096/84 3094/84 3151/84
f 3096/84 3151/84 3155/84
f 3116/84 3115/84 3142/84
f 3116/84 3142/84 3145/84
f 3115/84 3117/84 3148/84
f 3115/84 3148/84 3142/84
f 3118/84 3119/84 3152/84
f 3118/84 3152/84 3149/84
f 3120/84 3122/84 3157/84
f 3120/84 3157/84 3153/84
f 3121/84 3124/84 3161/84
f 3121/84 3161/84 3156/84
f 3123/84 3125/84 3164/84
f 3123/84 3164/84 3160/84
f 3126/84 3127/84 3168/84
f 3126/84 3168/84 3165/84
f 3128/84 3130/84 3173/84
f 3128/84 3173/84 3169/84
f 3129/84 3131/84 3176/84
f 3129/84 3176/84 3172/84
f 3132/84 3134/84 3181/84
f 3132/84 3181/84 3177/84
f 3133/84 3136/84 3185/84
f 3133/84 3185/84 3180/84
f 3135/84 3137/84 3188/84
f 3135/84 3188/84 3184/84
f 3138/84 3139/84 3192/84
f 3138/84 3192/84 3189/84
f 3139/84 3116/84 3145/84
f 3139/84 3145/84 3192/84
f 3193/76 3196/76 3195/76
f 3193/76 3195/76 3194/76
f 3197/76 3198/76 3199/76
f 3197/76 3199/76 3200/76
f 3193/76 3197/76 3200/76
f 3193/76 3200/76 3196/76
f 3194/76 3195/76 3199/76
f 3194/76 3199/76 3198/76
f 3193/76 3194/76 3198/76
f 3193/76 3198/76 3197/76
f 3196/76 3200/76 3199/76
f 3196/76 3199/76 3195/76
f 3201/76 3204/76 3203/76
f 3201/76 3203/76 3202/76
f 3205/76 3206/76 3207/76
f 3205/76 3207/76 3208/76
f 3201/76 3205/76 3208/76
f 3201/76 3208/76 3204/76
f 3202/76 3203/76 3207/76
f 3202/76 3207/76 3206/76
f 3201/76 3202/76 3206/76
f 3201/76 3206/76 3205/76
f 3204/76 3208/76 3207/76
f 3204/76 3207/76 3203/76
f 3209/76 3212/76 3211/76
f 3209/76 3211/76 3210/76
f 3213/76 3214/76 3215/76
f 3213/76 3215/76 3216/76
f 3209/76 3213/76 3216/76
f 3209/76 3216/76 3212/76
f 3210/76 3211/76 3215/76
f 3210/76 3215/76 3214/76
f 3209/76 3210/76 3214/76
f 3209/76 3214/76 3213/76
f 3212/76 3216/76 3215/76
f 3212/76 3215/76 3211/76
f 3217/76 3220/76 3219/76
f 3217/76 3219/76 3218/76
f 3221/76 3222/76 3223/76
f 3221/76 3223/76 3224/76
f 3217/76 3221/76 3224/76
f 3217/76 3224/76 3220/76
f 3218/76 3219/76 3223/76
f 3218/76 3223/76 3222/76
f 3217/76 3218/76 3222/76
f 3217/76 3222/76 3221/76
f 3220/76 3224/76 3223/76
f 3220/76 3223/76 3219/76
f 3225/76 3228/76 3227/76
f 3225/76 3227/76 3226/76
f 3229/76 3230/76 3231/76
f 3229/76 3231/76 3232/76
f 3225/76 3229/76 3232/76
f 3225/76 3232/76 3228/76
f 3226/76 3227/76 3231/76
f 3226/76 3231/76 3230/76
f 3225/76 3226/76 3230/76
f 3225/76 3230/76 3229/76
f 3228/76 3232/76 3231/76
f 3228/76 3231/76 3227/76
f 3233/76 3236/76 3235/76
f 3233/76 3235/76 3234/76
f 3237/76 3238/76 3239/76
f 3237/76 3239/76 3240/76
f 3233/76 3237/76 3240/76
f 3233/76 3240/76 3236/76
f 3234/76 3235/76 3239/76
f 3234/76 3239/76 3238/76
f 3233/76 3234/76 3238/76
f 3233/76 3238/76 3237/76
f 3236/76 3240/76 3239/76
f 3236/76 3239/76 3235/76
v -0.4397 0.0859 -4.5338
v -0.0009 0.0859 -4.5338
v -0.0009 0.0344 -4.4928
v -0.4397 0.0344 -4.4928
v -0.4397 0.0344 -4.4928
v -0.0009 0.0344 -4.4928
v -0.0009 0.0059 -4.4335
v -0.4397 0.0059 -4.4335
v -0.4397 0.0059 -4.4335
v -0.0009 0.0059 -4.4335
v -0.0009 0.0059 -4.3677
v -0.4397 0.0059 -4.3677
v -0.4397 0.0059 -4.3677
v -0.0009 0.0059 -4.3677
v -0.0009 0.0344 -4.3085
v -0.4397 0.0344 -4.3085
v -0.4397 0.0344 -4.3085
v -0.0009 0.0344 -4.3085
v -0.0009 0.0859 -4.2674
v -0.4397 0.0859 -4.2674
v -0.4397 0.0859 -4.2674
v -0.0009 0.0859 -4.2674
v -0.0009 0.1500 -4.2528
v -0.4397 0.1500 -4.2528
v -0.4397 0.1500 -4.2528
v -0.0009 0.1500 -4.2528
v -0.0009 0.2141 -4.2674
v -0.4397 0.2141 -4.2674
v -0.4397 0.2141 -4.2674
v -0.0009 0.2141 -4.2674
v -0.0009 0.2656 -4.3085
v -0.4397 0.2656 -4.3085
v -0.4397 0.2656 -4.3085
v -0.0009 0.2656 -4.3085
v -0.0009 0.2941 -4.3677
v -0.4397 0.2941 -4.3677
v -0.4397 0.2941 -4.3677
v -0.0009 0.2941 -4.3677
v -0.0009 0.2941 -4.4335
v -0.4397 0.2941 -4.4335
v -0.4397 0.2941 -4.4335
v -0.0009 0.2941 -4.4335
v -0.0009 0.2656 -4.4928
v -0.4397 0.2656 -4.4928
v -0.4397 0.2656 -4.4928
v -0.0009 0.2656 -4.4928
v -0.0009 0.2141 -4.5338
v -0.4397 0.2141 -4.5338
v -0.4397 0.2141 -4.5338
v -0.0009 0.2141 -4.5338
v -0.0009 0.1500 -4.5484
v -0.4397 0.1500 -4.5484
v -0.4397 0.1500 -4.5484
v -0.0009 0.1500 -4.5484
v -0.0009 0.0859 -4.5338
v -0.4397 0.0859 -4.5338
v -0.0009 0.0344 -4.4928
v -0.0009 0.0059 -4.3677
v -0.0009 0.0059 -4.4335
v -0.0009 0.0344 -4.3085
v -0.0009 0.0859 -4.5338
v -0.0009 0.0859 -4.2674
v -0.0009 0.1500 -4.2528
v -0.0009 0.1500 -4.5484
v -0.0009 0.2141 -4.5338
v -0.0009 0.2141 -4.2674
v -0.0009 0.2656 -4.4928
v -0.0009 0.2656 -4.3085
v -0.0009 0.2941 -4.4335
v -0.0009 0.2941 -4.3677
v -0.7140 0.1500 -4.9265
v -0.7140 -0.0784 -4.8743
v -0.9424 -0.0784 -4.8743
v -0.9424 0.1500 -4.9265
v -0.7140 -0.0784 -4.8743
v -0.7140 -0.2616 -4.7283
v -0.9424 -0.2616 -4.7283
v -0.9424 -0.0784 -4.8743
v -0.7140 -0.2616 -4.7283
v -0.7140 -0.3632 -4.5172
v -0.9424 -0.3632 -4.5172
v -0.9424 -0.2616 -4.7283
v -0.7140 -0.3632 -4.5172
v -0.7140 -0.3632 -4.2829
v -0.9424 -0.3632 -4.2829
v -0.9424 -0.3632 -4.5172
v -0.7140 -0.3632 -4.2829
v -0.7140 -0.2616 -4.0718
v -0.9424 -0.2616 -4.0718
v -0.9424 -0.3632 -4.2829
v -0.7140 -0.2616 -4.0718
v -0.7140 -0.0784 -3.9257
v -0.9424 -0.0784 -3.9257
v -0.9424 -0.2616 -4.0718
v -0.7140 -0.0784 -3.9257
v -0.7140 0.1500 -3.8736
v -0.9424 0.1500 -3.8736
v -0.9424 -0.0784 -3.9257
v -0.7140 0.1500 -3.8736
v -0.7140 0.3784 -3.9257
v -0.9424 0.3784 -3.9257
v -0.9424 0.1500 -3.8736
v -0.7140 0.3784 -3.9257
v -0.7140 0.5616 -4.0718
v -0.9424 0.5616 -4.0718
v -0.9424 0.3784 -3.9257
v -0.7140 0.5616 -4.0718
v -0.7140 0.6632 -4.2829
v -0.9424 0.6632 -4.2829
v -0.9424 0.5616 -4.0718
v -0.7140 0.6632 -4.2829
v -0.7140 0.6632 -4.5172
v -0.9424 0.6632 -4.5172
v -0.9424 0.6632 -4.2829
v -0.7140 0.6632 -4.5172
v -0.7140 0.5616 -4.7283
v -0.9424 0.5616 -4.7283
v -0.9424 0.6632 -4.5172
v -0.9424 0.5616 -4.7283
v -0.9791 0.5361 -4.7079
v -0.9791 0.6315 -4.5099
v -0.9424 0.6632 -4.5172
v -0.7140 0.5616 -4.7283
v -0.7140 0.3784 -4.8743
v -0.9424 0.3784 -4.8743
v -0.9424 0.5616 -4.7283
v -0.7140 0.3784 -4.8743
v -0.7140 0.1500 -4.9265
v -0.9424 0.1500 -4.9265
v -0.9424 0.3784 -4.8743
v -0.9424 -0.2616 -4.0718
v -0.9791 -0.2361 -4.0921
v -0.9791 -0.3315 -4.2901
v -0.9424 -0.3632 -4.2829
v -0.9424 0.6632 -4.2829
v -0.9791 0.6315 -4.2901
v -0.9791 0.5361 -4.0921
v -0.9424 0.5616 -4.0718
v -0.9424 -0.3632 -4.5172
v -0.9791 -0.3315 -4.5099
v -0.9791 -0.2361 -4.7079
v -0.9424 -0.2616 -4.7283
v -0.9424 0.3784 -3.9257
v -0.9791 0.3643 -3.9551
v -0.9791 0.1500 -3.9062
v -0.9424 0.1500 -3.8736
v -0.9424 -0.0784 -4.8743
v -0.9791 -0.0643 -4.8450
v -0.9791 0.1500 -4.8939
v -0.9424 0.1500 -4.9265
v -0.9424 0.3784 -4.8743
v -0.9791 0.3643 -4.8450
v -0.9791 0.5361 -4.7079
v -0.9424 0.5616 -4.7283
v -0.9424 -0.0784 -3.9257
v -0.9791 -0.0643 -3.9551
v -0.9791 -0.2361 -4.0921
v -0.9424 -0.2616 -4.0718
v -0.9424 0.6632 -4.5172
v -0.9791 0.6315 -4.5099
v -0.9791 0.6315 -4.2901
v -0.9424 0.6632 -4.2829
v -0.9424 -0.3632 -4.2829
v -0.9791 -0.3315 -4.2901
v -0.9791 -0.3315 -4.5099
v -0.9424 -0.3632 -4.5172
v -0.9424 0.5616 -4.0718
v -0.9791 0.5361 -4.0921
v -0.9791 0.3643 -3.9551
v -0.9424 0.3784 -3.9257
v -0.9424 0.1500 -4.9265
v -0.9791 0.1500 -4.8939
v -0.9791 0.3643 -4.8450
v -0.9424 0.3784 -4.8743
v -0.9424 -0.2616 -4.7283
v -0.9791 -0.2361 -4.7079
v -0.9791 -0.0643 -4.8450
v -0.9424 -0.0784 -4.8743
v -0.9424 0.1500 -3.8736
v -0.9791 0.1500 -3.9062
v -0.9791 -0.0643 -3.9551
v -0.9424 -0.0784 -3.9257
v -0.9791 0.1500 -4.7614
v -0.9791 0.1500 -4.8939
v -0.9791 -0.0643 -4.8450
v -0.9791 -0.0068 -4.7256
v -0.9791 -0.0068 -4.7256
v -0.9791 -0.0643 -4.8450
v -0.9791 -0.2361 -4.7079
v -0.9791 -0.1325 -4.6253
v -0.9791 -0.1325 -4.6253
v -0.9791 -0.2361 -4.7079
v -0.9791 -0.3315 -4.5099
v -0.9791 -0.2023 -4.4804
v -0.9791 -0.2023 -4.4804
v -0.9791 -0.3315 -4.5099
v -0.9791 -0.3315 -4.2901
v -0.9791 -0.2023 -4.3196
v -0.9791 -0.2361 -4.0921
v -0.9791 -0.1325 -4.1748
v -0.9791 -0.1325 -4.1748
v -0.9791 -0.2361 -4.0921
v -0.9791 -0.0643 -3.9551
v -0.9791 -0.0068 -4.0745
v -0.9791 -0.0068 -4.0745
v -0.9791 -0.0643 -3.9551
v -0.9791 0.1500 -3.9062
v -0.9791 0.1500 -4.0387
v -0.9791 0.1500 -4.0387
v -0.9791 0.1500 -3.9062
v -0.9791 0.3643 -3.9551
v -0.9791 0.3068 -4.0745
v -0.9791 0.5361 -4.0921
v -0.9791 0.4325 -4.1748
v -0.9791 0.4325 -4.1748
v -0.9791 0.5361 -4.0921
v -0.9791 0.6315 -4.2901
v -0.9791 0.5023 -4.3196
v -0.9791 0.5023 -4.3196
v -0.9791 0.6315 -4.2901
v -0.9791 0.6315 -4.5099
v -0.9791 0.5023 -4.4804
v -0.9791 0.5023 -4.4804
v -0.9791 0.6315 -4.5099
v -0.9791 0.5361 -4.7079
v -0.9791 0.4325 -4.6253
v -0.9791 0.4325 -4.6253
v -0.9791 0.5361 -4.7079
v -0.9791 0.3643 -4.8450
v -0.9791 0.3068 -4.7256
v -0.9791 0.3068 -4.7256
v -0.9791 0.3643 -4.8450
v -0.9791 0.1500 -4.8939
v -0.9791 0.1500 -4.7614
v -0.9584 0.1500 -4.7276
v -0.9791 0.1500 -4.7614
v -0.9791 -0.0068 -4.7256
v -0.9584 0.0079 -4.6951
v -0.9584 0.0079 -4.6951
v -0.9791 -0.0068 -4.7256
v -0.9791 -0.1325 -4.6253
v -0.9584 -0.1061 -4.6043
v -0.9584 -0.1061 -4.6043
v -0.9791 -0.1325 -4.6253
v -0.9791 -0.2023 -4.4804
v -0.9584 -0.1693 -4.4729
v -0.9584 -0.1693 -4.4729
v -0.9791 -0.2023 -4.4804
v -0.9791 -0.2023 -4.3196
v -0.9584 -0.1693 -4.3272
v -0.9584 -0.1693 -4.3272
v -0.9791 -0.2023 -4.3196
v -0.9791 -0.1325 -4.1748
v -0.9584 -0.1061 -4.1958
v -0.9584 -0.1061 -4.1958
v -0.9791 -0.1325 -4.1748
v -0.9791 -0.0068 -4.0745
v -0.9584 0.0079 -4.1049
v -0.9584 0.0079 -4.1049
v -0.9791 -0.0068 -4.0745
v -0.9791 0.1500 -4.0387
v -0.9584 0.1500 -4.0725
v -0.9584 0.1500 -4.0725
v -0.9791 0.1500 -4.0387
v -0.9791 0.3068 -4.0745
v -0.9584 0.2921 -4.1049
v -0.9584 0.2921 -4.1049
v -0.9791 0.3068 -4.0745
v -0.9791 0.4325 -4.1748
v -0.9584 0.4061 -4.1958
v -0.9584 0.4061 -4.1958
v -0.9791 0.4325 -4.1748
v -0.9791 0.5023 -4.3196
v -0.9584 0.4693 -4.3272
v -0.9584 0.4693 -4.3272
v -0.9791 0.5023 -4.3196
v -0.9791 0.5023 -4.4804
v -0.9584 0.4693 -4.4729
v -0.9584 0.4693 -4.4729
v -0.9791 0.5023 -4.4804
v -0.9791 0.4325 -4.6253
v -0.9584 0.4061 -4.6043
v -0.9584 0.4061 -4.6043
v -0.9791 0.4325 -4.6253
v -0.9791 0.3068 -4.7256
v -0.9584 0.2921 -4.6951
v -0.9584 0.2921 -4.6951
v -0.9791 0.3068 -4.7256
v -0.9791 0.1500 -4.7614
v -0.9584 0.1500 -4.7276
v -0.8061 0.2115 -4.2723
v -0.9609 0.2115 -4.2723
v -0.9609 0.1500 -4.2583
v -0.8061 0.1500 -4.2583
v -0.8061 0.0885 -4.5277
v -0.9609 0.0885 -4.5277
v -0.9609 0.1500 -4.5418
v -0.8061 0.1500 -4.5418
v -0.8061 0.2608 -4.3117
v -0.9609 0.2608 -4.3117
v -0.9609 0.2115 -4.2723
v -0.8061 0.2115 -4.2723
v -0.8061 0.0392 -4.4884
v -0.9609 0.0392 -4.4884
v -0.9609 0.0885 -4.5277
v -0.8061 0.0885 -4.5277
v -0.8061 0.2882 -4.3685
v -0.9609 0.2882 -4.3685
v -0.9609 0.2608 -4.3117
v -0.8061 0.2608 -4.3117
v -0.8061 0.0118 -4.4316
v -0.9609 0.0118 -4.4316
v -0.9609 0.0392 -4.4884
v -0.8061 0.0392 -4.4884
v -0.8061 0.2882 -4.4316
v -0.9609 0.2882 -4.4316
v -0.9609 0.2882 -4.3685
v -0.8061 0.2882 -4.3685
v -0.8061 0.0118 -4.3685
v -0.9609 0.0118 -4.3685
v -0.9609 0.0118 -4.4316
v -0.8061 0.0118 -4.4316
v -0.8061 0.2608 -4.4884
v -0.9609 0.2608 -4.4884
v -0.9609 0.2882 -4.4316
v -0.8061 0.2882 -4.4316
v -0.8061 0.0392 -4.3117
v -0.9609 0.0392 -4.3117
v -0.9609 0.0118 -4.3685
v -0.8061 0.0118 -4.3685
v -0.8061 0.2115 -4.5277
v -0.9609 0.2115 -4.5277
v -0.9609 0.2608 -4.4884
v -0.8061 0.2608 -4.4884
v -0.8061 0.0885 -4.2723
v -0.9609 0.0885 -4.2723
v -0.9609 0.0392 -4.3117
v -0.8061 0.0392 -4.3117
v -0.8061 0.1500 -4.5418
v -0.9609 0.1500 -4.5418
v -0.9609 0.2115 -4.5277
v -0.8061 0.2115 -4.5277
v -0.8061 0.1500 -4.2583
v -0.9609 0.1500 -4.2583
v -0.9609 0.0885 -4.2723
v -0.8061 0.0885 -4.2723
v -0.4397 0.1500 -4.9265
v -0.4397 -0.0784 -4.8743
v -0.6682 -0.0784 -4.8743
v -0.6682 0.1500 -4.9265
v -0.4397 -0.0784 -4.8743
v -0.4397 -0.2616 -4.7283
v -0.6682 -0.2616 -4.7283
v -0.6682 -0.0784 -4.8743
v -0.4397 -0.2616 -4.7283
v -0.4397 -0.3632 -4.5172
v -0.6682 -0.3632 -4.5172
v -0.6682 -0.2616 -4.7283
v -0.4397 -0.3632 -4.5172
v -0.4397 -0.3632 -4.2829
v -0.6682 -0.3632 -4.2829
v -0.6682 -0.3632 -4.5172
v -0.4397 -0.3632 -4.2829
v -0.4397 -0.2616 -4.0718
v -0.6682 -0.2616 -4.0718
v -0.6682 -0.3632 -4.2829
v -0.4397 -0.2616 -4.0718
v -0.4397 -0.0784 -3.9257
v -0.6682 -0.0784 -3.9257
v -0.6682 -0.2616 -4.0718
v -0.4397 -0.0784 -3.9257
v -0.4397 0.1500 -3.8736
v -0.6682 0.1500 -3.8736
v -0.6682 -0.0784 -3.9257
v -0.4397 0.1500 -3.8736
v -0.4397 0.3784 -3.9257
v -0.6682 0.3784 -3.9257
v -0.6682 0.1500 -3.8736
v -0.4397 0.3784 -3.9257
v -0.4397 0.5616 -4.0718
v -0.6682 0.5616 -4.0718
v -0.6682 0.3784 -3.9257
v -0.4397 0.5616 -4.0718
v -0.4397 0.6632 -4.2829
v -0.6682 0.6632 -4.2829
v -0.6682 0.5616 -4.0718
v -0.4397 0.6632 -4.2829
v -0.4397 0.6632 -4.5172
v -0.6682 0.6632 -4.5172
v -0.6682 0.6632 -4.2829
v -0.4397 0.6632 -4.5172
v -0.4397 0.5616 -4.7283
v -0.6682 0.5616 -4.7283
v -0.6682 0.6632 -4.5172
v -0.6682 0.5616 -4.7283
v -0.7049 0.5361 -4.7079
v -0.7049 0.6315 -4.5099
v -0.6682 0.6632 -4.5172
v -0.4397 0.5616 -4.7283
v -0.4397 0.3784 -4.8743
v -0.6682 0.3784 -4.8743
v -0.6682 0.5616 -4.7283
v -0.4397 0.3784 -4.8743
v -0.4397 0.1500 -4.9265
v -0.6682 0.1500 -4.9265
v -0.6682 0.3784 -4.8743
v -0.4397 -0.2616 -4.0718
v -0.4397 0.0344 -4.3079
v -0.4397 0.0859 -4.2669
v -0.4397 -0.0784 -3.9257
v -0.6841 0.4061 -4.6043
v -0.5319 0.4061 -4.6043
v -0.5319 0.4693 -4.4729
v -0.6841 0.4693 -4.4729
v -0.6682 -0.2616 -4.0718
v -0.7049 -0.2361 -4.0921
v -0.7049 -0.3315 -4.2901
v -0.6682 -0.3632 -4.2829
v -0.6682 0.6632 -4.2829
v -0.7049 0.6315 -4.2901
v -0.7049 0.5361 -4.0921
v -0.6682 0.5616 -4.0718
v -0.6682 -0.3632 -4.5172
v -0.7049 -0.3315 -4.5099
v -0.7049 -0.2361 -4.7079
v -0.6682 -0.2616 -4.7283
v -0.6682 0.3784 -3.9257
v -0.7049 0.3643 -3.9551
v -0.7049 0.1500 -3.9062
v -0.6682 0.1500 -3.8736
v -0.6682 -0.0784 -4.8743
v -0.7049 -0.0643 -4.8450
v -0.7049 0.1500 -4.8939
v -0.6682 0.1500 -4.9265
v -0.6682 0.3784 -4.8743
v -0.7049 0.3643 -4.8450
v -0.7049 0.5361 -4.7079
v -0.6682 0.5616 -4.7283
v -0.6682 -0.0784 -3.9257
v -0.7049 -0.0643 -3.9551
v -0.7049 -0.2361 -4.0921
v -0.6682 -0.2616 -4.0718
v -0.6682 0.6632 -4.5172
v -0.7049 0.6315 -4.5099
v -0.7049 0.6315 -4.2901
v -0.6682 0.6632 -4.2829
v -0.6682 -0.3632 -4.2829
v -0.7049 -0.3315 -4.2901
v -0.7049 -0.3315 -4.5099
v -0.6682 -0.3632 -4.5172
v -0.6682 0.5616 -4.0718
v -0.7049 0.5361 -4.0921
v -0.7049 0.3643 -3.9551
v -0.6682 0.3784 -3.9257
v -0.6682 0.1500 -4.9265
v -0.7049 0.1500 -4.8939
v -0.7049 0.3643 -4.8450
v -0.6682 0.3784 -4.8743
v -0.6682 -0.2616 -4.7283
v -0.7049 -0.2361 -4.7079
v -0.7049 -0.0643 -4.8450
v -0.6682 -0.0784 -4.8743
v -0.6682 0.1500 -3.8736
v -0.7049 0.1500 -3.9062
v -0.7049 -0.0643 -3.9551
v -0.6682 -0.0784 -3.9257
v -0.7049 0.1500 -4.7614
v -0.7049 0.1500 -4.8939
v -0.7049 -0.0643 -4.8450
v -0.7049 -0.0068 -4.7256
v -0.7049 -0.0068 -4.7256
v -0.7049 -0.0643 -4.8450
v -0.7049 -0.2361 -4.7079
v -0.7049 -0.1325 -4.6253
v -0.7049 -0.1325 -4.6253
v -0.7049 -0.2361 -4.7079
v -0.7049 -0.3315 -4.5099
v -0.7049 -0.2023 -4.4804
v -0.7049 -0.3315 -4.2901
v -0.7049 -0.2023 -4.3196
v -0.7049 -0.2361 -4.0921
v -0.7049 -0.1325 -4.1748
v -0.7049 -0.1325 -4.1748
v -0.7049 -0.2361 -4.0921
v -0.7049 -0.0643 -3.9551
v -0.7049 -0.0068 -4.0745
v -0.7049 -0.0068 -4.0745
v -0.7049 -0.0643 -3.9551
v -0.7049 0.1500 -3.9062
v -0.7049 0.1500 -4.0387
v -0.7049 0.1500 -4.0387
v -0.7049 0.1500 -3.9062
v -0.7049 0.3643 -3.9551
v -0.7049 0.3068 -4.0745
v -0.7049 0.3068 -4.0745
v -0.7049 0.3643 -3.9551
v -0.7049 0.5361 -4.0921
v -0.7049 0.4325 -4.1748
v -0.7049 0.4325 -4.1748
v -0.7049 0.5361 -4.0921
v -0.7049 0.6315 -4.2901
v -0.7049 0.5023 -4.3196
v -0.7049 0.6315 -4.5099
v -0.7049 0.5023 -4.4804
v -0.7049 0.5361 -4.7079
v -0.7049 0.4325 -4.6253
v -0.7049 0.4325 -4.6253
v -0.7049 0.5361 -4.7079
v -0.7049 0.3643 -4.8450
v -0.7049 0.3068 -4.7256
v -0.7049 0.3068 -4.7256
v -0.7049 0.3643 -4.8450
v -0.7049 0.1500 -4.8939
v -0.7049 0.1500 -4.7614
v -0.6841 0.1500 -4.7276
v -0.7049 0.1500 -4.7614
v -0.7049 -0.0068 -4.7256
v -0.6841 0.0079 -4.6951
v -0.6841 0.0079 -4.6951
v -0.7049 -0.0068 -4.7256
v -0.7049 -0.1325 -4.6253
v -0.6841 -0.1061 -4.6043
v -0.6841 -0.1061 -4.6043
v -0.7049 -0.1325 -4.6253
v -0.7049 -0.2023 -4.4804
v -0.6841 -0.1693 -4.4729
v -0.6841 -0.1693 -4.4729
v -0.7049 -0.2023 -4.4804
v -0.7049 -0.2023 -4.3196
v -0.6841 -0.1693 -4.3272
v -0.6841 -0.1693 -4.3272
v -0.7049 -0.2023 -4.3196
v -0.7049 -0.1325 -4.1748
v -0.6841 -0.1061 -4.1958
v -0.6841 -0.1061 -4.1958
v -0.7049 -0.1325 -4.1748
v -0.7049 -0.0068 -4.0745
v -0.6841 0.0079 -4.1049
v -0.6841 0.0079 -4.1049
v -0.7049 -0.0068 -4.0745
v -0.7049 0.1500 -4.0387
v -0.6841 0.1500 -4.0725
v -0.6841 0.1500 -4.0725
v -0.7049 0.1500 -4.0387
v -0.7049 0.3068 -4.0745
v -0.6841 0.2921 -4.1049
v -0.6841 0.2921 -4.1049
v -0.7049 0.3068 -4.0745
v -0.7049 0.4325 -4.1748
v -0.6841 0.4061 -4.1958
v -0.6841 0.4061 -4.1958
v -0.7049 0.4325 -4.1748
v -0.7049 0.5023 -4.3196
v -0.6841 0.4693 -4.3272
v -0.6841 0.4693 -4.3272
v -0.7049 0.5023 -4.3196
v -0.7049 0.5023 -4.4804
v -0.6841 0.4693 -4.4729
v -0.6841 0.4693 -4.4729
v -0.7049 0.5023 -4.4804
v -0.7049 0.4325 -4.6253
v -0.6841 0.4061 -4.6043
v -0.6841 0.4061 -4.6043
v -0.7049 0.4325 -4.6253
v -0.7049 0.3068 -4.7256
v -0.6841 0.2921 -4.6951
v -0.6841 0.2921 -4.6951
v -0.7049 0.3068 -4.7256
v -0.7049 0.1500 -4.7614
v -0.6841 0.1500 -4.7276
v -0.5319 0.2115 -4.2723
v -0.6867 0.2115 -4.2723
v -0.6867 0.1500 -4.2583
v -0.5319 0.1500 -4.2583
v -0.6841 -0.1061 -4.1958
v -0.5319 -0.1061 -4.1958
v -0.5319 -0.1693 -4.3272
v -0.6841 -0.1693 -4.3272
v -0.6841 0.2921 -4.6951
v -0.5319 0.2921 -4.6951
v -0.5319 0.4061 -4.6043
v -0.6841 0.4061 -4.6043
v -0.6841 0.0079 -4.1049
v -0.5319 0.0079 -4.1049
v -0.5319 -0.1061 -4.1958
v -0.6841 -0.1061 -4.1958
v -0.6841 0.1500 -4.7276
v -0.5319 0.1500 -4.7276
v -0.5319 0.2921 -4.6951
v -0.6841 0.2921 -4.6951
v -0.6841 0.1500 -4.0725
v -0.5319 0.1500 -4.0725
v -0.5319 0.0079 -4.1049
v -0.6841 0.0079 -4.1049
v -0.6841 0.2921 -4.1049
v -0.5319 0.2921 -4.1049
v -0.5319 0.1500 -4.0725
v -0.6841 0.1500 -4.0725
v -0.6841 0.0079 -4.6951
v -0.5319 0.0079 -4.6951
v -0.5319 0.1500 -4.7276
v -0.6841 0.1500 -4.7276
v -0.6841 0.4061 -4.1958
v -0.5319 0.4061 -4.1958
v -0.5319 0.2921 -4.1049
v -0.6841 0.2921 -4.1049
v -0.6841 -0.1061 -4.6043
v -0.5319 -0.1061 -4.6043
v -0.5319 0.0079 -4.6951
v -0.6841 0.0079 -4.6951
v -0.6841 0.4693 -4.3272
v -0.5319 0.4693 -4.3272
v -0.5319 0.4061 -4.1958
v -0.6841 0.4061 -4.1958
v -0.6841 -0.1693 -4.4729
v -0.5319 -0.1693 -4.4729
v -0.5319 -0.1061 -4.6043
v -0.6841 -0.1061 -4.6043
v -0.6841 0.4693 -4.4729
v -0.5319 0.4693 -4.4729
v -0.5319 0.4693 -4.3272
v -0.6841 0.4693 -4.3272
v -0.6841 -0.1693 -4.3272
v -0.5319 -0.1693 -4.3272
v -0.5319 -0.1693 -4.4729
v -0.6841 -0.1693 -4.4729
v -0.5319 0.1500 -4.5418
v -0.5319 0.1500 -4.7276
v -0.5319 0.0079 -4.6951
v -0.5319 0.0885 -4.5277
v -0.5319 0.0885 -4.5277
v -0.5319 0.0079 -4.6951
v -0.5319 -0.1061 -4.6043
v -0.5319 0.0392 -4.4884
v -0.5319 0.0392 -4.4884
v -0.5319 -0.1061 -4.6043
v -0.5319 -0.1693 -4.4729
v -0.5319 0.0118 -4.4316
v -0.5319 0.0118 -4.4316
v -0.5319 -0.1693 -4.4729
v -0.5319 -0.1693 -4.3272
v -0.5319 0.0118 -4.3685
v -0.5319 0.0118 -4.3685
v -0.5319 -0.1693 -4.3272
v -0.5319 -0.1061 -4.1958
v -0.5319 0.0392 -4.3117
v -0.5319 0.0392 -4.3117
v -0.5319 -0.1061 -4.1958
v -0.5319 0.0079 -4.1049
v -0.5319 0.0885 -4.2723
v -0.5319 0.0885 -4.2723
v -0.5319 0.0079 -4.1049
v -0.5319 0.1500 -4.0725
v -0.5319 0.1500 -4.2583
v -0.5319 0.1500 -4.2583
v -0.5319 0.1500 -4.0725
v -0.5319 0.2921 -4.1049
v -0.5319 0.2115 -4.2723
v -0.5319 0.2115 -4.2723
v -0.5319 0.2921 -4.1049
v -0.5319 0.4061 -4.1958
v -0.5319 0.2608 -4.3117
v -0.5319 0.2608 -4.3117
v -0.5319 0.4061 -4.1958
v -0.5319 0.4693 -4.3272
v -0.5319 0.2882 -4.3685
v -0.5319 0.2882 -4.3685
v -0.5319 0.4693 -4.3272
v -0.5319 0.4693 -4.4729
v -0.5319 0.2882 -4.4316
v -0.5319 0.2882 -4.4316
v -0.5319 0.4693 -4.4729
v -0.5319 0.4061 -4.6043
v -0.5319 0.2608 -4.4884
v -0.5319 0.2608 -4.4884
v -0.5319 0.4061 -4.6043
v -0.5319 0.2921 -4.6951
v -0.5319 0.2115 -4.5277
v -0.5319 0.2115 -4.5277
v -0.5319 0.2921 -4.6951
v -0.5319 0.1500 -4.7276
v -0.5319 0.1500 -4.5418
v -0.5319 0.0885 -4.5277
v -0.6867 0.0885 -4.5277
v -0.6867 0.1500 -4.5418
v -0.5319 0.1500 -4.5418
v -0.5319 0.2608 -4.3117
v -0.6867 0.2608 -4.3117
v -0.6867 0.2115 -4.2723
v -0.5319 0.2115 -4.2723
v -0.5319 0.0392 -4.4884
v -0.6867 0.0392 -4.4884
v -0.6867 0.0885 -4.5277
v -0.5319 0.0885 -4.5277
v -0.5319 0.2882 -4.3685
v -0.6867 0.2882 -4.3685
v -0.6867 0.2608 -4.3117
v -0.5319 0.2608 -4.3117
v -0.5319 0.0118 -4.4316
v -0.6867 0.0118 -4.4316
v -0.6867 0.0392 -4.4884
v -0.5319 0.0392 -4.4884
v -0.5319 0.2882 -4.4316
v -0.6867 0.2882 -4.4316
v -0.6867 0.2882 -4.3685
v -0.5319 0.2882 -4.3685
v -0.5319 0.0118 -4.3685
v -0.6867 0.0118 -4.3685
v -0.6867 0.0118 -4.4316
v -0.5319 0.0118 -4.4316
v -0.5319 0.2608 -4.4884
v -0.6867 0.2608 -4.4884
v -0.6867 0.2882 -4.4316
v -0.5319 0.2882 -4.4316
v -0.5319 0.0392 -4.3117
v -0.6867 0.0392 -4.3117
v -0.6867 0.0118 -4.3685
v -0.5319 0.0118 -4.3685
v -0.5319 0.2115 -4.5277
v -0.6867 0.2115 -4.5277
v -0.6867 0.2608 -4.4884
v -0.5319 0.2608 -4.4884
v -0.5319 0.0885 -4.2723
v -0.6867 0.0885 -4.2723
v -0.6867 0.0392 -4.3117
v -0.5319 0.0392 -4.3117
v -0.5319 0.1500 -4.5418
v -0.6867 0.1500 -4.5418
v -0.6867 0.2115 -4.5277
v -0.5319 0.2115 -4.5277
v -0.5319 0.1500 -4.2583
v -0.6867 0.1500 -4.2583
v -0.6867 0.0885 -4.2723
v -0.5319 0.0885 -4.2723
v -0.4397 -0.0784 -4.8743
v -0.4397 0.0859 -4.5332
v -0.4397 0.0344 -4.4922
v -0.4397 -0.2616 -4.7283
v -0.4397 0.6632 -4.2829
v -0.4397 0.2941 -4.3671
v -0.4397 0.2941 -4.4329
v -0.4397 0.6632 -4.5172
v -0.4397 -0.0784 -3.9257
v -0.4397 0.0859 -4.2669
v -0.4397 0.1500 -4.2522
v -0.4397 0.1500 -3.8736
v -0.4397 -0.2616 -4.7283
v -0.4397 0.0344 -4.4922
v -0.4397 0.0059 -4.4329
v -0.4397 -0.3632 -4.5172
v -0.4397 0.6632 -4.5172
v -0.4397 0.2941 -4.4329
v -0.4397 0.2656 -4.4922
v -0.4397 0.5616 -4.7283
v -0.4397 0.1500 -3.8736
v -0.4397 0.1500 -4.2522
v -0.4397 0.2141 -4.2669
v -0.4397 0.3784 -3.9257
v -0.4397 -0.3632 -4.5172
v -0.4397 0.0059 -4.4329
v -0.4397 0.0059 -4.3671
v -0.4397 -0.3632 -4.2829
v -0.4397 0.5616 -4.7283
v -0.4397 0.2656 -4.4922
v -0.4397 0.2141 -4.5332
v -0.4397 0.3784 -4.8743
v -0.4397 0.3784 -3.9257
v -0.4397 0.2141 -4.2669
v -0.4397 0.2656 -4.3079
v -0.4397 0.5616 -4.0718
v -0.4397 -0.3632 -4.2829
v -0.4397 0.0059 -4.3671
v -0.4397 0.0344 -4.3079
v -0.4397 -0.2616 -4.0718
v -0.4397 0.3784 -4.8743
v -0.4397 0.2141 -4.5332
v -0.4397 0.1500 -4.5479
v -0.4397 0.1500 -4.9265
v -0.4397 0.1500 -4.9265
v -0.4397 0.1500 -4.5479
v -0.4397 0.0859 -4.5332
v -0.4397 -0.0784 -4.8743
v -0.4397 0.5616 -4.0718
v -0.4397 0.2656 -4.3079
v -0.4397 0.2941 -4.3671
v -0.4397 0.6632 -4.2829
v -0.7140 -0.2616 -4.7283
v -0.7140 -0.3632 -4.2829
v -0.7140 -0.3632 -4.5172
v -0.7140 -0.2616 -4.0718
v -0.7140 -0.0784 -4.8743
v -0.7140 -0.0784 -3.9257
v -0.7140 0.1500 -4.9265
v -0.7140 0.1500 -3.8736
v -0.7140 0.3784 -3.9257
v -0.7140 0.3784 -4.8743
v -0.7140 0.5616 -4.7283
v -0.7140 0.5616 -4.0718
v -0.7140 0.6632 -4.5172
v -0.7140 0.6632 -4.2829
v -0.9609 0.0392 -4.3117
v -0.9609 0.0118 -4.4316
v -0.9609 0.0118 -4.3685
v -0.9609 0.0392 -4.4884
v -0.9609 0.0885 -4.5277
v -0.9609 0.0885 -4.2723
v -0.9609 0.1500 -4.2583
v -0.9609 0.1500 -4.5418
v -0.9609 0.2115 -4.2723
v -0.9609 0.2115 -4.5277
v -0.9609 0.2608 -4.4884
v -0.9609 0.2608 -4.3117
v -0.9609 0.2882 -4.3685
v -0.9609 0.2882 -4.4316
v -0.6867 0.0392 -4.3117
v -0.6867 0.0118 -4.4316
v -0.6867 0.0118 -4.3685
v -0.6867 0.0392 -4.4884
v -0.6867 0.0885 -4.2723
v -0.6867 0.0885 -4.5277
v -0.6867 0.1500 -4.2583
v -0.6867 0.1500 -4.5418
v -0.6867 0.2115 -4.2723
v -0.6867 0.2115 -4.5277
v -0.6867 0.2608 -4.4884
v -0.6867 0.2608 -4.3117
v -0.6867 0.2882 -4.3685
v -0.6867 0.2882 -4.4316
v -0.9584 0.4061 -4.6043
v -0.8061 0.4061 -4.6043
v -0.8061 0.4693 -4.4729
v -0.9584 0.4693 -4.4729
v -0.9584 -0.1061 -4.1958
v -0.8061 -0.1061 -4.1958
v -0.8061 -0.1693 -4.3272
v -0.9584 -0.1693 -4.3272
v -0.9584 0.2921 -4.6951
v -0.8061 0.2921 -4.6951
v -0.8061 0.4061 -4.6043
v -0.9584 0.4061 -4.6043
v -0.9584 0.0079 -4.1049
v -0.8061 0.0079 -4.1049
v -0.8061 -0.1061 -4.1958
v -0.9584 -0.1061 -4.1958
v -0.9584 0.1500 -4.7276
v -0.8061 0.1500 -4.7276
v -0.8061 0.2921 -4.6951
v -0.9584 0.2921 -4.6951
v -0.9584 0.1500 -4.0725
v -0.8061 0.1500 -4.0725
v -0.8061 0.0079 -4.1049
v -0.9584 0.0079 -4.1049
v -0.9584 0.2921 -4.1049
v -0.8061 0.2921 -4.1049
v -0.8061 0.1500 -4.0725
v -0.9584 0.1500 -4.0725
v -0.9584 0.0079 -4.6951
v -0.8061 0.0079 -4.6951
v -0.8061 0.1500 -4.7276
v -0.9584 0.1500 -4.7276
v -0.9584 0.4061 -4.1958
v -0.8061 0.4061 -4.1958
v -0.8061 0.2921 -4.1049
v -0.9584 0.2921 -4.1049
v -0.9584 -0.1061 -4.6043
v -0.8061 -0.1061 -4.6043
v -0.8061 0.0079 -4.6951
v -0.9584 0.0079 -4.6951
v -0.9584 0.4693 -4.3272
v -0.8061 0.4693 -4.3272
v -0.8061 0.4061 -4.1958
v -0.9584 0.4061 -4.1958
v -0.9584 -0.1693 -4.4729
v -0.8061 -0.1693 -4.4729
v -0.8061 -0.1061 -4.6043
v -0.9584 -0.1061 -4.6043
v -0.9584 0.4693 -4.4729
v -0.8061 0.4693 -4.4729
v -0.8061 0.4693 -4.3272
v -0.9584 0.4693 -4.3272
v -0.9584 -0.1693 -4.3272
v -0.8061 -0.1693 -4.3272
v -0.8061 -0.1693 -4.4729
v -0.9584 -0.1693 -4.4729
v -0.8061 0.1500 -4.5418
v -0.8061 0.1500 -4.7276
v -0.8061 0.0079 -4.6951
v -0.8061 0.0885 -4.5277
v -0.8061 -0.1061 -4.6043
v -0.8061 0.0392 -4.4884
v -0.8061 0.0392 -4.4884
v -0.8061 -0.1061 -4.6043
v -0.8061 -0.1693 -4.4729
v -0.8061 0.0118 -4.4316
v -0.8061 0.0118 -4.4316
v -0.8061 -0.1693 -4.4729
v -0.8061 -0.1693 -4.3272
v -0.8061 0.0118 -4.3685
v -0.8061 0.0118 -4.3685
v -0.8061 -0.1693 -4.3272
v -0.8061 -0.1061 -4.1958
v -0.8061 0.0392 -4.3117
v -0.8061 0.0392 -4.3117
v -0.8061 -0.1061 -4.1958
v -0.8061 0.0079 -4.1049
v -0.8061 0.0885 -4.2723
v -0.8061 0.0885 -4.2723
v -0.8061 0.0079 -4.1049
v -0.8061 0.1500 -4.0725
v -0.8061 0.1500 -4.2583
v -0.8061 0.1500 -4.2583
v -0.8061 0.1500 -4.0725
v -0.8061 0.2921 -4.1049
v -0.8061 0.2115 -4.2723
v -0.8061 0.4061 -4.1958
v -0.8061 0.2608 -4.3117
v -0.8061 0.2608 -4.3117
v -0.8061 0.4061 -4.1958
v -0.8061 0.4693 -4.3272
v -0.8061 0.2882 -4.3685
v -0.8061 0.2882 -4.3685
v -0.8061 0.4693 -4.3272
v -0.8061 0.4693 -4.4729
v -0.8061 0.2882 -4.4316
v -0.8061 0.2882 -4.4316
v -0.8061 0.4693 -4.4729
v -0.8061 0.4061 -4.6043
v -0.8061 0.2608 -4.4884
v -0.8061 0.2608 -4.4884
v -0.8061 0.4061 -4.6043
v -0.8061 0.2921 -4.6951
v -0.8061 0.2115 -4.5277
v -0.8061 0.2115 -4.5277
v -0.8061 0.2921 -4.6951
v -0.8061 0.1500 -4.7276
v -0.8061 0.1500 -4.5418
v -0.8461 0.3326 -4.3734
v -0.8011 0.3326 -4.3734
v -0.8011 0.3926 -4.3734
v -0.8461 0.3926 -4.3734
v -0.8461 0.3326 -4.3134
v -0.8011 0.3326 -4.3134
v -0.8011 0.3926 -4.3134
v -0.8461 0.3926 -4.3134
v -0.8461 0.1773 -4.2176
v -0.8011 0.1773 -4.2176
v -0.8011 0.2373 -4.2176
v -0.8461 0.2373 -4.2176
v -0.8461 0.1773 -4.1576
v -0.8011 0.1773 -4.1576
v -0.8011 0.2373 -4.1576
v -0.8461 0.2373 -4.1576
v -0.8461 -0.0353 -4.2742
v -0.8011 -0.0353 -4.2742
v -0.8011 0.0247 -4.2742
v -0.8461 0.0247 -4.2742
v -0.8461 -0.0353 -4.2142
v -0.8011 -0.0353 -4.2142
v -0.8011 0.0247 -4.2142
v -0.8461 0.0247 -4.2142
v -0.8461 -0.0926 -4.4866
v -0.8011 -0.0926 -4.4866
v -0.8011 -0.0326 -4.4866
v -0.8461 -0.0326 -4.4866
v -0.8461 -0.0926 -4.4266
v -0.8011 -0.0926 -4.4266
v -0.8011 -0.0326 -4.4266
v -0.8461 -0.0326 -4.4266
v -0.8461 0.0627 -4.6424
v -0.8011 0.0627 -4.6424
v -0.8011 0.1227 -4.6424
v -0.8461 0.1227 -4.6424
v -0.8461 0.0627 -4.5824
v -0.8011 0.0627 -4.5824
v -0.8011 0.1227 -4.5824
v -0.8461 0.1227 -4.5824
v -0.8461 0.2753 -4.5858
v -0.8011 0.2753 -4.5858
v -0.8011 0.3353 -4.5858
v -0.8461 0.3353 -4.5858
v -0.8461 0.2753 -4.5258
v -0.8011 0.2753 -4.5258
v -0.8011 0.3353 -4.5258
v -0.8461 0.3353 -4.5258
vt 0.06250 0.06250
vt 0.18750 0.06250
vt 0.31250 0.06250
vt 0.43750 0.06250
vt 0.56250 0.06250
vt 0.68750 0.06250
vt 0.81250 0.06250
vt 0.93750 0.06250
vt 0.06250 0.18750
vt 0.18750 0.18750
vt 0.31250 0.18750
vt 0.43750 0.18750
vt 0.56250 0.18750
vt 0.68750 0.18750
vt 0.81250 0.18750
vt 0.93750 0.18750
vt 0.06250 0.31250
vt 0.18750 0.31250
vt 0.31250 0.31250
vt 0.43750 0.31250
vt 0.56250 0.31250
vt 0.68750 0.31250
f 3241/89 3242/89 3243/89
f 3241/89 3243/89 3244/89
f 3245/89 3246/89 3247/89
f 3245/89 3247/89 3248/89
f 3249/89 3250/89 3251/89
f 3249/89 3251/89 3252/89
f 3253/89 3254/89 3255/89
f 3253/89 3255/89 3256/89
f 3257/89 3258/89 3259/89
f 3257/89 3259/89 3260/89
f 3261/89 3262/89 3263/89
f 3261/89 3263/89 3264/89
f 3265/89 3266/89 3267/89
f 3265/89 3267/89 3268/89
f 3269/89 3270/89 3271/89
f 3269/89 3271/89 3272/89
f 3273/89 3274/89 3275/89
f 3273/89 3275/89 3276/89
f 3277/89 3278/89 3279/89
f 3277/89 3279/89 3280/89
f 3281/89 3282/89 3283/89
f 3281/89 3283/89 3284/89
f 3285/89 3286/89 3287/89
f 3285/89 3287/89 3288/89
f 3289/89 3290/89 3291/89
f 3289/89 3291/89 3292/89
f 3293/89 3294/89 3295/89
f 3293/89 3295/89 3296/89
f 3297/89 3298/89 3299/89
f 3298/89 3297/89 3300/89
f 3300/89 3297/89 3301/89
f 3300/89 3301/89 3302/89
f 3302/89 3301/89 3303/89
f 3303/89 3301/89 3304/89
f 3303/89 3304/89 3305/89
f 3303/89 3305/89 3306/89
f 3306/89 3305/89 3307/89
f 3306/89 3307/89 3308/89
f 3308/89 3307/89 3309/89
f 3308/89 3309/89 3310/89
f 3311/89 3312/89 3313/89
f 3311/89 3313/89 3314/89
f 3315/89 3316/89 3317/89
f 3315/89 3317/89 3318/89
f 3319/89 3320/89 3321/89
f 3319/89 3321/89 3322/89
f 3323/89 3324/89 3325/89
f 3323/89 3325/89 3326/89
f 3327/89 3328/89 3329/89
f 3327/89 3329/89 3330/89
f 3331/89 3332/89 3333/89
f 3331/89 3333/89 3334/89
f 3335/89 3336/89 3337/89
f 3335/89 3337/89 3338/89
f 3339/89 3340/89 3341/89
f 3339/89 3341/89 3342/89
f 3343/89 3344/89 3345/89
f 3343/89 3345/89 3346/89
f 3347/89 3348/89 3349/89
f 3347/89 3349/89 3350/89
f 3351/89 3352/89 3353/89
f 3351/89 3353/89 3354/89
f 3355/89 3356/89 3357/89
f 3355/89 3357/89 3358/89
f 3359/89 3360/89 3361/89
f 3359/89 3361/89 3362/89
f 3363/89 3364/89 3365/89
f 3363/89 3365/89 3366/89
f 3367/89 3368/89 3369/89
f 3367/89 3369/89 3370/89
f 3371/89 3372/89 3373/89
f 3371/89 3373/89 3374/89
f 3375/89 3376/89 3377/89
f 3375/89 3377/89 3378/89
f 3379/89 3380/89 3381/89
f 3379/89 3381/89 3382/89
f 3383/89 3384/89 3385/89
f 3383/89 3385/89 3386/89
f 3387/89 3388/89 3389/89
f 3387/89 3389/89 3390/89
f 3391/89 3392/89 3393/89
f 3391/89 3393/89 3394/89
f 3395/89 3396/89 3397/89
f 3395/89 3397/89 3398/89
f 3399/89 3400/89 3401/89
f 3399/89 3401/89 3402/89
f 3403/89 3404/89 3405/89
f 3403/89 3405/89 3406/89
f 3407/89 3408/89 3409/89
f 3407/89 3409/89 3410/89
f 3411/89 3412/89 3413/89
f 3411/89 3413/89 3414/89
f 3415/89 3416/89 3417/89
f 3415/89 3417/89 3418/89
f 3419/89 3420/89 3421/89
f 3419/89 3421/89 3422/89
f 3423/89 3424/89 3425/89
f 3423/89 3425/89 3426/89
f 3427/89 3428/89 3429/89
f 3427/89 3429/89 3430/89
f 3431/89 3432/89 3433/89
f 3431/89 3433/89 3434/89
f 3435/89 3436/89 3437/89
f 3435/89 3437/89 3438/89
f 3438/89 3437/89 3439/89
f 3438/89 3439/89 3440/89
f 3441/89 3442/89 3443/89
f 3441/89 3443/89 3444/89
f 3445/89 3446/89 3447/89
f 3445/89 3447/89 3448/89
f 3449/89 3450/89 3451/89
f 3449/89 3451/89 3452/89
f 3452/89 3451/89 3453/89
f 3452/89 3453/89 3454/89
f 3455/89 3456/89 3457/89
f 3455/89 3457/89 3458/89
f 3459/89 3460/89 3461/89
f 3459/89 3461/89 3462/89
f 3463/89 3464/89 3465/89
f 3463/89 3465/89 3466/89
f 3467/89 3468/89 3469/89
f 3467/89 3469/89 3470/89
f 3471/89 3472/89 3473/89
f 3471/89 3473/89 3474/89
f 3475/89 3476/89 3477/89
f 3475/89 3477/89 3478/89
f 3479/89 3480/89 3481/89
f 3479/89 3481/89 3482/89
f 3483/89 3484/89 3485/89
f 3483/89 3485/89 3486/89
f 3487/89 3488/89 3489/89
f 3487/89 3489/89 3490/89
f 3491/89 3492/89 3493/89
f 3491/89 3493/89 3494/89
f 3495/89 3496/89 3497/89
f 3495/89 3497/89 3498/89
f 3499/89 3500/89 3501/89
f 3499/89 3501/89 3502/89
f 3503/89 3504/89 3505/89
f 3503/89 3505/89 3506/89
f 3507/89 3508/89 3509/89
f 3507/89 3509/89 3510/89
f 3511/89 3512/89 3513/89
f 3511/89 3513/89 3514/89
f 3515/89 3516/89 3517/89
f 3515/89 3517/89 3518/89
f 3519/89 3520/89 3521/89
f 3519/89 3521/89 3522/89
f 3523/89 3524/89 3525/89
f 3523/89 3525/89 3526/89
f 3527/89 3528/89 3529/89
f 3527/89 3529/89 3530/89
f 3531/89 3532/89 3533/89
f 3531/89 3533/89 3534/89
f 3535/89 3536/89 3537/89
f 3535/89 3537/89 3538/89
f 3539/89 3540/89 3541/89
f 3539/89 3541/89 3542/89
f 3543/89 3544/89 3545/89
f 3543/89 3545/89 3546/89
f 3547/89 3548/89 3549/89
f 3547/89 3549/89 3550/89
f 3551/89 3552/89 3553/89
f 3551/89 3553/89 3554/89
f 3555/89 3556/89 3557/89
f 3555/89 3557/89 3558/89
f 3559/89 3560/89 3561/89
f 3559/89 3561/89 3562/89
f 3563/89 3564/89 3565/89
f 3563/89 3565/89 3566/89
f 3567/89 3568/89 3569/89
f 3567/89 3569/89 3570/89
f 3571/89 3572/89 3573/89
f 3571/89 3573/89 3574/89
f 3575/89 3576/89 3577/89
f 3575/89 3577/89 3578/89
f 3579/89 3580/89 3581/89
f 3579/89 3581/89 3582/89
f 3583/89 3584/89 3585/89
f 3583/89 3585/89 3586/89
f 3587/89 3588/89 3589/89
f 3587/89 3589/89 3590/89
f 3591/89 3592/89 3593/89
f 3591/89 3593/89 3594/89
f 3595/89 3596/89 3597/89
f 3595/89 3597/89 3598/89
f 3599/89 3600/89 3601/89
f 3599/89 3601/89 3602/89
f 3603/89 3604/89 3605/89
f 3603/89 3605/89 3606/89
f 3607/89 3608/89 3609/89
f 3607/89 3609/89 3610/89
f 3611/89 3612/89 3613/89
f 3611/89 3613/89 3614/89
f 3615/89 3616/89 3617/89
f 3615/89 3617/89 3618/89
f 3619/89 3620/89 3621/89
f 3619/89 3621/89 3622/89
f 3623/89 3624/89 3625/89
f 3623/89 3625/89 3626/89
f 3627/89 3628/89 3629/89
f 3627/89 3629/89 3630/89
f 3631/89 3632/89 3633/89
f 3631/89 3633/89 3634/89
f 3635/89 3636/89 3637/89
f 3635/89 3637/89 3638/89
f 3639/89 3640/89 3641/89
f 3639/89 3641/89 3642/89
f 3643/89 3644/89 3645/89
f 3643/89 3645/89 3646/89
f 3647/89 3648/89 3649/89
f 3647/89 3649/89 3650/89
f 3651/89 3652/89 3653/89
f 3651/89 3653/89 3654/89
f 3655/89 3656/89 3657/89
f 3655/89 3657/89 3658/89
f 3659/89 3660/89 3661/89
f 3659/89 3661/89 3662/89
f 3663/89 3664/89 3665/89
f 3663/89 3665/89 3666/89
f 3667/89 3668/89 3669/89
f 3667/89 3669/89 3670/89
f 3671/89 3672/89 3673/89
f 3671/89 3673/89 3674/89
f 3675/89 3676/89 3677/89
f 3675/89 3677/89 3678/89
f 3679/89 3680/89 3681/89
f 3679/89 3681/89 3682/89
f 3683/89 3684/89 3685/89
f 3683/89 3685/89 3686/89
f 3687/89 3688/89 3689/89
f 3687/89 3689/89 3690/89
f 3691/89 3692/89 3693/89
f 3691/89 3693/89 3694/89
f 3695/89 3696/89 3697/89
f 3695/89 3697/89 3698/89
f 3699/89 3700/89 3701/89
f 3699/89 3701/89 3702/89
f 3703/89 3704/89 3705/89
f 3703/89 3705/89 3706/89
f 3707/89 3708/89 3709/89
f 3707/89 3709/89 3710/89
f 3711/89 3712/89 3713/89
f 3711/89 3713/89 3714/89
f 3715/89 3716/89 3717/89
f 3715/89 3717/89 3718/89
f 3718/89 3717/89 3719/89
f 3718/89 3719/89 3720/89
f 3720/89 3719/89 3721/89
f 3720/89 3721/89 3722/89
f 3723/89 3724/89 3725/89
f 3723/89 3725/89 3726/89
f 3727/89 3728/89 3729/89
f 3727/89 3729/89 3730/89
f 3731/89 3732/89 3733/89
f 3731/89 3733/89 3734/89
f 3735/89 3736/89 3737/89
f 3735/89 3737/89 3738/89
f 3739/89 3740/89 3741/89
f 3739/89 3741/89 3742/89
f 3742/89 3741/89 3743/89
f 3742/89 3743/89 3744/89
f 3744/89 3743/89 3745/89
f 3744/89 3745/89 3746/89
f 3747/89 3748/89 3749/89
f 3747/89 3749/89 3750/89
f 3751/89 3752/89 3753/89
f 3751/89 3753/89 3754/89
f 3755/89 3756/89 3757/89
f 3755/89 3757/89 3758/89
f 3759/89 3760/89 3761/89
f 3759/89 3761/89 3762/89
f 3763/89 3764/89 3765/89
f 3763/89 3765/89 3766/89
f 3767/89 3768/89 3769/89
f 3767/89 3769/89 3770/89
f 3771/89 3772/89 3773/89
f 3771/89 3773/89 3774/89
f 3775/89 3776/89 3777/89
f 3775/89 3777/89 3778/89
f 3779/89 3780/89 3781/89
f 3779/89 3781/89 3782/89
f 3783/89 3784/89 3785/89
f 3783/89 3785/89 3786/89
f 3787/89 3788/89 3789/89
f 3787/89 3789/89 3790/89
f 3791/89 3792/89 3793/89
f 3791/89 3793/89 3794/89
f 3795/89 3796/89 3797/89
f 3795/89 3797/89 3798/89
f 3799/89 3800/89 3801/89
f 3799/89 3801/89 3802/89
f 3803/89 3804/89 3805/89
f 3803/89 3805/89 3806/89
f 3807/89 3808/89 3809/89
f 3807/89 3809/89 3810/89
f 3811/89 3812/89 3813/89
f 3811/89 3813/89 3814/89
f 3815/89 3816/89 3817/89
f 3815/89 3817/89 3818/89
f 3819/89 3820/89 3821/89
f 3819/89 3821/89 3822/89
f 3823/89 3824/89 3825/89
f 3823/89 3825/89 3826/89
f 3827/89 3828/89 3829/89
f 3827/89 3829/89 3830/89
f 3831/89 3832/89 3833/89
f 3831/89 3833/89 3834/89
f 3835/89 3836/89 3837/89
f 3835/89 3837/89 3838/89
f 3839/89 3840/89 3841/89
f 3839/89 3841/89 3842/89
f 3843/89 3844/89 3845/89
f 3843/89 3845/89 3846/89
f 3847/89 3848/89 3849/89
f 3847/89 3849/89 3850/89
f 3851/89 3852/89 3853/89
f 3851/89 3853/89 3854/89
f 3855/89 3856/89 3857/89
f 3855/89 3857/89 3858/89
f 3859/89 3860/89 3861/89
f 3859/89 3861/89 3862/89
f 3863/89 3864/89 3865/89
f 3863/89 3865/89 3866/89
f 3867/89 3868/89 3869/89
f 3867/89 3869/89 3870/89
f 3871/89 3872/89 3873/89
f 3871/89 3873/89 3874/89
f 3875/89 3876/89 3877/89
f 3875/89 3877/89 3878/89
f 3879/89 3880/89 3881/89
f 3879/89 3881/89 3882/89
f 3883/89 3884/89 3885/89
f 3883/89 3885/89 3886/89
f 3887/89 3888/89 3889/89
f 3887/89 3889/89 3890/89
f 3891/89 3892/89 3893/89
f 3891/89 3893/89 3894/89
f 3895/89 3896/89 3897/89
f 3895/89 3897/89 3898/89
f 3899/89 3900/89 3901/89
f 3899/89 3901/89 3902/89
f 3903/89 3904/89 3905/89
f 3903/89 3905/89 3906/89
f 3907/89 3908/89 3909/89
f 3907/89 3909/89 3910/89
f 3911/89 3912/89 3913/89
f 3911/89 3913/89 3914/89
f 3915/89 3916/89 3917/89
f 3915/89 3917/89 3918/89
f 3919/89 3920/89 3921/89
f 3919/89 3921/89 3922/89
f 3923/89 3924/89 3925/89
f 3923/89 3925/89 3926/89
f 3927/89 3928/89 3929/89
f 3927/89 3929/89 3930/89
f 3931/89 3932/89 3933/89
f 3931/89 3933/89 3934/89
f 3935/89 3936/89 3937/89
f 3935/89 3937/89 3938/89
f 3939/89 3940/89 3941/89
f 3939/89 3941/89 3942/89
f 3943/89 3944/89 3945/89
f 3943/89 3945/89 3946/89
f 3947/89 3948/89 3949/89
f 3947/89 3949/89 3950/89
f 3951/89 3952/89 3953/89
f 3951/89 3953/89 3954/89
f 3955/89 3956/89 3957/89
f 3955/89 3957/89 3958/89
f 3959/89 3960/89 3961/89
f 3959/89 3961/89 3962/89
f 3963/89 3964/89 3965/89
f 3963/89 3965/89 3966/89
f 3967/89 3968/89 3969/89
f 3967/89 3969/89 3970/89
f 3971/89 3972/89 3973/89
f 3971/89 3973/89 3974/89
f 3975/89 3976/89 3977/89
f 3975/89 3977/89 3978/89
f 3979/89 3980/89 3981/89
f 3979/89 3981/89 3982/89
f 3983/89 3984/89 3985/89
f 3983/89 3985/89 3986/89
f 3987/89 3988/89 3989/89
f 3987/89 3989/89 3990/89
f 3991/89 3992/89 3993/89
f 3991/89 3993/89 3994/89
f 3995/89 3996/89 3997/89
f 3995/89 3997/89 3998/89
f 3999/89 4000/89 4001/89
f 3999/89 4001/89 4002/89
f 4003/89 4004/89 4005/89
f 4003/89 4005/89 4006/89
f 4007/89 4008/89 4009/89
f 4007/89 4009/89 4010/89
f 4011/89 4012/89 4013/89
f 4011/89 4013/89 4014/89
f 4015/89 4016/89 4017/89
f 4015/89 4017/89 4018/89
f 4019/89 4020/89 4021/89
f 4019/89 4021/89 4022/89
f 4023/89 4024/89 4025/89
f 4023/89 4025/89 4026/89
f 4027/89 4028/89 4029/89
f 4028/89 4027/89 4030/89
f 4030/89 4027/89 4031/89
f 4030/89 4031/89 4032/89
f 4032/89 4031/89 4033/89
f 4032/89 4033/89 4034/89
f 4034/89 4033/89 4035/89
f 4035/89 4033/89 4036/89
f 4035/89 4036/89 4037/89
f 4035/89 4037/89 4038/89
f 4038/89 4037/89 4039/89
f 4038/89 4039/89 4040/89
f 4041/89 4042/89 4043/89
f 4042/89 4041/89 4044/89
f 4044/89 4041/89 4045/89
f 4045/89 4041/89 4046/89
f 4045/89 4046/89 4047/89
f 4045/89 4047/89 4048/89
f 4048/89 4047/89 4049/89
f 4048/89 4049/89 4050/89
f 4050/89 4049/89 4051/89
f 4051/89 4049/89 4052/89
f 4051/89 4052/89 4053/89
f 4051/89 4053/89 4054/89
f 4055/89 4056/89 4057/89
f 4056/89 4055/89 4058/89
f 4058/89 4055/89 4059/89
f 4058/89 4059/89 4060/89
f 4060/89 4059/89 4061/89
f 4060/89 4061/89 4062/89
f 4062/89 4061/89 4063/89
f 4062/89 4063/89 4064/89
f 4064/89 4063/89 4065/89
f 4065/89 4063/89 4066/89
f 4065/89 4066/89 4067/89
f 4065/89 4067/89 4068/89
f 4069/106 4070/106 4071/106
f 4069/106 4071/106 4072/106
f 4073/106 4074/106 4075/106
f 4073/106 4075/106 4076/106
f 4077/106 4078/106 4079/106
f 4077/106 4079/106 4080/106
f 4081/106 4082/106 4083/106
f 4081/106 4083/106 4084/106
f 4085/106 4086/106 4087/106
f 4085/106 4087/106 4088/106
f 4089/106 4090/106 4091/106
f 4089/106 4091/106 4092/106
f 4093/106 4094/106 4095/106
f 4093/106 4095/106 4096/106
f 4097/106 4098/106 4099/106
f 4097/106 4099/106 4100/106
f 4101/106 4102/106 4103/106
f 4101/106 4103/106 4104/106
f 4105/106 4106/106 4107/106
f 4105/106 4107/106 4108/106
f 4109/106 4110/106 4111/106
f 4109/106 4111/106 4112/106
f 4113/106 4114/106 4115/106
f 4113/106 4115/106 4116/106
f 4117/106 4118/106 4119/106
f 4117/106 4119/106 4120/106
f 4121/106 4122/106 4123/106
f 4121/106 4123/106 4124/106
f 4125/106 4126/106 4127/106
f 4125/106 4127/106 4128/106
f 4128/106 4127/106 4129/106
f 4128/106 4129/106 4130/106
f 4131/106 4132/106 4133/106
f 4131/106 4133/106 4134/106
f 4135/106 4136/106 4137/106
f 4135/106 4137/106 4138/106
f 4139/106 4140/106 4141/106
f 4139/106 4141/106 4142/106
f 4143/106 4144/106 4145/106
f 4143/106 4145/106 4146/106
f 4147/106 4148/106 4149/106
f 4147/106 4149/106 4150/106
f 4151/106 4152/106 4153/106
f 4151/106 4153/106 4154/106
f 4154/106 4153/106 4155/106
f 4154/106 4155/106 4156/106
f 4157/106 4158/106 4159/106
f 4157/106 4159/106 4160/106
f 4161/106 4162/106 4163/106
f 4161/106 4163/106 4164/106
f 4165/106 4166/106 4167/106
f 4165/106 4167/106 4168/106
f 4169/106 4170/106 4171/106
f 4169/106 4171/106 4172/106
f 4173/106 4174/106 4175/106
f 4173/106 4175/106 4176/106
f 4177/98 4180/98 4179/98
f 4177/98 4179/98 4178/98
f 4181/98 4182/98 4183/98
f 4181/98 4183/98 4184/98
f 4177/98 4181/98 4184/98
f 4177/98 4184/98 4180/98
f 4178/98 4179/98 4183/98
f 4178/98 4183/98 4182/98
f 4177/98 4178/98 4182/98
f 4177/98 4182/98 4181/98
f 4180/98 4184/98 4183/98
f 4180/98 4183/98 4179/98
f 4185/98 4188/98 4187/98
f 4185/98 4187/98 4186/98
f 4189/98 4190/98 4191/98
f 4189/98 4191/98 4192/98
f 4185/98 4189/98 4192/98
f 4185/98 4192/98 4188/98
f 4186/98 4187/98 4191/98
f 4186/98 4191/98 4190/98
f 4185/98 4186/98 4190/98
f 4185/98 4190/98 4189/98
f 4188/98 4192/98 4191/98
f 4188/98 4191/98 4187/98
f 4193/98 4196/98 4195/98
f 4193/98 4195/98 4194/98
f 4197/98 4198/98 4199/98
f 4197/98 4199/98 4200/98
f 4193/98 4197/98 4200/98
f 4193/98 4200/98 4196/98
f 4194/98 4195/98 4199/98
f 4194/98 4199/98 4198/98
f 4193/98 4194/98 4198/98
f 4193/98 4198/98 4197/98
f 4196/98 4200/98 4199/98
f 4196/98 4199/98 4195/98
f 4201/98 4204/98 4203/98
f 4201/98 4203/98 4202/98
f 4205/98 4206/98 4207/98
f 4205/98 4207/98 4208/98
f 4201/98 4205/98 4208/98
f 4201/98 4208/98 4204/98
f 4202/98 4203/98 4207/98
f 4202/98 4207/98 4206/98
f 4201/98 4202/98 4206/98
f 4201/98 4206/98 4205/98
f 4204/98 4208/98 4207/98
f 4204/98 4207/98 4203/98
f 4209/98 4212/98 4211/98
f 4209/98 4211/98 4210/98
f 4213/98 4214/98 4215/98
f 4213/98 4215/98 4216/98
f 4209/98 4213/98 4216/98
f 4209/98 4216/98 4212/98
f 4210/98 4211/98 4215/98
f 4210/98 4215/98 4214/98
f 4209/98 4210/98 4214/98
f 4209/98 4214/98 4213/98
f 4212/98 4216/98 4215/98
f 4212/98 4215/98 4211/98
f 4217/98 4220/98 4219/98
f 4217/98 4219/98 4218/98
f 4221/98 4222/98 4223/98
f 4221/98 4223/98 4224/98
f 4217/98 4221/98 4224/98
f 4217/98 4224/98 4220/98
f 4218/98 4219/98 4223/98
f 4218/98 4223/98 4222/98
f 4217/98 4218/98 4222/98
f 4217/98 4222/98 4221/98
f 4220/98 4224/98 4223/98
f 4220/98 4223/98 4219/98
