# SemiCab -> textureId 0 (overridden palette)
o SemiCab
v 0.5958 0.4488 2.5777
v 0.5958 0.4488 2.5777
v 0.5958 0.4488 2.5777
v 0.5958 0.4488 2.5777
v 0.5958 0.4046 2.5878
v 0.5958 0.4046 2.5878
v 0.5958 0.4046 2.5878
v 0.5958 0.4046 2.5878
v 0.5958 0.3692 2.6161
v 0.5958 0.3692 2.6161
v 0.5958 0.3692 2.6161
v 0.5958 0.3692 2.6161
v 0.5958 0.3495 2.6569
v 0.5958 0.3495 2.6569
v 0.5958 0.3495 2.6569
v 0.5958 0.3495 2.6569
v 0.5958 0.3495 2.7023
v 0.5958 0.3495 2.7023
v 0.5958 0.3495 2.7023
v 0.5958 0.3495 2.7023
v 0.5958 0.3692 2.7431
v 0.5958 0.3692 2.7431
v 0.5958 0.3692 2.7431
v 0.5958 0.3692 2.7431
v 0.5958 0.4046 2.7714
v 0.5958 0.4046 2.7714
v 0.5958 0.4046 2.7714
v 0.5958 0.4046 2.7714
v 0.5958 0.4488 2.7815
v 0.5958 0.4488 2.7815
v 0.5958 0.4488 2.7815
v 0.5958 0.4488 2.7815
v 0.5958 0.4930 2.7714
v 0.5958 0.4930 2.7714
v 0.5958 0.4930 2.7714
v 0.5958 0.4930 2.7714
v 0.5958 0.5284 2.7431
v 0.5958 0.5284 2.7431
v 0.5958 0.5284 2.7431
v 0.5958 0.5284 2.7431
v 0.5958 0.5481 2.7023
v 0.5958 0.5481 2.7023
v 0.5958 0.5481 2.7023
v 0.5958 0.5481 2.6569
v 0.5958 0.5481 2.6569
v 0.5958 0.5481 2.6569
v 0.5958 0.5481 2.6569
v 0.5958 0.5284 2.6161
v 0.5958 0.5284 2.6161
v 0.5958 0.5284 2.6161
v 0.5958 0.5284 2.6161
v 0.5958 0.4930 2.5878
v 0.5958 0.4930 2.5878
v 0.5958 0.4930 2.5878
v 0.5958 0.4930 2.5878
v 1.0311 0.2204 2.2053
v 1.0311 0.2204 2.2053
v 1.0311 0.2204 2.2053
v 1.0311 0.2204 2.2053
v 1.0311 0.4488 2.1532
v 1.0311 0.4488 2.1532
v 1.0311 0.4488 2.1532
v 1.0311 0.4488 2.1532
v 1.0311 0.0372 2.3514
v 1.0311 0.0372 2.3514
v 1.0311 0.0372 2.3514
v 1.0311 0.0372 2.3514
v 1.0311 -0.0644 2.5625
v 1.0311 -0.0644 2.5625
v 1.0311 -0.0644 2.5625
v 1.0311 -0.0644 2.5625
v 1.0311 -0.0644 2.7967
v 1.0311 -0.0644 2.7967
v 1.0311 -0.0644 2.7967
v 1.0311 -0.0644 2.7967
v 1.0311 0.0372 3.0078
v 1.0311 0.0372 3.0078
v 1.0311 0.0372 3.0078
v 1.0311 0.0372 3.0078
v 1.0311 0.2204 3.1539
v 1.0311 0.2204 3.1539
v 1.0311 0.2204 3.1539
v 1.0311 0.2204 3.1539
v 1.0311 0.4488 3.2060
v 1.0311 0.4488 3.2060
v 1.0311 0.4488 3.2060
v 1.0311 0.4488 3.2060
v 1.0311 0.6772 3.1539
v 1.0311 0.6772 3.1539
v 1.0311 0.6772 3.1539
v 1.0311 0.6772 3.1539
v 1.0311 0.8604 3.0078
v 1.0311 0.8604 3.0078
v 1.0311 0.8604 3.0078
v 1.0311 0.8604 3.0078
v 1.0311 0.9620 2.7967
v 1.0311 0.9620 2.7967
v 1.0311 0.9620 2.7967
v 1.0311 0.9620 2.7967
v 1.0311 0.9620 2.5625
v 1.0311 0.9620 2.5625
v 1.0311 0.9620 2.5625
v 1.0311 0.9620 2.5625
v 1.0311 0.8604 2.3514
v 1.0311 0.8604 2.3514
v 1.0311 0.8604 2.3514
v 1.0311 0.8604 2.3514
v 1.0311 0.6772 2.2053
v 1.0311 0.6772 2.2053
v 1.0311 0.6772 2.2053
v 1.0311 0.6772 2.2053
v 1.0453 0.2513 2.2695
v 1.0453 0.2513 2.2695
v 1.0453 0.2513 2.2695
v 1.0453 0.2513 2.2695
v 1.0453 0.4488 2.2245
v 1.0453 0.4488 2.2245
v 1.0453 0.4488 2.2245
v 1.0453 0.4488 2.2245
v 1.0453 0.0930 2.3958
v 1.0453 0.0930 2.3958
v 1.0453 0.0930 2.3958
v 1.0453 0.0930 2.3958
v 1.0453 0.0051 2.5783
v 1.0453 0.0051 2.5783
v 1.0453 0.0051 2.5783
v 1.0453 0.0051 2.5783
v 1.0453 0.0051 2.7809
v 1.0453 0.0051 2.7809
v 1.0453 0.0051 2.7809
v 1.0453 0.0051 2.7809
v 1.0453 0.0930 2.9634
v 1.0453 0.0930 2.9634
v 1.0453 0.0930 2.9634
v 1.0453 0.0930 2.9634
v 1.0453 0.2513 3.0896
v 1.0453 0.2513 3.0896
v 1.0453 0.2513 3.0896
v 1.0453 0.2513 3.0896
v 1.0453 0.4488 3.1347
v 1.0453 0.4488 3.1347
v 1.0453 0.4488 3.1347
v 1.0453 0.4488 3.1347
v 1.0453 0.6463 3.0896
v 1.0453 0.6463 3.0896
v 1.0453 0.6463 3.0896
v 1.0453 0.6463 3.0896
v 1.0453 0.8046 2.9634
v 1.0453 0.8046 2.9634
v 1.0453 0.8046 2.9634
v 1.0453 0.8046 2.9634
v 1.0453 0.8925 2.7809
v 1.0453 0.8925 2.7809
v 1.0453 0.8925 2.7809
v 1.0453 0.8925 2.5783
v 1.0453 0.8925 2.5783
v 1.0453 0.8925 2.5783
v 1.0453 0.8046 2.3958
v 1.0453 0.8046 2.3958
v 1.0453 0.8046 2.3958
v 1.0453 0.6463 2.2695
v 1.0453 0.6463 2.2695
v 1.0453 0.6463 2.2695
v 1.0453 0.6463 2.2695
v 1.0453 0.3075 2.3862
v 1.0453 0.3075 2.3862
v 1.0453 0.4488 2.3539
v 1.0453 0.4488 2.3539
v 1.0453 0.1942 2.4765
v 1.0453 0.1942 2.4765
v 1.0453 0.1313 2.6071
v 1.0453 0.1313 2.6071
v 1.0453 0.1313 2.7521
v 1.0453 0.1313 2.7521
v 1.0453 0.1942 2.8826
v 1.0453 0.1942 2.8826
v 1.0453 0.3075 2.9730
v 1.0453 0.3075 2.9730
v 1.0453 0.4488 3.0052
v 1.0453 0.4488 3.0052
v 1.0453 0.5901 2.9730
v 1.0453 0.5901 2.9730
v 1.0453 0.7034 2.8826
v 1.0453 0.7034 2.8826
v 1.0453 0.7663 2.7521
v 1.0453 0.7663 2.6071
v 1.0453 0.7034 2.4765
v 1.0453 0.5901 2.3862
v 1.0453 0.5901 2.3862
v 0.9508 0.3814 2.5396
v 0.9508 0.4488 2.5243
v 0.9508 0.3274 2.5827
v 0.9508 0.2974 2.6450
v 0.9508 0.2974 2.7142
v 0.9508 0.3274 2.7764
v 0.9508 0.3814 2.8195
v 0.9508 0.4488 2.8349
v 0.9508 0.5162 2.8195
v 0.9508 0.5702 2.7764
v 0.9508 0.6002 2.7142
v 0.9508 0.6002 2.6450
v 0.9508 0.5702 2.5827
v 0.9508 0.5162 2.5396
v 0.5958 0.4488 2.1532
v 0.5958 0.4488 2.1532
v 0.5958 0.4488 2.1532
v 0.5958 0.4488 2.1532
v 0.5958 0.2204 2.2053
v 0.5958 0.2204 2.2053
v 0.5958 0.2204 2.2053
v 0.5958 0.2204 2.2053
v 0.5958 0.0372 2.3514
v 0.5958 0.0372 2.3514
v 0.5958 0.0372 2.3514
v 0.5958 0.0372 2.3514
v 0.5958 -0.0644 2.5625
v 0.5958 -0.0644 2.5625
v 0.5958 -0.0644 2.5625
v 0.5958 -0.0644 2.5625
v 0.5958 -0.0644 2.7967
v 0.5958 -0.0644 2.7967
v 0.5958 -0.0644 2.7967
v 0.5958 -0.0644 2.7967
v 0.5958 0.0372 3.0078
v 0.5958 0.0372 3.0078
v 0.5958 0.0372 3.0078
v 0.5958 0.0372 3.0078
v 0.5958 0.2204 3.1539
v 0.5958 0.2204 3.1539
v 0.5958 0.2204 3.1539
v 0.5958 0.2204 3.1539
v 0.5958 0.4488 3.2060
v 0.5958 0.4488 3.2060
v 0.5958 0.4488 3.2060
v 0.5958 0.4488 3.2060
v 0.5958 0.6772 3.1539
v 0.5958 0.6772 3.1539
v 0.5958 0.6772 3.1539
v 0.5958 0.6772 3.1539
v 0.5958 0.8604 3.0078
v 0.5958 0.8604 3.0078
v 0.5958 0.8604 3.0078
v 0.5958 0.8604 3.0078
v 0.5958 0.9620 2.7967
v 0.5958 0.9620 2.7967
v 0.5958 0.9620 2.7967
v 0.5958 0.9620 2.5625
v 0.5958 0.9620 2.5625
v 0.5958 0.9620 2.5625
v 0.5958 0.9620 2.5625
v 0.5958 0.8604 2.3514
v 0.5958 0.8604 2.3514
v 0.5958 0.8604 2.3514
v 0.5958 0.8604 2.3514
v 0.5958 0.6772 2.2053
v 0.5958 0.6772 2.2053
v 0.5958 0.6772 2.2053
v 0.5958 0.6772 2.2053
v -0.5958 0.4488 2.5777
v -0.5958 0.4488 2.5777
v -0.5958 0.4488 2.5777
v -0.5958 0.4488 2.5777
v -0.5958 0.4046 2.5878
v -0.5958 0.4046 2.5878
v -0.5958 0.4046 2.5878
v -0.5958 0.4046 2.5878
v -0.5958 0.3692 2.6161
v -0.5958 0.3692 2.6161
v -0.5958 0.3692 2.6161
v -0.5958 0.3692 2.6161
v -0.5958 0.3495 2.6569
v -0.5958 0.3495 2.6569
v -0.5958 0.3495 2.6569
v -0.5958 0.3495 2.7023
v -0.5958 0.3495 2.7023
v -0.5958 0.3495 2.7023
v -0.5958 0.3495 2.7023
v -0.5958 0.3692 2.7431
v -0.5958 0.3692 2.7431
v -0.5958 0.3692 2.7431
v -0.5958 0.3692 2.7431
v -0.5958 0.4046 2.7714
v -0.5958 0.4046 2.7714
v -0.5958 0.4046 2.7714
v -0.5958 0.4046 2.7714
v -0.5958 0.4488 2.7815
v -0.5958 0.4488 2.7815
v -0.5958 0.4488 2.7815
v -0.5958 0.4488 2.7815
v -0.5958 0.4930 2.7714
v -0.5958 0.4930 2.7714
v -0.5958 0.4930 2.7714
v -0.5958 0.4930 2.7714
v -0.5958 0.5284 2.7431
v -0.5958 0.5284 2.7431
v -0.5958 0.5284 2.7431
v -0.5958 0.5481 2.7023
v -0.5958 0.5481 2.7023
v -0.5958 0.5481 2.7023
v -0.5958 0.5481 2.7023
v -0.5958 0.5481 2.6569
v -0.5958 0.5481 2.6569
v -0.5958 0.5481 2.6569
v -0.5958 0.5481 2.6569
v -0.5958 0.5284 2.6161
v -0.5958 0.5284 2.6161
v -0.5958 0.5284 2.6161
v -0.5958 0.4930 2.5878
v -0.5958 0.4930 2.5878
v -0.5958 0.4930 2.5878
v -0.5958 0.4930 2.5878
v -1.0311 0.2204 2.2053
v -1.0311 0.2204 2.2053
v -1.0311 0.2204 2.2053
v -1.0311 0.2204 2.2053
v -1.0311 0.4488 2.1532
v -1.0311 0.4488 2.1532
v -1.0311 0.4488 2.1532
v -1.0311 0.4488 2.1532
v -1.0311 0.0372 2.3514
v -1.0311 0.0372 2.3514
v -1.0311 0.0372 2.3514
v -1.0311 0.0372 2.3514
v -1.0311 -0.0644 2.5625
v -1.0311 -0.0644 2.5625
v -1.0311 -0.0644 2.5625
v -1.0311 -0.0644 2.5625
v -1.0311 -0.0644 2.7967
v -1.0311 -0.0644 2.7967
v -1.0311 -0.0644 2.7967
v -1.0311 -0.0644 2.7967
v -1.0311 0.0372 3.0078
v -1.0311 0.0372 3.0078
v -1.0311 0.0372 3.0078
v -1.0311 0.0372 3.0078
v -1.0311 0.2204 3.1539
v -1.0311 0.2204 3.1539
v -1.0311 0.2204 3.1539
v -1.0311 0.2204 3.1539
v -1.0311 0.4488 3.2060
v -1.0311 0.4488 3.2060
v -1.0311 0.4488 3.2060
v -1.0311 0.4488 3.2060
v -1.0311 0.6772 3.1539
v -1.0311 0.6772 3.1539
v -1.0311 0.6772 3.1539
v -1.0311 0.6772 3.1539
v -1.0311 0.8604 3.0078
v -1.0311 0.8604 3.0078
v -1.0311 0.8604 3.0078
v -1.0311 0.8604 3.0078
v -1.0311 0.9620 2.7967
v -1.0311 0.9620 2.7967
v -1.0311 0.9620 2.7967
v -1.0311 0.9620 2.7967
v -1.0311 0.9620 2.5625
v -1.0311 0.9620 2.5625
v -1.0311 0.9620 2.5625
v -1.0311 0.9620 2.5625
v -1.0311 0.8604 2.3514
v -1.0311 0.8604 2.3514
v -1.0311 0.8604 2.3514
v -1.0311 0.8604 2.3514
v -1.0311 0.6772 2.2053
v -1.0311 0.6772 2.2053
v -1.0311 0.6772 2.2053
v -1.0311 0.6772 2.2053
v -1.0453 0.2513 2.2695
v -1.0453 0.2513 2.2695
v -1.0453 0.2513 2.2695
v -1.0453 0.2513 2.2695
v -1.0453 0.4488 2.2245
v -1.0453 0.4488 2.2245
v -1.0453 0.4488 2.2245
v -1.0453 0.4488 2.2245
v -1.0453 0.0930 2.3958
v -1.0453 0.0930 2.3958
v -1.0453 0.0930 2.3958
v -1.0453 0.0930 2.3958
v -1.0453 0.0051 2.5783
v -1.0453 0.0051 2.5783
v -1.0453 0.0051 2.5783
v -1.0453 0.0051 2.5783
v -1.0453 0.0051 2.7809
v -1.0453 0.0051 2.7809
v -1.0453 0.0051 2.7809
v -1.0453 0.0051 2.7809
v -1.0453 0.0930 2.9634
v -1.0453 0.0930 2.9634
v -1.0453 0.0930 2.9634
v -1.0453 0.0930 2.9634
v -1.0453 0.2513 3.0896
v -1.0453 0.2513 3.0896
v -1.0453 0.2513 3.0896
v -1.0453 0.2513 3.0896
v -1.0453 0.4488 3.1347
v -1.0453 0.4488 3.1347
v -1.0453 0.4488 3.1347
v -1.0453 0.4488 3.1347
v -1.0453 0.6463 3.0896
v -1.0453 0.6463 3.0896
v -1.0453 0.6463 3.0896
v -1.0453 0.6463 3.0896
v -1.0453 0.8046 2.9634
v -1.0453 0.8046 2.9634
v -1.0453 0.8046 2.9634
v -1.0453 0.8046 2.9634
v -1.0453 0.8925 2.7809
v -1.0453 0.8925 2.7809
v -1.0453 0.8925 2.7809
v -1.0453 0.8925 2.7809
v -1.0453 0.8925 2.5783
v -1.0453 0.8925 2.5783
v -1.0453 0.8925 2.5783
v -1.0453 0.8925 2.5783
v -1.0453 0.8046 2.3958
v -1.0453 0.8046 2.3958
v -1.0453 0.8046 2.3958
v -1.0453 0.8046 2.3958
v -1.0453 0.6463 2.2695
v -1.0453 0.6463 2.2695
v -1.0453 0.6463 2.2695
v -1.0453 0.6463 2.2695
v -1.0453 0.3075 2.3862
v -1.0453 0.3075 2.3862
v -1.0453 0.4488 2.3539
v -1.0453 0.4488 2.3539
v -1.0453 0.1942 2.4765
v -1.0453 0.1942 2.4765
v -1.0453 0.1313 2.6071
v -1.0453 0.1313 2.6071
v -1.0453 0.1313 2.7521
v -1.0453 0.1313 2.7521
v -1.0453 0.1942 2.8826
v -1.0453 0.1942 2.8826
v -1.0453 0.3075 2.9730
v -1.0453 0.3075 2.9730
v -1.0453 0.4488 3.0052
v -1.0453 0.4488 3.0052
v -1.0453 0.5901 2.9730
v -1.0453 0.5901 2.9730
v -1.0453 0.7034 2.8826
v -1.0453 0.7034 2.8826
v -1.0453 0.7663 2.7521
v -1.0453 0.7663 2.7521
v -1.0453 0.7663 2.6071
v -1.0453 0.7663 2.6071
v -1.0453 0.7034 2.4765
v -1.0453 0.7034 2.4765
v -1.0453 0.5901 2.3862
v -1.0453 0.5901 2.3862
v -0.9508 0.3814 2.5396
v -0.9508 0.4488 2.5243
v -0.9508 0.3274 2.5827
v -0.9508 0.2974 2.6450
v -0.9508 0.2974 2.7142
v -0.9508 0.3274 2.7764
v -0.9508 0.3814 2.8195
v -0.9508 0.4488 2.8349
v -0.9508 0.5162 2.8195
v -0.9508 0.5702 2.7764
v -0.9508 0.6002 2.7142
v -0.9508 0.6002 2.6450
v -0.9508 0.5702 2.5827
v -0.9508 0.5162 2.5396
v -0.5958 0.4488 2.1532
v -0.5958 0.4488 2.1532
v -0.5958 0.4488 2.1532
v -0.5958 0.4488 2.1532
v -0.5958 0.2204 2.2053
v -0.5958 0.2204 2.2053
v -0.5958 0.2204 2.2053
v -0.5958 0.2204 2.2053
v -0.5958 0.0372 2.3514
v -0.5958 0.0372 2.3514
v -0.5958 0.0372 2.3514
v -0.5958 0.0372 2.3514
v -0.5958 -0.0644 2.5625
v -0.5958 -0.0644 2.5625
v -0.5958 -0.0644 2.5625
v -0.5958 -0.0644 2.7967
v -0.5958 -0.0644 2.7967
v -0.5958 -0.0644 2.7967
v -0.5958 -0.0644 2.7967
v -0.5958 0.0372 3.0078
v -0.5958 0.0372 3.0078
v -0.5958 0.0372 3.0078
v -0.5958 0.0372 3.0078
v -0.5958 0.2204 3.1539
v -0.5958 0.2204 3.1539
v -0.5958 0.2204 3.1539
v -0.5958 0.2204 3.1539
v -0.5958 0.4488 3.2060
v -0.5958 0.4488 3.2060
v -0.5958 0.4488 3.2060
v -0.5958 0.4488 3.2060
v -0.5958 0.6772 3.1539
v -0.5958 0.6772 3.1539
v -0.5958 0.6772 3.1539
v -0.5958 0.6772 3.1539
v -0.5958 0.8604 3.0078
v -0.5958 0.8604 3.0078
v -0.5958 0.8604 3.0078
v -0.5958 0.9620 2.7967
v -0.5958 0.9620 2.7967
v -0.5958 0.9620 2.7967
v -0.5958 0.9620 2.7967
v -0.5958 0.9620 2.5625
v -0.5958 0.9620 2.5625
v -0.5958 0.9620 2.5625
v -0.5958 0.9620 2.5625
v -0.5958 0.8604 2.3514
v -0.5958 0.8604 2.3514
v -0.5958 0.8604 2.3514
v -0.5958 0.6772 2.2053
v -0.5958 0.6772 2.2053
v -0.5958 0.6772 2.2053
v -0.5958 0.6772 2.2053
v -0.0000 0.4488 2.5777
v -0.0000 0.4488 2.5777
v -0.0000 0.4488 2.5777
v -0.0000 0.4488 2.5777
v -0.0000 0.4488 2.5777
v -0.0000 0.4046 2.5878
v -0.0000 0.4046 2.5878
v -0.0000 0.4046 2.5878
v -0.0000 0.4046 2.5878
v -0.0000 0.4046 2.5878
v -0.0000 0.3692 2.6161
v -0.0000 0.3692 2.6161
v -0.0000 0.3692 2.6161
v -0.0000 0.3692 2.6161
v -0.0000 0.3692 2.6161
v -0.0000 0.3495 2.6569
v -0.0000 0.3495 2.6569
v -0.0000 0.3495 2.6569
v -0.0000 0.3495 2.6569
v -0.0000 0.3495 2.6569
v -0.0000 0.3495 2.7023
v -0.0000 0.3495 2.7023
v -0.0000 0.3495 2.7023
v -0.0000 0.3495 2.7023
v -0.0000 0.3495 2.7023
v -0.0000 0.3692 2.7431
v -0.0000 0.3692 2.7431
v -0.0000 0.3692 2.7431
v -0.0000 0.3692 2.7431
v -0.0000 0.3692 2.7431
v -0.0000 0.4046 2.7714
v -0.0000 0.4046 2.7714
v -0.0000 0.4046 2.7714
v -0.0000 0.4046 2.7714
v -0.0000 0.4046 2.7714
v -0.0000 0.4488 2.7815
v -0.0000 0.4488 2.7815
v -0.0000 0.4488 2.7815
v -0.0000 0.4488 2.7815
v -0.0000 0.4488 2.7815
v -0.0000 0.4930 2.7714
v -0.0000 0.4930 2.7714
v -0.0000 0.4930 2.7714
v -0.0000 0.4930 2.7714
v -0.0000 0.4930 2.7714
v -0.0000 0.5284 2.7431
v -0.0000 0.5284 2.7431
v -0.0000 0.5284 2.7431
v -0.0000 0.5284 2.7431
v -0.0000 0.5284 2.7431
v -0.0000 0.5481 2.7023
v -0.0000 0.5481 2.7023
v -0.0000 0.5481 2.7023
v -0.0000 0.5481 2.7023
v -0.0000 0.5481 2.7023
v -0.0000 0.5481 2.6569
v -0.0000 0.5481 2.6569
v -0.0000 0.5481 2.6569
v -0.0000 0.5481 2.6569
v -0.0000 0.5481 2.6569
v -0.0000 0.5284 2.6161
v -0.0000 0.5284 2.6161
v -0.0000 0.5284 2.6161
v -0.0000 0.5284 2.6161
v -0.0000 0.5284 2.6161
v -0.0000 0.4930 2.5878
v -0.0000 0.4930 2.5878
v -0.0000 0.4930 2.5878
v -0.0000 0.4930 2.5878
v -0.0000 0.4930 2.5878
v 1.0584 0.4488 2.5243
v 1.0584 0.4488 2.5243
v 1.0584 0.4488 2.5243
v 1.0584 0.3814 2.5396
v 1.0584 0.3814 2.5396
v 1.0584 0.3814 2.5396
v 1.0584 0.3814 2.5396
v 1.0584 0.3274 2.5827
v 1.0584 0.3274 2.5827
v 1.0584 0.3274 2.5827
v 1.0584 0.3274 2.5827
v 1.0584 0.2974 2.6450
v 1.0584 0.2974 2.6450
v 1.0584 0.2974 2.6450
v 1.0584 0.2974 2.6450
v 1.0584 0.2974 2.7142
v 1.0584 0.2974 2.7142
v 1.0584 0.2974 2.7142
v 1.0584 0.2974 2.7142
v 1.0584 0.3274 2.7764
v 1.0584 0.3274 2.7764
v 1.0584 0.3274 2.7764
v 1.0584 0.3274 2.7764
v 1.0584 0.3814 2.8195
v 1.0584 0.3814 2.8195
v 1.0584 0.3814 2.8195
v 1.0584 0.3814 2.8195
v 1.0584 0.4488 2.8349
v 1.0584 0.4488 2.8349
v 1.0584 0.4488 2.8349
v 1.0584 0.5162 2.8195
v 1.0584 0.5162 2.8195
v 1.0584 0.5162 2.8195
v 1.0584 0.5162 2.8195
v 1.0584 0.5702 2.7764
v 1.0584 0.5702 2.7764
v 1.0584 0.5702 2.7764
v 1.0584 0.5702 2.7764
v 1.0584 0.6002 2.7142
v 1.0584 0.6002 2.7142
v 1.0584 0.6002 2.7142
v 1.0584 0.6002 2.7142
v 1.0584 0.6002 2.6450
v 1.0584 0.6002 2.6450
v 1.0584 0.6002 2.6450
v 1.0584 0.5702 2.5827
v 1.0584 0.5702 2.5827
v 1.0584 0.5702 2.5827
v 1.0584 0.5702 2.5827
v 1.0584 0.5162 2.5396
v 1.0584 0.5162 2.5396
v 1.0584 0.5162 2.5396
v 1.0584 0.5162 2.5396
v 1.0453 0.3075 2.3862
v 1.0453 0.3075 2.3862
v 1.0453 0.4488 2.3539
v 1.0453 0.4488 2.3539
v 1.0453 0.1942 2.4765
v 1.0453 0.1942 2.4765
v 1.0453 0.1313 2.6071
v 1.0453 0.1313 2.6071
v 1.0453 0.1313 2.7521
v 1.0453 0.1313 2.7521
v 1.0453 0.1942 2.8826
v 1.0453 0.1942 2.8826
v 1.0453 0.3075 2.9730
v 1.0453 0.3075 2.9730
v 1.0453 0.4488 3.0052
v 1.0453 0.4488 3.0052
v 1.0453 0.5901 2.9730
v 1.0453 0.5901 2.9730
v 1.0453 0.7034 2.8826
v 1.0453 0.7034 2.8826
v 1.0453 0.7663 2.7521
v 1.0453 0.7663 2.7521
v 1.0453 0.7663 2.6071
v 1.0453 0.7663 2.6071
v 1.0453 0.7034 2.4765
v 1.0453 0.7034 2.4765
v 1.0453 0.5901 2.3862
v 1.0453 0.5901 2.3862
v 1.0584 0.3459 2.4659
v 1.0584 0.3459 2.4659
v 1.0584 0.3459 2.4659
v 1.0584 0.3459 2.4659
v 1.0584 0.4488 2.4424
v 1.0584 0.4488 2.4424
v 1.0584 0.4488 2.4424
v 1.0584 0.2634 2.5317
v 1.0584 0.2634 2.5317
v 1.0584 0.2634 2.5317
v 1.0584 0.2634 2.5317
v 1.0584 0.2176 2.6268
v 1.0584 0.2176 2.6268
v 1.0584 0.2176 2.6268
v 1.0584 0.2176 2.6268
v 1.0584 0.2176 2.7324
v 1.0584 0.2176 2.7324
v 1.0584 0.2176 2.7324
v 1.0584 0.2176 2.7324
v 1.0584 0.2634 2.8275
v 1.0584 0.2634 2.8275
v 1.0584 0.2634 2.8275
v 1.0584 0.2634 2.8275
v 1.0584 0.3459 2.8933
v 1.0584 0.3459 2.8933
v 1.0584 0.3459 2.8933
v 1.0584 0.3459 2.8933
v 1.0584 0.4488 2.9168
v 1.0584 0.4488 2.9168
v 1.0584 0.4488 2.9168
v 1.0584 0.5517 2.8933
v 1.0584 0.5517 2.8933
v 1.0584 0.5517 2.8933
v 1.0584 0.5517 2.8933
v 1.0584 0.6342 2.8275
v 1.0584 0.6342 2.8275
v 1.0584 0.6342 2.8275
v 1.0584 0.6342 2.8275
v 1.0584 0.6800 2.7324
v 1.0584 0.6800 2.7324
v 1.0584 0.6800 2.7324
v 1.0584 0.6800 2.7324
v 1.0584 0.6800 2.6268
v 1.0584 0.6800 2.6268
v 1.0584 0.6800 2.6268
v 1.0584 0.6342 2.5317
v 1.0584 0.6342 2.5317
v 1.0584 0.6342 2.5317
v 1.0584 0.6342 2.5317
v 1.0584 0.5517 2.4659
v 1.0584 0.5517 2.4659
v 1.0584 0.5517 2.4659
v 1.0584 0.5517 2.4659
v 0.9508 0.3814 2.5396
v 0.9508 0.3814 2.5396
v 0.9508 0.4488 2.5243
v 0.9508 0.4488 2.5243
v 0.9508 0.3274 2.5827
v 0.9508 0.3274 2.5827
v 0.9508 0.2974 2.6450
v 0.9508 0.2974 2.6450
v 0.9508 0.2974 2.7142
v 0.9508 0.2974 2.7142
v 0.9508 0.3274 2.7764
v 0.9508 0.3274 2.7764
v 0.9508 0.3814 2.8195
v 0.9508 0.3814 2.8195
v 0.9508 0.4488 2.8349
v 0.9508 0.4488 2.8349
v 0.9508 0.5162 2.8195
v 0.9508 0.5162 2.8195
v 0.9508 0.5702 2.7764
v 0.9508 0.5702 2.7764
v 0.9508 0.6002 2.7142
v 0.9508 0.6002 2.7142
v 0.9508 0.6002 2.6450
v 0.9508 0.6002 2.6450
v 0.9508 0.5702 2.5827
v 0.9508 0.5702 2.5827
v 0.9508 0.5162 2.5396
v 0.9508 0.5162 2.5396
v -1.0585 0.4488 2.5243
v -1.0585 0.4488 2.5243
v -1.0585 0.4488 2.5243
v -1.0585 0.3814 2.5396
v -1.0585 0.3814 2.5396
v -1.0585 0.3814 2.5396
v -1.0585 0.3814 2.5396
v -1.0585 0.3274 2.5827
v -1.0585 0.3274 2.5827
v -1.0585 0.3274 2.5827
v -1.0585 0.3274 2.5827
v -1.0585 0.2974 2.6450
v -1.0585 0.2974 2.6450
v -1.0585 0.2974 2.6450
v -1.0585 0.2974 2.6450
v -1.0585 0.2974 2.7142
v -1.0585 0.2974 2.7142
v -1.0585 0.2974 2.7142
v -1.0585 0.2974 2.7142
v -1.0585 0.3274 2.7764
v -1.0585 0.3274 2.7764
v -1.0585 0.3274 2.7764
v -1.0585 0.3274 2.7764
v -1.0585 0.3814 2.8195
v -1.0585 0.3814 2.8195
v -1.0585 0.3814 2.8195
v -1.0585 0.4488 2.8349
v -1.0585 0.4488 2.8349
v -1.0585 0.4488 2.8349
v -1.0585 0.5162 2.8195
v -1.0585 0.5162 2.8195
v -1.0585 0.5162 2.8195
v -1.0585 0.5162 2.8195
v -1.0585 0.5702 2.7764
v -1.0585 0.5702 2.7764
v -1.0585 0.5702 2.7764
v -1.0585 0.5702 2.7764
v -1.0585 0.6002 2.7142
v -1.0585 0.6002 2.7142
v -1.0585 0.6002 2.7142
v -1.0585 0.6002 2.7142
v -1.0585 0.6002 2.6450
v -1.0585 0.6002 2.6450
v -1.0585 0.6002 2.6450
v -1.0585 0.5702 2.5827
v -1.0585 0.5702 2.5827
v -1.0585 0.5702 2.5827
v -1.0585 0.5702 2.5827
v -1.0585 0.5162 2.5396
v -1.0585 0.5162 2.5396
v -1.0585 0.5162 2.5396
v -1.0453 0.3075 2.3862
v -1.0453 0.3075 2.3862
v -1.0453 0.4488 2.3539
v -1.0453 0.4488 2.3539
v -1.0453 0.1942 2.4765
v -1.0453 0.1942 2.4765
v -1.0453 0.1313 2.6071
v -1.0453 0.1313 2.6071
v -1.0453 0.1313 2.7521
v -1.0453 0.1313 2.7521
v -1.0453 0.1942 2.8826
v -1.0453 0.1942 2.8826
v -1.0453 0.3075 2.9730
v -1.0453 0.3075 2.9730
v -1.0453 0.4488 3.0052
v -1.0453 0.4488 3.0052
v -1.0453 0.5901 2.9730
v -1.0453 0.5901 2.9730
v -1.0453 0.7034 2.8826
v -1.0453 0.7034 2.8826
v -1.0453 0.7663 2.7521
v -1.0453 0.7663 2.7521
v -1.0453 0.7663 2.6071
v -1.0453 0.7663 2.6071
v -1.0453 0.7034 2.4765
v -1.0453 0.7034 2.4765
v -1.0453 0.5901 2.3862
v -1.0453 0.5901 2.3862
v -1.0585 0.3459 2.4659
v -1.0585 0.3459 2.4659
v -1.0585 0.3459 2.4659
v -1.0585 0.3459 2.4659
v -1.0585 0.4488 2.4424
v -1.0585 0.4488 2.4424
v -1.0585 0.4488 2.4424
v -1.0585 0.2634 2.5317
v -1.0585 0.2634 2.5317
v -1.0585 0.2634 2.5317
v -1.0585 0.2634 2.5317
v -1.0585 0.2176 2.6268
v -1.0585 0.2176 2.6268
v -1.0585 0.2176 2.6268
v -1.0585 0.2176 2.6268
v -1.0585 0.2176 2.7324
v -1.0585 0.2176 2.7324
v -1.0585 0.2176 2.7324
v -1.0585 0.2176 2.7324
v -1.0585 0.2634 2.8275
v -1.0585 0.2634 2.8275
v -1.0585 0.2634 2.8275
v -1.0585 0.2634 2.8275
v -1.0585 0.3459 2.8933
v -1.0585 0.3459 2.8933
v -1.0585 0.3459 2.8933
v -1.0585 0.4488 2.9168
v -1.0585 0.4488 2.9168
v -1.0585 0.4488 2.9168
v -1.0585 0.5517 2.8933
v -1.0585 0.5517 2.8933
v -1.0585 0.5517 2.8933
v -1.0585 0.5517 2.8933
v -1.0585 0.6342 2.8275
v -1.0585 0.6342 2.8275
v -1.0585 0.6342 2.8275
v -1.0585 0.6342 2.8275
v -1.0585 0.6800 2.7324
v -1.0585 0.6800 2.7324
v -1.0585 0.6800 2.7324
v -1.0585 0.6800 2.7324
v -1.0585 0.6800 2.6268
v -1.0585 0.6800 2.6268
v -1.0585 0.6800 2.6268
v -1.0585 0.6342 2.5317
v -1.0585 0.6342 2.5317
v -1.0585 0.6342 2.5317
v -1.0585 0.6342 2.5317
v -1.0585 0.5517 2.4659
v -1.0585 0.5517 2.4659
v -1.0585 0.5517 2.4659
v -0.9508 0.3814 2.5396
v -0.9508 0.3814 2.5396
v -0.9508 0.4488 2.5243
v -0.9508 0.4488 2.5243
v -0.9508 0.3274 2.5827
v -0.9508 0.3274 2.5827
v -0.9508 0.2974 2.6450
v -0.9508 0.2974 2.6450
v -0.9508 0.2974 2.7142
v -0.9508 0.2974 2.7142
v -0.9508 0.3274 2.7764
v -0.9508 0.3274 2.7764
v -0.9508 0.3814 2.8195
v -0.9508 0.3814 2.8195
v -0.9508 0.4488 2.8349
v -0.9508 0.4488 2.8349
v -0.9508 0.5162 2.8195
v -0.9508 0.5162 2.8195
v -0.9508 0.5702 2.7764
v -0.9508 0.5702 2.7764
v -0.9508 0.6002 2.7142
v -0.9508 0.6002 2.7142
v -0.9508 0.6002 2.6450
v -0.9508 0.6002 2.6450
v -0.9508 0.5702 2.5827
v -0.9508 0.5702 2.5827
v -0.9508 0.5162 2.5396
v -0.9508 0.5162 2.5396
v 0.8287 0.5800 2.0314
v 0.8287 0.5800 2.0314
v 0.8287 0.5800 2.0314
v 0.7000 0.5800 3.3157
v 0.7000 0.5800 3.3157
v 0.6331 1.5800 3.3154
v 0.6331 1.5800 3.3154
v 0.7000 1.5136 3.3157
v 0.7000 1.5136 3.3157
v 0.6803 1.5605 3.3155
v 0.6803 1.5605 3.3155
v 0.7617 1.5800 2.0314
v 0.7617 1.5800 2.0314
v 0.7617 1.5800 2.0314
v 0.8287 1.5136 2.0314
v 0.8287 1.5136 2.0314
v 0.8287 1.5136 2.0314
v 0.8091 1.5605 2.0314
v 0.8091 1.5605 2.0314
v 0.8091 1.5605 2.0314
v 0.6697 0.5251 2.0341
v 0.6697 0.5251 2.0341
v 0.6697 0.5251 2.0341
v 1.0165 0.5141 2.1013
v 1.0165 0.5141 2.1013
v 1.0165 0.5141 2.1013
v 0.6697 0.6094 3.3082
v 0.6697 0.6094 3.3082
v 0.6697 0.6094 3.3082
v 1.0165 0.5998 3.2407
v 1.0165 0.5998 3.2407
v 1.0165 0.5998 3.2407
v 0.6697 0.8318 3.2335
v 0.6697 0.8318 3.2335
v 0.6697 0.8318 3.2335
v 0.6697 0.8318 3.2335
v 1.0165 0.8079 3.1717
v 1.0165 0.8079 3.1717
v 1.0165 0.8079 3.1717
v 0.6697 1.0063 3.0762
v 0.6697 1.0063 3.0762
v 0.6697 1.0063 3.0762
v 0.6697 1.0063 3.0762
v 1.0165 0.9632 3.0335
v 1.0165 0.9632 3.0335
v 1.0165 0.9632 3.0335
v 0.6697 1.1016 2.8153
v 0.6697 1.1016 2.8153
v 0.6697 1.1016 2.8153
v 0.6697 1.1016 2.8153
v 1.0165 1.0478 2.8001
v 1.0165 1.0478 2.8001
v 1.0165 1.0478 2.8001
v 0.6697 1.1016 2.5427
v 0.6697 1.1016 2.5427
v 0.6697 1.1016 2.5427
v 0.6697 1.1016 2.5427
v 1.0165 1.0478 2.5579
v 1.0165 1.0478 2.5579
v 1.0165 1.0478 2.5579
v 0.6697 1.0063 2.2971
v 0.6697 1.0063 2.2971
v 0.6697 1.0063 2.2971
v 0.6697 1.0063 2.2971
v 1.0165 0.9632 2.3398
v 1.0165 0.9632 2.3398
v 1.0165 0.9632 2.3398
v 1.0165 0.9632 2.3398
v 0.6697 0.8346 2.1271
v 0.6697 0.8346 2.1271
v 0.6697 0.8346 2.1271
v 0.6697 0.8346 2.1271
v 1.0165 0.8106 2.1888
v 1.0165 0.8106 2.1888
v 1.0165 0.8106 2.1888
v 1.0165 0.8106 2.1888
v 1.0165 0.5251 2.0341
v 1.0165 0.5251 2.0341
v 1.0165 0.5251 2.0341
v 1.0165 0.6094 3.3082
v 1.0165 0.6094 3.3082
v 1.0165 0.6094 3.3082
v 1.0165 0.8318 3.2335
v 1.0165 0.8318 3.2335
v 1.0165 0.8318 3.2335
v 1.0165 1.0063 3.0762
v 1.0165 1.0063 3.0762
v 1.0165 1.0063 3.0762
v 1.0165 1.1016 2.8153
v 1.0165 1.1016 2.8153
v 1.0165 1.1016 2.8153
v 1.0165 1.1016 2.5427
v 1.0165 1.1016 2.5427
v 1.0165 1.1016 2.5427
v 1.0165 1.0063 2.2971
v 1.0165 1.0063 2.2971
v 1.0165 1.0063 2.2971
v 1.0165 1.0063 2.2971
v 1.0165 0.8346 2.1271
v 1.0165 0.8346 2.1271
v 1.0165 0.8346 2.1271
v 1.0165 0.8346 2.1271
v 0.6939 0.5141 2.1013
v 0.6939 0.5141 2.1013
v 0.6939 0.5141 2.1013
v 0.6939 0.5998 3.2407
v 0.6939 0.5998 3.2407
v 0.6939 0.5998 3.2407
v 0.6939 0.8079 3.1717
v 0.6939 0.8079 3.1717
v 0.6939 0.8079 3.1717
v 0.6939 0.8079 3.1717
v 0.6939 0.9632 3.0335
v 0.6939 0.9632 3.0335
v 0.6939 0.9632 3.0335
v 0.6939 0.9632 3.0335
v 0.6939 1.0478 2.8001
v 0.6939 1.0478 2.8001
v 0.6939 1.0478 2.8001
v 0.6939 1.0478 2.8001
v 0.6939 1.0478 2.5579
v 0.6939 1.0478 2.5579
v 0.6939 1.0478 2.5579
v 0.6939 1.0478 2.5579
v 0.6939 0.9632 2.3398
v 0.6939 0.9632 2.3398
v 0.6939 0.9632 2.3398
v 0.6939 0.9632 2.3398
v 0.6939 0.8106 2.1888
v 0.6939 0.8106 2.1888
v 0.6939 0.8106 2.1888
v 0.6939 0.8106 2.1888
v 0.6697 0.6686 2.0644
v 0.6697 0.6686 2.0644
v 0.6697 0.6686 2.0644
v 0.6697 0.6686 2.0644
v 1.0165 0.6686 2.0644
v 1.0165 0.6686 2.0644
v 1.0165 0.6686 2.0644
v 1.0165 0.6686 2.0644
v 1.0165 0.6556 2.1304
v 1.0165 0.6556 2.1304
v 1.0165 0.6556 2.1304
v 1.0165 0.6556 2.1304
v 0.6939 0.6556 2.1304
v 0.6939 0.6556 2.1304
v 0.6939 0.6556 2.1304
v 0.6939 0.6556 2.1304
v 0.8312 1.0910 1.9606
v 0.8312 1.0910 1.9606
v 0.8312 1.0910 1.9606
v 0.7918 1.6090 2.0224
v 0.7918 1.6090 2.0224
v 0.7918 1.6090 2.0224
v 0.7918 1.6090 2.0224
v 0.8312 1.0910 1.2416
v 0.8312 1.0910 1.2416
v 0.8312 1.0910 1.2416
v 0.8312 1.5800 1.2416
v 0.8312 1.5800 1.2416
v 0.8312 1.5800 1.2416
v 0.8312 2.1154 1.2416
v 0.8312 2.1154 1.2416
v 0.8312 2.1154 1.2416
v 0.8312 2.1154 1.2416
v 0.8312 2.0878 1.7861
v 0.8312 2.0878 1.7861
v 0.8312 2.0878 1.7861
v 0.8312 2.0878 1.7861
v 0.8312 1.5800 1.1707
v 0.8312 1.5800 1.1707
v 0.8312 1.5800 1.1707
v 0.8312 1.5800 1.1707
v 0.8312 1.0087 1.1707
v 0.8312 1.0087 1.1707
v 0.8312 1.0087 1.1707
v 0.8312 1.0087 2.0314
v 0.8312 1.0087 2.0314
v 0.8312 1.0087 2.0314
v 0.8312 1.5679 1.9606
v 0.8312 1.5679 1.9606
v 0.8312 1.5679 1.9606
v 0.8312 1.5679 1.9606
v 0.7918 2.1687 1.8479
v 0.7918 2.1687 1.8479
v 0.7918 2.1687 1.8479
v 0.7918 2.1687 1.8479
v 0.8082 1.6168 1.2737
v 0.8082 1.6168 1.2737
v 0.8082 1.6168 1.2737
v 0.8082 1.6168 1.2737
v 0.8082 1.6060 1.9173
v 0.8082 1.6060 1.9173
v 0.8082 1.6060 1.9173
v 0.8082 1.0910 1.2416
v 0.8082 1.0910 1.2416
v 0.8082 1.0910 1.2416
v 0.8082 1.0910 1.9606
v 0.8082 1.0910 1.9606
v 0.8082 1.0910 1.9606
v 0.8082 2.0781 1.2737
v 0.8082 2.0781 1.2737
v 0.8082 2.0781 1.2737
v 0.8082 2.0781 1.2737
v 0.8082 2.0505 1.7622
v 0.8082 2.0505 1.7622
v 0.8082 2.0505 1.7622
v 0.8082 1.5800 1.2416
v 0.8082 1.5800 1.2416
v 0.8082 1.5800 1.2416
v 0.8082 1.5679 1.9606
v 0.8082 1.5679 1.9606
v 0.8082 1.5679 1.9606
v 0.8082 2.1154 1.2416
v 0.8082 2.1154 1.2416
v 0.8082 2.1154 1.2416
v 0.8082 2.1154 1.2416
v 0.8082 2.0878 1.7861
v 0.8082 2.0878 1.7861
v 0.8082 2.0878 1.7861
v 0.7977 1.6168 1.2737
v 0.7977 1.6168 1.2737
v 0.7977 1.6060 1.9173
v 0.7977 1.6060 1.9173
v 0.7977 2.0781 1.2737
v 0.7977 2.0781 1.2737
v 0.7977 2.0505 1.7622
v 0.7977 2.0505 1.7622
v 0.8312 1.5800 2.0314
v 0.8312 1.5800 2.0314
v 0.8312 1.5800 2.0314
v 0.8312 1.5800 2.0314
v 0.8312 1.5800 2.0314
v 0.7918 2.1645 1.8342
v 0.7918 2.1645 1.8342
v 0.7918 1.6047 2.0087
v 0.7918 1.6047 2.0087
v 0.7845 2.2320 1.1707
v 0.7845 2.2320 1.1707
v 0.7845 2.2320 1.1707
v 0.7845 2.2320 1.1707
v 0.8312 2.1943 1.1936
v 0.8312 2.1943 1.1936
v 0.8312 2.1943 1.1936
v 0.8312 2.1943 1.1936
v 0.8312 2.1956 1.1707
v 0.8312 2.1956 1.1707
v 0.8312 2.1956 1.1707
v 0.8312 2.1956 1.1707
v 0.8312 2.1956 1.1707
v 0.8078 2.2270 1.1738
v 0.8078 2.2270 1.1738
v 0.8078 2.2270 1.1738
v 0.8078 2.2270 1.1738
v 0.8249 2.2132 1.1822
v 0.8249 2.2132 1.1822
v 0.8249 2.2132 1.1822
v 0.8249 2.2132 1.1822
v 0.8312 2.1624 1.8162
v 0.8312 2.1624 1.8162
v 0.8312 2.1624 1.8162
v 0.8312 2.1624 1.8162
v 0.7845 2.1977 1.8389
v 0.7845 2.1977 1.8389
v 0.7845 2.1977 1.8389
v 0.7845 2.1977 1.8389
v 0.7982 2.1734 1.8465
v 0.7982 2.1734 1.8465
v 0.7982 2.1734 1.8465
v 0.8312 2.1634 1.8496
v 0.8312 2.1634 1.8496
v 0.8312 2.1634 1.8496
v 0.8249 2.1800 1.8276
v 0.8249 2.1800 1.8276
v 0.8249 2.1800 1.8276
v 0.8078 2.1930 1.8359
v 0.8078 2.1930 1.8359
v 0.8078 2.1930 1.8359
v 0.8049 0.9563 1.0471
v 0.8049 0.9563 1.0471
v 0.8049 0.9563 1.0471
v 0.9094 1.0291 1.0471
v 0.9094 1.0291 1.0471
v 0.9094 1.0291 1.0471
v 0.8572 0.9660 1.0471
v 0.8572 0.9660 1.0471
v 0.8572 0.9660 1.0471
v 0.8954 0.9927 1.0471
v 0.8954 0.9927 1.0471
v 0.8954 0.9927 1.0471
v 0.9094 2.5598 1.0471
v 0.9094 2.5598 1.0471
v 0.9094 2.5598 1.0471
v 0.8049 2.6326 1.0471
v 0.8049 2.6326 1.0471
v 0.8049 2.6326 1.0471
v 0.8954 2.5962 1.0471
v 0.8954 2.5962 1.0471
v 0.8954 2.5962 1.0471
v 0.8572 2.6229 1.0471
v 0.8572 2.6229 1.0471
v 0.8572 2.6229 1.0471
v 0.9094 1.0291 -0.3454
v 0.9094 1.0291 -0.3454
v 0.9094 1.0291 -0.3454
v 0.9094 1.0291 -0.3454
v 0.8049 0.9563 -0.3454
v 0.8049 0.9563 -0.3454
v 0.8049 0.9563 -0.3454
v 0.8954 0.9927 -0.3454
v 0.8954 0.9927 -0.3454
v 0.8954 0.9927 -0.3454
v 0.8954 0.9927 -0.3454
v 0.8954 0.9927 -0.3454
v 0.8572 0.9660 -0.3454
v 0.8572 0.9660 -0.3454
v 0.8572 0.9660 -0.3454
v 0.8049 2.6326 -0.3454
v 0.8049 2.6326 -0.3454
v 0.8049 2.6326 -0.3454
v 0.9094 2.5598 -0.3454
v 0.9094 2.5598 -0.3454
v 0.9094 2.5598 -0.3454
v 0.9094 2.5598 -0.3454
v 0.8572 2.6229 -0.3454
v 0.8572 2.6229 -0.3454
v 0.8572 2.6229 -0.3454
v 0.8954 2.5962 -0.3454
v 0.8954 2.5962 -0.3454
v 0.8954 2.5962 -0.3454
v 0.8954 2.5962 -0.3454
v 0.8954 2.5962 -0.3454
v 0.8339 1.5885 0.6175
v 0.8339 1.5885 0.6175
v 0.8339 1.5885 0.6175
v 0.8339 1.6351 0.6542
v 0.8339 1.6351 0.6542
v 0.8339 1.6351 0.6542
v 0.8339 1.5948 0.6358
v 0.8339 1.5948 0.6358
v 0.8339 1.5948 0.6358
v 0.8339 1.6118 0.6493
v 0.8339 1.6118 0.6493
v 0.8339 1.6118 0.6493
v 0.8339 2.0746 0.6542
v 0.8339 2.0746 0.6542
v 0.8339 2.0746 0.6542
v 0.8339 2.1211 0.6175
v 0.8339 2.1211 0.6175
v 0.8339 2.1211 0.6175
v 0.8339 2.0978 0.6493
v 0.8339 2.0978 0.6493
v 0.8339 2.0978 0.6493
v 0.8339 2.1149 0.6358
v 0.8339 2.1149 0.6358
v 0.8339 2.1149 0.6358
v 0.8339 1.6351 0.2342
v 0.8339 1.6351 0.2342
v 0.8339 1.6351 0.2342
v 0.8339 1.5885 0.2709
v 0.8339 1.5885 0.2709
v 0.8339 1.5885 0.2709
v 0.8339 1.6118 0.2391
v 0.8339 1.6118 0.2391
v 0.8339 1.6118 0.2391
v 0.8339 1.5948 0.2526
v 0.8339 1.5948 0.2526
v 0.8339 1.5948 0.2526
v 0.8339 2.1211 0.2709
v 0.8339 2.1211 0.2709
v 0.8339 2.1211 0.2709
v 0.8339 2.0746 0.2342
v 0.8339 2.0746 0.2342
v 0.8339 2.0746 0.2342
v 0.8339 2.1149 0.2526
v 0.8339 2.1149 0.2526
v 0.8339 2.1149 0.2526
v 0.8339 2.0978 0.2391
v 0.8339 2.0978 0.2391
v 0.8339 2.0978 0.2391
v 0.9369 1.6386 0.6331
v 0.9369 1.6386 0.6331
v 0.9369 1.6386 0.6331
v 0.9369 1.6386 0.6331
v 0.9369 1.6153 0.6147
v 0.9369 1.6153 0.6147
v 0.9369 1.6153 0.6147
v 0.9369 1.6153 0.6147
v 0.9369 1.6257 0.6304
v 0.9369 1.6257 0.6304
v 0.9369 1.6257 0.6304
v 0.9369 1.6257 0.6304
v 0.9369 1.6188 0.6249
v 0.9369 1.6188 0.6249
v 0.9369 1.6188 0.6249
v 0.9369 1.6188 0.6249
v 0.9369 2.0944 0.6147
v 0.9369 2.0944 0.6147
v 0.9369 2.0944 0.6147
v 0.9369 2.0710 0.6331
v 0.9369 2.0710 0.6331
v 0.9369 2.0710 0.6331
v 0.9369 2.0710 0.6331
v 0.9369 2.0909 0.6249
v 0.9369 2.0909 0.6249
v 0.9369 2.0909 0.6249
v 0.9369 2.0909 0.6249
v 0.9369 2.0840 0.6304
v 0.9369 2.0840 0.6304
v 0.9369 2.0840 0.6304
v 0.9369 2.0840 0.6304
v 0.9369 1.6153 0.2737
v 0.9369 1.6153 0.2737
v 0.9369 1.6153 0.2737
v 0.9369 1.6153 0.2737
v 0.9369 1.6386 0.2553
v 0.9369 1.6386 0.2553
v 0.9369 1.6386 0.2553
v 0.9369 1.6386 0.2553
v 0.9369 1.6188 0.2635
v 0.9369 1.6188 0.2635
v 0.9369 1.6188 0.2635
v 0.9369 1.6188 0.2635
v 0.9369 1.6257 0.2580
v 0.9369 1.6257 0.2580
v 0.9369 1.6257 0.2580
v 0.9369 1.6257 0.2580
v 0.9369 2.0710 0.2553
v 0.9369 2.0710 0.2553
v 0.9369 2.0710 0.2553
v 0.9369 2.0710 0.2553
v 0.9369 2.0944 0.2737
v 0.9369 2.0944 0.2737
v 0.9369 2.0944 0.2737
v 0.9369 2.0840 0.2580
v 0.9369 2.0840 0.2580
v 0.9369 2.0840 0.2580
v 0.9369 2.0840 0.2580
v 0.9369 2.0909 0.2635
v 0.9369 2.0909 0.2635
v 0.9369 2.0909 0.2635
v 0.9369 2.0909 0.2635
v 0.9369 1.5948 0.2526
v 0.9369 1.5948 0.2526
v 0.9369 1.5948 0.2526
v 0.9369 1.5948 0.2526
v 0.9369 1.5885 0.2709
v 0.9369 1.5885 0.2709
v 0.9369 1.5885 0.2709
v 0.9369 1.5885 0.2709
v 0.9369 1.6118 0.2391
v 0.9369 1.6118 0.2391
v 0.9369 1.6118 0.2391
v 0.9369 1.6118 0.2391
v 0.9369 1.6351 0.2342
v 0.9369 1.6351 0.2342
v 0.9369 1.6351 0.2342
v 0.9369 1.6351 0.2342
v 0.9369 2.1211 0.2709
v 0.9369 2.1211 0.2709
v 0.9369 2.1211 0.2709
v 0.9369 2.1149 0.2526
v 0.9369 2.1149 0.2526
v 0.9369 2.1149 0.2526
v 0.9369 2.1149 0.2526
v 0.9369 2.0978 0.2391
v 0.9369 2.0978 0.2391
v 0.9369 2.0978 0.2391
v 0.9369 2.0978 0.2391
v 0.9369 2.0746 0.2342
v 0.9369 2.0746 0.2342
v 0.9369 2.0746 0.2342
v 0.9369 2.0746 0.2342
v 0.9369 1.5885 0.6175
v 0.9369 1.5885 0.6175
v 0.9369 1.5885 0.6175
v 0.9369 1.5885 0.6175
v 0.9369 1.5948 0.6358
v 0.9369 1.5948 0.6358
v 0.9369 1.5948 0.6358
v 0.9369 1.5948 0.6358
v 0.9369 1.6118 0.6493
v 0.9369 1.6118 0.6493
v 0.9369 1.6118 0.6493
v 0.9369 1.6118 0.6493
v 0.9369 1.6351 0.6542
v 0.9369 1.6351 0.6542
v 0.9369 1.6351 0.6542
v 0.9369 1.6351 0.6542
v 0.9369 2.1149 0.6358
v 0.9369 2.1149 0.6358
v 0.9369 2.1149 0.6358
v 0.9369 2.1149 0.6358
v 0.9369 2.1211 0.6175
v 0.9369 2.1211 0.6175
v 0.9369 2.1211 0.6175
v 0.9369 2.0978 0.6493
v 0.9369 2.0978 0.6493
v 0.9369 2.0978 0.6493
v 0.9369 2.0978 0.6493
v 0.9369 2.0746 0.6542
v 0.9369 2.0746 0.6542
v 0.9369 2.0746 0.6542
v 0.9369 2.0746 0.6542
v 0.9277 1.6188 0.2635
v 0.9277 1.6188 0.2635
v 0.9277 1.6153 0.2737
v 0.9277 1.6153 0.2737
v 0.9277 1.6257 0.2580
v 0.9277 1.6257 0.2580
v 0.9277 1.6386 0.2553
v 0.9277 1.6386 0.2553
v 0.9277 2.0944 0.2737
v 0.9277 2.0944 0.2737
v 0.9277 2.0909 0.2635
v 0.9277 2.0909 0.2635
v 0.9277 2.0840 0.2580
v 0.9277 2.0840 0.2580
v 0.9277 2.0710 0.2553
v 0.9277 2.0710 0.2553
v 0.9277 1.6153 0.6147
v 0.9277 1.6153 0.6147
v 0.9277 1.6188 0.6249
v 0.9277 1.6188 0.6249
v 0.9277 1.6257 0.6304
v 0.9277 1.6257 0.6304
v 0.9277 1.6386 0.6331
v 0.9277 1.6386 0.6331
v 0.9277 2.0909 0.6249
v 0.9277 2.0909 0.6249
v 0.9277 2.0944 0.6147
v 0.9277 2.0944 0.6147
v 0.9277 2.0840 0.6304
v 0.9277 2.0840 0.6304
v 0.9277 2.0710 0.6331
v 0.9277 2.0710 0.6331
v 0.0506 2.1387 1.6986
v 0.0481 2.2006 1.7570
v 0.0506 2.1988 1.6385
v 0.0506 2.1988 1.7588
v 0.3868 2.1387 1.6986
v 0.3893 2.2006 1.7570
v 0.3868 2.1988 1.6385
v 0.4719 2.1387 1.6986
v 0.4694 2.2006 1.7570
v 0.4719 2.1988 1.6385
v 0.3868 2.1988 1.7588
v 0.4719 2.1988 1.7588
v 0.6164 2.1387 1.6986
v 0.6189 2.2006 1.7570
v 0.6164 2.1988 1.6385
v 0.7014 2.1387 1.6986
v 0.6989 2.2006 1.7570
v 0.7014 2.1988 1.6385
v 0.6164 2.1988 1.7588
v 0.7014 2.1988 1.7588
v 0.8910 0.9927 -0.4324
v 0.8910 0.9927 -0.4324
v 0.8910 0.9927 -0.4324
v 0.8910 0.9927 -0.4324
v 0.9047 1.0291 -0.4356
v 0.9047 1.0291 -0.4356
v 0.9047 1.0291 -0.4356
v 0.9047 1.0291 -0.4356
v 0.9047 2.5598 -0.4356
v 0.9047 2.5598 -0.4356
v 0.9047 2.5598 -0.4356
v 0.9047 2.5598 -0.4356
v 0.8910 2.5962 -0.4324
v 0.8910 2.5962 -0.4324
v 0.8910 2.5962 -0.4324
v 0.8910 2.5962 -0.4324
v 0.8528 0.9927 -0.5255
v 0.8528 0.9927 -0.5255
v 0.8528 0.9927 -0.5255
v 0.8653 1.0291 -0.5318
v 0.8653 1.0291 -0.5318
v 0.8653 1.0291 -0.5318
v 0.8653 2.5598 -0.5318
v 0.8653 2.5598 -0.5318
v 0.8653 2.5598 -0.5318
v 0.8528 2.5962 -0.5255
v 0.8528 2.5962 -0.5255
v 0.8528 2.5962 -0.5255
v -0.8287 0.5800 2.0314
v -0.8287 0.5800 2.0314
v -0.8287 0.5800 2.0314
v 0.0000 0.5800 2.0314
v 0.0000 0.5800 2.0314
v 0.0000 0.5800 2.0314
v 0.0000 0.5800 2.0314
v 0.0000 1.5800 2.0314
v 0.0000 1.5800 2.0314
v 0.0000 1.5800 2.0314
v -0.7000 0.5800 3.3157
v -0.7000 0.5800 3.3157
v -0.6331 1.5800 3.3154
v -0.6331 1.5800 3.3154
v -0.7000 1.5136 3.3157
v -0.7000 1.5136 3.3157
v -0.6803 1.5605 3.3155
v -0.6803 1.5605 3.3155
v -0.7617 1.5800 2.0314
v -0.7617 1.5800 2.0314
v -0.7617 1.5800 2.0314
v -0.8287 1.5136 2.0314
v -0.8287 1.5136 2.0314
v -0.8287 1.5136 2.0314
v -0.8091 1.5605 2.0314
v -0.8091 1.5605 2.0314
v -0.8091 1.5605 2.0314
v 0.0000 0.5800 3.3157
v 0.0000 0.5800 3.3157
v 0.0000 1.5800 3.3154
v -0.6697 0.5251 2.0341
v -0.6697 0.5251 2.0341
v -0.6697 0.5251 2.0341
v -1.0165 0.5141 2.1013
v -1.0165 0.5141 2.1013
v -1.0165 0.5141 2.1013
v -0.6697 0.6094 3.3082
v -0.6697 0.6094 3.3082
v -0.6697 0.6094 3.3082
v -1.0165 0.5998 3.2407
v -1.0165 0.5998 3.2407
v -1.0165 0.5998 3.2407
v -0.6697 0.8318 3.2335
v -0.6697 0.8318 3.2335
v -0.6697 0.8318 3.2335
v -0.6697 0.8318 3.2335
v -1.0165 0.8079 3.1717
v -1.0165 0.8079 3.1717
v -1.0165 0.8079 3.1717
v -1.0165 0.8079 3.1717
v -0.6697 1.0063 3.0762
v -0.6697 1.0063 3.0762
v -0.6697 1.0063 3.0762
v -0.6697 1.0063 3.0762
v -1.0165 0.9632 3.0335
v -1.0165 0.9632 3.0335
v -1.0165 0.9632 3.0335
v -1.0165 0.9632 3.0335
v -0.6697 1.1016 2.8153
v -0.6697 1.1016 2.8153
v -0.6697 1.1016 2.8153
v -0.6697 1.1016 2.8153
v -1.0165 1.0478 2.8001
v -1.0165 1.0478 2.8001
v -1.0165 1.0478 2.8001
v -1.0165 1.0478 2.8001
v -0.6697 1.1016 2.5427
v -0.6697 1.1016 2.5427
v -0.6697 1.1016 2.5427
v -0.6697 1.1016 2.5427
v -1.0165 1.0478 2.5579
v -1.0165 1.0478 2.5579
v -1.0165 1.0478 2.5579
v -0.6697 1.0063 2.2971
v -0.6697 1.0063 2.2971
v -0.6697 1.0063 2.2971
v -0.6697 1.0063 2.2971
v -1.0165 0.9632 2.3398
v -1.0165 0.9632 2.3398
v -1.0165 0.9632 2.3398
v -1.0165 0.9632 2.3398
v -0.6697 0.8346 2.1271
v -0.6697 0.8346 2.1271
v -0.6697 0.8346 2.1271
v -0.6697 0.8346 2.1271
v -1.0165 0.8106 2.1888
v -1.0165 0.8106 2.1888
v -1.0165 0.8106 2.1888
v -1.0165 0.8106 2.1888
v -1.0165 0.5251 2.0341
v -1.0165 0.5251 2.0341
v -1.0165 0.5251 2.0341
v -1.0165 0.6094 3.3082
v -1.0165 0.6094 3.3082
v -1.0165 0.6094 3.3082
v -1.0165 0.8318 3.2335
v -1.0165 0.8318 3.2335
v -1.0165 0.8318 3.2335
v -1.0165 0.8318 3.2335
v -1.0165 1.0063 3.0762
v -1.0165 1.0063 3.0762
v -1.0165 1.0063 3.0762
v -1.0165 1.0063 3.0762
v -1.0165 1.1016 2.8153
v -1.0165 1.1016 2.8153
v -1.0165 1.1016 2.8153
v -1.0165 1.1016 2.8153
v -1.0165 1.1016 2.5427
v -1.0165 1.1016 2.5427
v -1.0165 1.1016 2.5427
v -1.0165 1.0063 2.2971
v -1.0165 1.0063 2.2971
v -1.0165 1.0063 2.2971
v -1.0165 1.0063 2.2971
v -1.0165 0.8346 2.1271
v -1.0165 0.8346 2.1271
v -1.0165 0.8346 2.1271
v -1.0165 0.8346 2.1271
v -0.6939 0.5141 2.1013
v -0.6939 0.5141 2.1013
v -0.6939 0.5141 2.1013
v -0.6939 0.5998 3.2407
v -0.6939 0.5998 3.2407
v -0.6939 0.5998 3.2407
v -0.6939 0.8079 3.1717
v -0.6939 0.8079 3.1717
v -0.6939 0.8079 3.1717
v -0.6939 0.8079 3.1717
v -0.6939 0.9632 3.0335
v -0.6939 0.9632 3.0335
v -0.6939 0.9632 3.0335
v -0.6939 0.9632 3.0335
v -0.6939 1.0478 2.8001
v -0.6939 1.0478 2.8001
v -0.6939 1.0478 2.8001
v -0.6939 1.0478 2.8001
v -0.6939 1.0478 2.5579
v -0.6939 1.0478 2.5579
v -0.6939 1.0478 2.5579
v -0.6939 1.0478 2.5579
v -0.6939 0.9632 2.3398
v -0.6939 0.9632 2.3398
v -0.6939 0.9632 2.3398
v -0.6939 0.9632 2.3398
v -0.6939 0.8106 2.1888
v -0.6939 0.8106 2.1888
v -0.6939 0.8106 2.1888
v -0.6939 0.8106 2.1888
v -0.6697 0.6686 2.0644
v -0.6697 0.6686 2.0644
v -0.6697 0.6686 2.0644
v -0.6697 0.6686 2.0644
v -1.0165 0.6686 2.0644
v -1.0165 0.6686 2.0644
v -1.0165 0.6686 2.0644
v -1.0165 0.6686 2.0644
v -1.0165 0.6556 2.1304
v -1.0165 0.6556 2.1304
v -1.0165 0.6556 2.1304
v -1.0165 0.6556 2.1304
v -0.6939 0.6556 2.1304
v -0.6939 0.6556 2.1304
v -0.6939 0.6556 2.1304
v -0.6939 0.6556 2.1304
v -0.8312 1.0910 1.9606
v -0.8312 1.0910 1.9606
v -0.8312 1.0910 1.9606
v -0.8312 1.0910 1.9606
v -0.7918 1.6090 2.0224
v -0.7918 1.6090 2.0224
v -0.7918 1.6090 2.0224
v -0.7918 1.6090 2.0224
v -0.8312 1.0910 1.2416
v -0.8312 1.0910 1.2416
v -0.8312 1.0910 1.2416
v -0.8312 1.0910 1.2416
v -0.8312 1.5800 1.2416
v -0.8312 1.5800 1.2416
v -0.8312 1.5800 1.2416
v -0.8312 2.1154 1.2416
v -0.8312 2.1154 1.2416
v -0.8312 2.1154 1.2416
v -0.8312 2.1154 1.2416
v -0.8312 2.0878 1.7861
v -0.8312 2.0878 1.7861
v -0.8312 2.0878 1.7861
v -0.8312 2.0878 1.7861
v 0.0000 1.0087 1.1707
v 0.0000 1.0087 1.1707
v 0.0000 1.5800 1.1707
v 0.0000 1.5800 1.1707
v 0.0000 1.0087 2.0314
v 0.0000 1.0087 2.0314
v 0.0000 1.6090 2.0224
v 0.0000 1.6090 2.0224
v 0.0000 1.6090 2.0224
v 0.0000 1.6090 2.0224
v 0.0000 2.2320 1.1707
v 0.0000 2.2320 1.1707
v 0.0000 2.2320 1.1707
v 0.0000 2.1687 1.8479
v 0.0000 2.1687 1.8479
v 0.0000 2.1687 1.8479
v -0.8312 1.5800 1.1707
v -0.8312 1.5800 1.1707
v -0.8312 1.5800 1.1707
v -0.8312 1.0087 1.1707
v -0.8312 1.0087 1.1707
v -0.8312 1.0087 1.1707
v -0.8312 1.0087 1.1707
v -0.8312 1.0087 2.0314
v -0.8312 1.0087 2.0314
v -0.8312 1.0087 2.0314
v -0.8312 1.0087 2.0314
v -0.8312 1.5679 1.9606
v -0.8312 1.5679 1.9606
v -0.8312 1.5679 1.9606
v -0.8312 1.5679 1.9606
v -0.7918 2.1687 1.8479
v -0.7918 2.1687 1.8479
v -0.7918 2.1687 1.8479
v -0.7918 2.1687 1.8479
v -0.8082 1.6168 1.2737
v -0.8082 1.6168 1.2737
v -0.8082 1.6168 1.2737
v -0.8082 1.6168 1.2737
v -0.8082 1.6060 1.9173
v -0.8082 1.6060 1.9173
v -0.8082 1.6060 1.9173
v -0.8082 1.6060 1.9173
v -0.8082 1.0910 1.2416
v -0.8082 1.0910 1.2416
v -0.8082 1.0910 1.2416
v -0.8082 1.0910 1.9606
v -0.8082 1.0910 1.9606
v -0.8082 1.0910 1.9606
v -0.8082 2.0781 1.2737
v -0.8082 2.0781 1.2737
v -0.8082 2.0781 1.2737
v -0.8082 2.0781 1.2737
v -0.8082 2.0505 1.7622
v -0.8082 2.0505 1.7622
v -0.8082 2.0505 1.7622
v -0.8082 2.0505 1.7622
v -0.8082 1.5800 1.2416
v -0.8082 1.5800 1.2416
v -0.8082 1.5800 1.2416
v -0.8082 1.5800 1.2416
v -0.8082 1.5679 1.9606
v -0.8082 1.5679 1.9606
v -0.8082 1.5679 1.9606
v -0.8082 1.5679 1.9606
v -0.8082 1.5679 1.9606
v -0.8082 2.1154 1.2416
v -0.8082 2.1154 1.2416
v -0.8082 2.1154 1.2416
v -0.8082 2.1154 1.2416
v -0.8082 2.0878 1.7861
v -0.8082 2.0878 1.7861
v -0.8082 2.0878 1.7861
v -0.8082 2.0878 1.7861
v -0.7977 1.6168 1.2737
v -0.7977 1.6168 1.2737
v -0.7977 1.6060 1.9173
v -0.7977 1.6060 1.9173
v -0.7977 2.0781 1.2737
v -0.7977 2.0781 1.2737
v -0.7977 2.0505 1.7622
v -0.7977 2.0505 1.7622
v -0.8312 1.5800 2.0314
v -0.8312 1.5800 2.0314
v -0.8312 1.5800 2.0314
v -0.8312 1.5800 2.0314
v -0.8312 1.5800 2.0314
v 0.0000 1.5800 2.0314
v 0.0000 1.5800 2.0314
v 0.0000 1.5800 2.0314
v 0.0000 2.1977 1.8389
v 0.0000 2.1977 1.8389
v 0.0000 2.1977 1.8389
v 0.0000 1.6047 2.0087
v 0.0000 1.6047 2.0087
v 0.0000 2.1645 1.8342
v -0.7918 2.1645 1.8342
v -0.7918 2.1645 1.8342
v -0.7918 1.6047 2.0087
v -0.7918 1.6047 2.0087
v -0.7845 2.2320 1.1707
v -0.7845 2.2320 1.1707
v -0.7845 2.2320 1.1707
v -0.7845 2.2320 1.1707
v -0.8312 2.1943 1.1936
v -0.8312 2.1943 1.1936
v -0.8312 2.1943 1.1936
v -0.8312 2.1943 1.1936
v -0.8312 2.1956 1.1707
v -0.8312 2.1956 1.1707
v -0.8312 2.1956 1.1707
v -0.8312 2.1956 1.1707
v -0.8312 2.1956 1.1707
v -0.8078 2.2270 1.1738
v -0.8078 2.2270 1.1738
v -0.8078 2.2270 1.1738
v -0.8078 2.2270 1.1738
v -0.8249 2.2132 1.1822
v -0.8249 2.2132 1.1822
v -0.8249 2.2132 1.1822
v -0.8249 2.2132 1.1822
v -0.8312 2.1624 1.8162
v -0.8312 2.1624 1.8162
v -0.8312 2.1624 1.8162
v -0.8312 2.1624 1.8162
v -0.7845 2.1977 1.8389
v -0.7845 2.1977 1.8389
v -0.7845 2.1977 1.8389
v -0.7845 2.1977 1.8389
v -0.7982 2.1734 1.8465
v -0.7982 2.1734 1.8465
v -0.7982 2.1734 1.8465
v -0.8312 2.1634 1.8496
v -0.8312 2.1634 1.8496
v -0.8312 2.1634 1.8496
v -0.8249 2.1800 1.8276
v -0.8249 2.1800 1.8276
v -0.8249 2.1800 1.8276
v -0.8078 2.1930 1.8359
v -0.8078 2.1930 1.8359
v -0.8078 2.1930 1.8359
v -0.8049 0.9563 1.0471
v -0.8049 0.9563 1.0471
v -0.8049 0.9563 1.0471
v -0.9094 1.0291 1.0471
v -0.9094 1.0291 1.0471
v -0.9094 1.0291 1.0471
v -0.8572 0.9660 1.0471
v -0.8572 0.9660 1.0471
v -0.8572 0.9660 1.0471
v -0.8954 0.9927 1.0471
v -0.8954 0.9927 1.0471
v -0.8954 0.9927 1.0471
v -0.9094 2.5598 1.0471
v -0.9094 2.5598 1.0471
v -0.9094 2.5598 1.0471
v -0.8049 2.6326 1.0471
v -0.8049 2.6326 1.0471
v -0.8049 2.6326 1.0471
v -0.8954 2.5962 1.0471
v -0.8954 2.5962 1.0471
v -0.8954 2.5962 1.0471
v -0.8572 2.6229 1.0471
v -0.8572 2.6229 1.0471
v -0.8572 2.6229 1.0471
v -0.9094 1.0291 -0.3454
v -0.9094 1.0291 -0.3454
v -0.9094 1.0291 -0.3454
v -0.9094 1.0291 -0.3454
v -0.8049 0.9563 -0.3454
v -0.8049 0.9563 -0.3454
v -0.8049 0.9563 -0.3454
v -0.8954 0.9927 -0.3454
v -0.8954 0.9927 -0.3454
v -0.8954 0.9927 -0.3454
v -0.8954 0.9927 -0.3454
v -0.8954 0.9927 -0.3454
v -0.8572 0.9660 -0.3454
v -0.8572 0.9660 -0.3454
v -0.8572 0.9660 -0.3454
v -0.8049 2.6326 -0.3454
v -0.8049 2.6326 -0.3454
v -0.8049 2.6326 -0.3454
v -0.9094 2.5598 -0.3454
v -0.9094 2.5598 -0.3454
v -0.9094 2.5598 -0.3454
v -0.9094 2.5598 -0.3454
v -0.8572 2.6229 -0.3454
v -0.8572 2.6229 -0.3454
v -0.8572 2.6229 -0.3454
v -0.8954 2.5962 -0.3454
v -0.8954 2.5962 -0.3454
v -0.8954 2.5962 -0.3454
v -0.8954 2.5962 -0.3454
v -0.8954 2.5962 -0.3454
v 0.0000 2.6326 1.0471
v 0.0000 2.6326 1.0471
v 0.0000 2.6326 1.0471
v 0.0000 2.6326 -0.3454
v 0.0000 2.6326 -0.3454
v 0.0000 0.9563 -0.3454
v 0.0000 0.9563 -0.3454
v 0.0000 0.9563 1.0471
v 0.0000 0.9563 1.0471
v 0.0000 0.9563 1.0471
v -0.8339 1.5885 0.6175
v -0.8339 1.5885 0.6175
v -0.8339 1.5885 0.6175
v -0.8339 1.6351 0.6542
v -0.8339 1.6351 0.6542
v -0.8339 1.6351 0.6542
v -0.8339 1.5948 0.6358
v -0.8339 1.5948 0.6358
v -0.8339 1.5948 0.6358
v -0.8339 1.6118 0.6493
v -0.8339 1.6118 0.6493
v -0.8339 1.6118 0.6493
v -0.8339 2.0746 0.6542
v -0.8339 2.0746 0.6542
v -0.8339 2.0746 0.6542
v -0.8339 2.1211 0.6175
v -0.8339 2.1211 0.6175
v -0.8339 2.1211 0.6175
v -0.8339 2.0978 0.6493
v -0.8339 2.0978 0.6493
v -0.8339 2.0978 0.6493
v -0.8339 2.1149 0.6358
v -0.8339 2.1149 0.6358
v -0.8339 2.1149 0.6358
v -0.8339 1.6351 0.2342
v -0.8339 1.6351 0.2342
v -0.8339 1.6351 0.2342
v -0.8339 1.5885 0.2709
v -0.8339 1.5885 0.2709
v -0.8339 1.5885 0.2709
v -0.8339 1.6118 0.2391
v -0.8339 1.6118 0.2391
v -0.8339 1.6118 0.2391
v -0.8339 1.5948 0.2526
v -0.8339 1.5948 0.2526
v -0.8339 1.5948 0.2526
v -0.8339 2.1211 0.2709
v -0.8339 2.1211 0.2709
v -0.8339 2.1211 0.2709
v -0.8339 2.0746 0.2342
v -0.8339 2.0746 0.2342
v -0.8339 2.0746 0.2342
v -0.8339 2.1149 0.2526
v -0.8339 2.1149 0.2526
v -0.8339 2.1149 0.2526
v -0.8339 2.0978 0.2391
v -0.8339 2.0978 0.2391
v -0.8339 2.0978 0.2391
v -0.9369 1.6386 0.6331
v -0.9369 1.6386 0.6331
v -0.9369 1.6386 0.6331
v -0.9369 1.6386 0.6331
v -0.9369 1.6153 0.6147
v -0.9369 1.6153 0.6147
v -0.9369 1.6153 0.6147
v -0.9369 1.6257 0.6304
v -0.9369 1.6257 0.6304
v -0.9369 1.6257 0.6304
v -0.9369 1.6257 0.6304
v -0.9369 1.6188 0.6249
v -0.9369 1.6188 0.6249
v -0.9369 1.6188 0.6249
v -0.9369 2.0944 0.6147
v -0.9369 2.0944 0.6147
v -0.9369 2.0944 0.6147
v -0.9369 2.0710 0.6331
v -0.9369 2.0710 0.6331
v -0.9369 2.0710 0.6331
v -0.9369 2.0710 0.6331
v -0.9369 2.0909 0.6249
v -0.9369 2.0909 0.6249
v -0.9369 2.0909 0.6249
v -0.9369 2.0840 0.6304
v -0.9369 2.0840 0.6304
v -0.9369 2.0840 0.6304
v -0.9369 2.0840 0.6304
v -0.9369 1.6153 0.2737
v -0.9369 1.6153 0.2737
v -0.9369 1.6153 0.2737
v -0.9369 1.6386 0.2553
v -0.9369 1.6386 0.2553
v -0.9369 1.6386 0.2553
v -0.9369 1.6386 0.2553
v -0.9369 1.6188 0.2635
v -0.9369 1.6188 0.2635
v -0.9369 1.6188 0.2635
v -0.9369 1.6257 0.2580
v -0.9369 1.6257 0.2580
v -0.9369 1.6257 0.2580
v -0.9369 2.0710 0.2553
v -0.9369 2.0710 0.2553
v -0.9369 2.0710 0.2553
v -0.9369 2.0710 0.2553
v -0.9369 2.0944 0.2737
v -0.9369 2.0944 0.2737
v -0.9369 2.0944 0.2737
v -0.9369 2.0944 0.2737
v -0.9369 2.0840 0.2580
v -0.9369 2.0840 0.2580
v -0.9369 2.0840 0.2580
v -0.9369 2.0840 0.2580
v -0.9369 2.0909 0.2635
v -0.9369 2.0909 0.2635
v -0.9369 2.0909 0.2635
v -0.9369 2.0909 0.2635
v -0.9369 1.5948 0.2526
v -0.9369 1.5948 0.2526
v -0.9369 1.5948 0.2526
v -0.9369 1.5885 0.2709
v -0.9369 1.5885 0.2709
v -0.9369 1.5885 0.2709
v -0.9369 1.6118 0.2391
v -0.9369 1.6118 0.2391
v -0.9369 1.6118 0.2391
v -0.9369 1.6351 0.2342
v -0.9369 1.6351 0.2342
v -0.9369 1.6351 0.2342
v -0.9369 1.6351 0.2342
v -0.9369 2.1211 0.2709
v -0.9369 2.1211 0.2709
v -0.9369 2.1211 0.2709
v -0.9369 2.1211 0.2709
v -0.9369 2.1149 0.2526
v -0.9369 2.1149 0.2526
v -0.9369 2.1149 0.2526
v -0.9369 2.1149 0.2526
v -0.9369 2.0978 0.2391
v -0.9369 2.0978 0.2391
v -0.9369 2.0978 0.2391
v -0.9369 2.0978 0.2391
v -0.9369 2.0746 0.2342
v -0.9369 2.0746 0.2342
v -0.9369 2.0746 0.2342
v -0.9369 2.0746 0.2342
v -0.9369 1.5885 0.6175
v -0.9369 1.5885 0.6175
v -0.9369 1.5885 0.6175
v -0.9369 1.5948 0.6358
v -0.9369 1.5948 0.6358
v -0.9369 1.5948 0.6358
v -0.9369 1.6118 0.6493
v -0.9369 1.6118 0.6493
v -0.9369 1.6118 0.6493
v -0.9369 1.6118 0.6493
v -0.9369 1.6351 0.6542
v -0.9369 1.6351 0.6542
v -0.9369 1.6351 0.6542
v -0.9369 1.6351 0.6542
v -0.9369 2.1149 0.6358
v -0.9369 2.1149 0.6358
v -0.9369 2.1149 0.6358
v -0.9369 2.1211 0.6175
v -0.9369 2.1211 0.6175
v -0.9369 2.1211 0.6175
v -0.9369 2.0978 0.6493
v -0.9369 2.0978 0.6493
v -0.9369 2.0978 0.6493
v -0.9369 2.0978 0.6493
v -0.9369 2.0746 0.6542
v -0.9369 2.0746 0.6542
v -0.9369 2.0746 0.6542
v -0.9369 2.0746 0.6542
v -0.9277 1.6188 0.2635
v -0.9277 1.6188 0.2635
v -0.9277 1.6153 0.2737
v -0.9277 1.6153 0.2737
v -0.9277 1.6257 0.2580
v -0.9277 1.6257 0.2580
v -0.9277 1.6386 0.2553
v -0.9277 1.6386 0.2553
v -0.9277 2.0944 0.2737
v -0.9277 2.0944 0.2737
v -0.9277 2.0909 0.2635
v -0.9277 2.0909 0.2635
v -0.9277 2.0840 0.2580
v -0.9277 2.0840 0.2580
v -0.9277 2.0710 0.2553
v -0.9277 2.0710 0.2553
v -0.9277 1.6153 0.6147
v -0.9277 1.6153 0.6147
v -0.9277 1.6188 0.6249
v -0.9277 1.6188 0.6249
v -0.9277 1.6257 0.6304
v -0.9277 1.6257 0.6304
v -0.9277 1.6386 0.6331
v -0.9277 1.6386 0.6331
v -0.9277 2.0909 0.6249
v -0.9277 2.0909 0.6249
v -0.9277 2.0944 0.6147
v -0.9277 2.0944 0.6147
v -0.9277 2.0840 0.6304
v -0.9277 2.0840 0.6304
v -0.9277 2.0710 0.6331
v -0.9277 2.0710 0.6331
v -0.0506 2.1387 1.6986
v -0.0481 2.2006 1.7570
v -0.0506 2.1988 1.6385
v -0.0506 2.1988 1.7588
v -0.3868 2.1387 1.6986
v -0.3893 2.2006 1.7570
v -0.3868 2.1988 1.6385
v -0.4719 2.1387 1.6986
v -0.4694 2.2006 1.7570
v -0.4719 2.1988 1.6385
v -0.3868 2.1988 1.7588
v -0.4719 2.1988 1.7588
v -0.6164 2.1387 1.6986
v -0.6189 2.2006 1.7570
v -0.6164 2.1988 1.6385
v -0.7014 2.1387 1.6986
v -0.6989 2.2006 1.7570
v -0.7014 2.1988 1.6385
v -0.6164 2.1988 1.7588
v -0.7014 2.1988 1.7588
v 0.0000 2.1988 1.6385
v 0.0000 2.1387 1.6986
v 0.0000 2.1988 1.7588
v 0.0000 2.2006 1.7570
v -0.8910 0.9927 -0.4324
v -0.8910 0.9927 -0.4324
v -0.8910 0.9927 -0.4324
v -0.8910 0.9927 -0.4324
v -0.9047 1.0291 -0.4356
v -0.9047 1.0291 -0.4356
v -0.9047 1.0291 -0.4356
v -0.9047 1.0291 -0.4356
v -0.9047 2.5598 -0.4356
v -0.9047 2.5598 -0.4356
v -0.9047 2.5598 -0.4356
v -0.9047 2.5598 -0.4356
v -0.8910 2.5962 -0.4324
v -0.8910 2.5962 -0.4324
v -0.8910 2.5962 -0.4324
v -0.8910 2.5962 -0.4324
v -0.8528 0.9927 -0.5255
v -0.8528 0.9927 -0.5255
v -0.8528 0.9927 -0.5255
v -0.8653 1.0291 -0.5318
v -0.8653 1.0291 -0.5318
v -0.8653 1.0291 -0.5318
v -0.8653 2.5598 -0.5318
v -0.8653 2.5598 -0.5318
v -0.8653 2.5598 -0.5318
v -0.8528 2.5962 -0.5255
v -0.8528 2.5962 -0.5255
v -0.8528 2.5962 -0.5255
v 0.7390 1.0004 3.2898
v 0.7390 1.0004 3.2898
v 0.7390 1.0004 3.2898
v 0.7390 1.0004 3.2898
v 0.7917 0.9699 3.2898
v 0.7917 0.9699 3.2898
v 0.7917 0.9699 3.2898
v 0.7462 0.9849 3.2898
v 0.7462 0.9849 3.2898
v 0.7462 0.9849 3.2898
v 0.7649 0.9740 3.2898
v 0.7649 0.9740 3.2898
v 0.7649 0.9740 3.2898
v 0.7917 1.0887 3.2898
v 0.7917 1.0887 3.2898
v 0.7917 1.0887 3.2898
v 0.7917 1.0887 3.2898
v 0.7390 1.0581 3.2898
v 0.7390 1.0581 3.2898
v 0.7390 1.0581 3.2898
v 0.7390 1.0581 3.2898
v 0.7649 1.0846 3.2898
v 0.7649 1.0846 3.2898
v 0.7649 1.0846 3.2898
v 0.7649 1.0846 3.2898
v 0.7462 1.0737 3.2898
v 0.7462 1.0737 3.2898
v 0.7462 1.0737 3.2898
v 0.7904 0.9641 3.2291
v 0.7904 0.9641 3.2291
v 0.7904 0.9641 3.2291
v 0.7292 1.0071 3.2350
v 0.7292 1.0071 3.2350
v 0.7292 1.0071 3.2350
v 0.7292 1.0071 3.2350
v 0.7598 0.9689 3.2291
v 0.7598 0.9689 3.2291
v 0.7598 0.9689 3.2291
v 0.7374 0.9819 3.2291
v 0.7374 0.9819 3.2291
v 0.7374 0.9819 3.2291
v 0.7292 1.0515 3.2350
v 0.7292 1.0515 3.2350
v 0.7292 1.0515 3.2350
v 0.7292 1.0515 3.2350
v 0.7904 1.0944 3.2291
v 0.7904 1.0944 3.2291
v 0.7904 1.0944 3.2291
v 0.7374 1.0767 3.2291
v 0.7374 1.0767 3.2291
v 0.7374 1.0767 3.2291
v 0.7598 1.0897 3.2291
v 0.7598 1.0897 3.2291
v 0.7598 1.0897 3.2291
v 0.8911 0.9699 3.2898
v 0.8911 0.9699 3.2898
v 0.8911 0.9699 3.2898
v 0.8911 0.9699 3.2898
v 0.9438 1.0004 3.2898
v 0.9438 1.0004 3.2898
v 0.9438 1.0004 3.2898
v 0.9438 1.0004 3.2898
v 0.9179 0.9740 3.2898
v 0.9179 0.9740 3.2898
v 0.9179 0.9740 3.2898
v 0.9179 0.9740 3.2898
v 0.9366 0.9849 3.2898
v 0.9366 0.9849 3.2898
v 0.9366 0.9849 3.2898
v 0.9366 0.9849 3.2898
v 0.9438 1.0581 3.2898
v 0.9438 1.0581 3.2898
v 0.9438 1.0581 3.2898
v 0.9438 1.0581 3.2898
v 0.8911 1.0887 3.2898
v 0.8911 1.0887 3.2898
v 0.8911 1.0887 3.2898
v 0.8911 1.0887 3.2898
v 0.9366 1.0737 3.2898
v 0.9366 1.0737 3.2898
v 0.9366 1.0737 3.2898
v 0.9179 1.0846 3.2898
v 0.9179 1.0846 3.2898
v 0.9179 1.0846 3.2898
v 0.9179 1.0846 3.2898
v 0.9536 0.9997 3.2291
v 0.9536 0.9997 3.2291
v 0.9536 0.9997 3.2291
v 0.8924 0.9641 3.2291
v 0.8924 0.9641 3.2291
v 0.8924 0.9641 3.2291
v 0.9454 0.9819 3.2291
v 0.9454 0.9819 3.2291
v 0.9454 0.9819 3.2291
v 0.9230 0.9689 3.2291
v 0.9230 0.9689 3.2291
v 0.9230 0.9689 3.2291
v 0.8924 1.0944 3.2291
v 0.8924 1.0944 3.2291
v 0.8924 1.0944 3.2291
v 0.9536 1.0589 3.2291
v 0.9536 1.0589 3.2291
v 0.9536 1.0589 3.2291
v 0.9230 1.0897 3.2291
v 0.9230 1.0897 3.2291
v 0.9230 1.0897 3.2291
v 0.9454 1.0767 3.2291
v 0.9454 1.0767 3.2291
v 0.9454 1.0767 3.2291
v 0.7904 0.9641 3.2898
v 0.7904 0.9641 3.2898
v 0.7904 0.9641 3.2898
v 0.7598 0.9689 3.2898
v 0.7598 0.9689 3.2898
v 0.7598 0.9689 3.2898
v 0.7374 0.9819 3.2898
v 0.7374 0.9819 3.2898
v 0.7374 0.9819 3.2898
v 0.7292 1.0071 3.2839
v 0.7292 1.0071 3.2839
v 0.7292 1.0071 3.2839
v 0.7292 1.0071 3.2839
v 0.7598 1.0897 3.2898
v 0.7598 1.0897 3.2898
v 0.7598 1.0897 3.2898
v 0.7598 1.0897 3.2898
v 0.7904 1.0944 3.2898
v 0.7904 1.0944 3.2898
v 0.7904 1.0944 3.2898
v 0.7904 1.0944 3.2898
v 0.7374 1.0767 3.2898
v 0.7374 1.0767 3.2898
v 0.7374 1.0767 3.2898
v 0.7292 1.0515 3.2839
v 0.7292 1.0515 3.2839
v 0.7292 1.0515 3.2839
v 0.7292 1.0515 3.2839
v 0.9230 0.9689 3.2898
v 0.9230 0.9689 3.2898
v 0.9230 0.9689 3.2898
v 0.9230 0.9689 3.2898
v 0.8924 0.9641 3.2898
v 0.8924 0.9641 3.2898
v 0.8924 0.9641 3.2898
v 0.8924 0.9641 3.2898
v 0.9454 0.9819 3.2898
v 0.9454 0.9819 3.2898
v 0.9454 0.9819 3.2898
v 0.9454 0.9819 3.2898
v 0.9536 0.9997 3.2898
v 0.9536 0.9997 3.2898
v 0.9536 0.9997 3.2898
v 0.9536 0.9997 3.2898
v 0.8924 1.0944 3.2898
v 0.8924 1.0944 3.2898
v 0.8924 1.0944 3.2898
v 0.8924 1.0944 3.2898
v 0.9230 1.0897 3.2898
v 0.9230 1.0897 3.2898
v 0.9230 1.0897 3.2898
v 0.9230 1.0897 3.2898
v 0.9454 1.0767 3.2898
v 0.9454 1.0767 3.2898
v 0.9454 1.0767 3.2898
v 0.9536 1.0589 3.2898
v 0.9536 1.0589 3.2898
v 0.9536 1.0589 3.2898
v 0.9536 1.0589 3.2898
v 0.7917 0.9699 3.2807
v 0.7917 0.9699 3.2807
v 0.7917 0.9699 3.2807
v 0.7649 0.9740 3.2807
v 0.7649 0.9740 3.2807
v 0.7649 0.9740 3.2807
v 0.7462 0.9849 3.2807
v 0.7462 0.9849 3.2807
v 0.7462 0.9849 3.2807
v 0.7390 1.0004 3.2807
v 0.7390 1.0004 3.2807
v 0.7390 1.0004 3.2807
v 0.7649 1.0846 3.2807
v 0.7649 1.0846 3.2807
v 0.7649 1.0846 3.2807
v 0.7917 1.0887 3.2807
v 0.7917 1.0887 3.2807
v 0.7917 1.0887 3.2807
v 0.7462 1.0737 3.2807
v 0.7462 1.0737 3.2807
v 0.7462 1.0737 3.2807
v 0.7390 1.0581 3.2807
v 0.7390 1.0581 3.2807
v 0.7390 1.0581 3.2807
v 0.9179 0.9740 3.2807
v 0.9179 0.9740 3.2807
v 0.9179 0.9740 3.2807
v 0.8911 0.9699 3.2807
v 0.8911 0.9699 3.2807
v 0.8911 0.9699 3.2807
v 0.9366 0.9849 3.2807
v 0.9366 0.9849 3.2807
v 0.9366 0.9849 3.2807
v 0.9438 1.0004 3.2807
v 0.9438 1.0004 3.2807
v 0.9438 1.0004 3.2807
v 0.8911 1.0887 3.2807
v 0.8911 1.0887 3.2807
v 0.8911 1.0887 3.2807
v 0.9179 1.0846 3.2807
v 0.9179 1.0846 3.2807
v 0.9179 1.0846 3.2807
v 0.9366 1.0737 3.2807
v 0.9366 1.0737 3.2807
v 0.9366 1.0737 3.2807
v 0.9438 1.0581 3.2807
v 0.9438 1.0581 3.2807
v 0.9438 1.0581 3.2807
v 0.7292 0.9997 3.2898
v 0.7292 0.9997 3.2898
v 0.7292 0.9997 3.2898
v 0.7292 0.9997 3.2898
v 0.7292 0.9997 3.2898
v 0.7292 0.9997 3.2291
v 0.7292 0.9997 3.2291
v 0.7292 0.9997 3.2291
v 0.7292 0.9997 3.2291
v 0.7292 1.0589 3.2291
v 0.7292 1.0589 3.2291
v 0.7292 1.0589 3.2291
v 0.7292 1.0589 3.2291
v 0.7292 1.0589 3.2898
v 0.7292 1.0589 3.2898
v 0.7292 1.0589 3.2898
v 0.7292 1.0589 3.2898
v 0.7292 1.0589 3.2898
v 0.6887 1.0071 3.2839
v 0.6887 1.0071 3.2839
v 0.6887 1.0071 3.2839
v 0.6887 1.0071 3.2350
v 0.6887 1.0071 3.2350
v 0.6887 1.0071 3.2350
v 0.6887 1.0515 3.2350
v 0.6887 1.0515 3.2350
v 0.6887 1.0515 3.2350
v 0.6887 1.0515 3.2839
v 0.6887 1.0515 3.2839
v 0.6887 1.0515 3.2839
v -0.7390 1.0004 3.2898
v -0.7390 1.0004 3.2898
v -0.7390 1.0004 3.2898
v -0.7917 0.9699 3.2898
v -0.7917 0.9699 3.2898
v -0.7917 0.9699 3.2898
v -0.7917 0.9699 3.2898
v -0.7462 0.9849 3.2898
v -0.7462 0.9849 3.2898
v -0.7462 0.9849 3.2898
v -0.7462 0.9849 3.2898
v -0.7649 0.9740 3.2898
v -0.7649 0.9740 3.2898
v -0.7649 0.9740 3.2898
v -0.7649 0.9740 3.2898
v -0.7917 1.0887 3.2898
v -0.7917 1.0887 3.2898
v -0.7917 1.0887 3.2898
v -0.7917 1.0887 3.2898
v -0.7390 1.0581 3.2898
v -0.7390 1.0581 3.2898
v -0.7390 1.0581 3.2898
v -0.7649 1.0846 3.2898
v -0.7649 1.0846 3.2898
v -0.7649 1.0846 3.2898
v -0.7649 1.0846 3.2898
v -0.7462 1.0737 3.2898
v -0.7462 1.0737 3.2898
v -0.7462 1.0737 3.2898
v -0.7904 0.9641 3.2291
v -0.7904 0.9641 3.2291
v -0.7904 0.9641 3.2291
v -0.7292 1.0071 3.2350
v -0.7292 1.0071 3.2350
v -0.7292 1.0071 3.2350
v -0.7292 1.0071 3.2350
v -0.7598 0.9689 3.2291
v -0.7598 0.9689 3.2291
v -0.7598 0.9689 3.2291
v -0.7374 0.9819 3.2291
v -0.7374 0.9819 3.2291
v -0.7374 0.9819 3.2291
v -0.7292 1.0515 3.2350
v -0.7292 1.0515 3.2350
v -0.7292 1.0515 3.2350
v -0.7292 1.0515 3.2350
v -0.7904 1.0944 3.2291
v -0.7904 1.0944 3.2291
v -0.7904 1.0944 3.2291
v -0.7374 1.0767 3.2291
v -0.7374 1.0767 3.2291
v -0.7374 1.0767 3.2291
v -0.7598 1.0897 3.2291
v -0.7598 1.0897 3.2291
v -0.7598 1.0897 3.2291
v -0.8911 0.9699 3.2898
v -0.8911 0.9699 3.2898
v -0.8911 0.9699 3.2898
v -0.8911 0.9699 3.2898
v -0.9438 1.0004 3.2898
v -0.9438 1.0004 3.2898
v -0.9438 1.0004 3.2898
v -0.9438 1.0004 3.2898
v -0.9179 0.9740 3.2898
v -0.9179 0.9740 3.2898
v -0.9179 0.9740 3.2898
v -0.9179 0.9740 3.2898
v -0.9366 0.9849 3.2898
v -0.9366 0.9849 3.2898
v -0.9366 0.9849 3.2898
v -0.9366 0.9849 3.2898
v -0.9438 1.0581 3.2898
v -0.9438 1.0581 3.2898
v -0.9438 1.0581 3.2898
v -0.8911 1.0887 3.2898
v -0.8911 1.0887 3.2898
v -0.8911 1.0887 3.2898
v -0.8911 1.0887 3.2898
v -0.9366 1.0737 3.2898
v -0.9366 1.0737 3.2898
v -0.9366 1.0737 3.2898
v -0.9366 1.0737 3.2898
v -0.9179 1.0846 3.2898
v -0.9179 1.0846 3.2898
v -0.9179 1.0846 3.2898
v -0.9179 1.0846 3.2898
v -0.9536 0.9997 3.2291
v -0.9536 0.9997 3.2291
v -0.9536 0.9997 3.2291
v -0.8924 0.9641 3.2291
v -0.8924 0.9641 3.2291
v -0.8924 0.9641 3.2291
v -0.9454 0.9819 3.2291
v -0.9454 0.9819 3.2291
v -0.9454 0.9819 3.2291
v -0.9230 0.9689 3.2291
v -0.9230 0.9689 3.2291
v -0.9230 0.9689 3.2291
v -0.8924 1.0944 3.2291
v -0.8924 1.0944 3.2291
v -0.8924 1.0944 3.2291
v -0.9536 1.0589 3.2291
v -0.9536 1.0589 3.2291
v -0.9536 1.0589 3.2291
v -0.9230 1.0897 3.2291
v -0.9230 1.0897 3.2291
v -0.9230 1.0897 3.2291
v -0.9454 1.0767 3.2291
v -0.9454 1.0767 3.2291
v -0.9454 1.0767 3.2291
v -0.7904 0.9641 3.2898
v -0.7904 0.9641 3.2898
v -0.7904 0.9641 3.2898
v -0.7904 0.9641 3.2898
v -0.7598 0.9689 3.2898
v -0.7598 0.9689 3.2898
v -0.7598 0.9689 3.2898
v -0.7598 0.9689 3.2898
v -0.7374 0.9819 3.2898
v -0.7374 0.9819 3.2898
v -0.7374 0.9819 3.2898
v -0.7374 0.9819 3.2898
v -0.7292 1.0071 3.2839
v -0.7292 1.0071 3.2839
v -0.7292 1.0071 3.2839
v -0.7292 1.0071 3.2839
v -0.7598 1.0897 3.2898
v -0.7598 1.0897 3.2898
v -0.7598 1.0897 3.2898
v -0.7598 1.0897 3.2898
v -0.7904 1.0944 3.2898
v -0.7904 1.0944 3.2898
v -0.7904 1.0944 3.2898
v -0.7904 1.0944 3.2898
v -0.7374 1.0767 3.2898
v -0.7374 1.0767 3.2898
v -0.7374 1.0767 3.2898
v -0.7292 1.0515 3.2839
v -0.7292 1.0515 3.2839
v -0.7292 1.0515 3.2839
v -0.7292 1.0515 3.2839
v -0.9230 0.9689 3.2898
v -0.9230 0.9689 3.2898
v -0.9230 0.9689 3.2898
v -0.9230 0.9689 3.2898
v -0.8924 0.9641 3.2898
v -0.8924 0.9641 3.2898
v -0.8924 0.9641 3.2898
v -0.8924 0.9641 3.2898
v -0.9454 0.9819 3.2898
v -0.9454 0.9819 3.2898
v -0.9454 0.9819 3.2898
v -0.9454 0.9819 3.2898
v -0.9536 0.9997 3.2898
v -0.9536 0.9997 3.2898
v -0.9536 0.9997 3.2898
v -0.9536 0.9997 3.2898
v -0.8924 1.0944 3.2898
v -0.8924 1.0944 3.2898
v -0.8924 1.0944 3.2898
v -0.8924 1.0944 3.2898
v -0.9230 1.0897 3.2898
v -0.9230 1.0897 3.2898
v -0.9230 1.0897 3.2898
v -0.9230 1.0897 3.2898
v -0.9454 1.0767 3.2898
v -0.9454 1.0767 3.2898
v -0.9454 1.0767 3.2898
v -0.9454 1.0767 3.2898
v -0.9536 1.0589 3.2898
v -0.9536 1.0589 3.2898
v -0.9536 1.0589 3.2898
v -0.7917 0.9699 3.2807
v -0.7917 0.9699 3.2807
v -0.7917 0.9699 3.2807
v -0.7649 0.9740 3.2807
v -0.7649 0.9740 3.2807
v -0.7649 0.9740 3.2807
v -0.7462 0.9849 3.2807
v -0.7462 0.9849 3.2807
v -0.7462 0.9849 3.2807
v -0.7390 1.0004 3.2807
v -0.7390 1.0004 3.2807
v -0.7390 1.0004 3.2807
v -0.7649 1.0846 3.2807
v -0.7649 1.0846 3.2807
v -0.7649 1.0846 3.2807
v -0.7917 1.0887 3.2807
v -0.7917 1.0887 3.2807
v -0.7917 1.0887 3.2807
v -0.7462 1.0737 3.2807
v -0.7462 1.0737 3.2807
v -0.7462 1.0737 3.2807
v -0.7390 1.0581 3.2807
v -0.7390 1.0581 3.2807
v -0.7390 1.0581 3.2807
v -0.9179 0.9740 3.2807
v -0.9179 0.9740 3.2807
v -0.9179 0.9740 3.2807
v -0.8911 0.9699 3.2807
v -0.8911 0.9699 3.2807
v -0.8911 0.9699 3.2807
v -0.9366 0.9849 3.2807
v -0.9366 0.9849 3.2807
v -0.9366 0.9849 3.2807
v -0.9438 1.0004 3.2807
v -0.9438 1.0004 3.2807
v -0.9438 1.0004 3.2807
v -0.8911 1.0887 3.2807
v -0.8911 1.0887 3.2807
v -0.8911 1.0887 3.2807
v -0.9179 1.0846 3.2807
v -0.9179 1.0846 3.2807
v -0.9179 1.0846 3.2807
v -0.9366 1.0737 3.2807
v -0.9366 1.0737 3.2807
v -0.9366 1.0737 3.2807
v -0.9438 1.0581 3.2807
v -0.9438 1.0581 3.2807
v -0.9438 1.0581 3.2807
v -0.7292 0.9997 3.2898
v -0.7292 0.9997 3.2898
v -0.7292 0.9997 3.2898
v -0.7292 0.9997 3.2898
v -0.7292 0.9997 3.2291
v -0.7292 0.9997 3.2291
v -0.7292 0.9997 3.2291
v -0.7292 0.9997 3.2291
v -0.7292 1.0589 3.2291
v -0.7292 1.0589 3.2291
v -0.7292 1.0589 3.2291
v -0.7292 1.0589 3.2291
v -0.7292 1.0589 3.2898
v -0.7292 1.0589 3.2898
v -0.7292 1.0589 3.2898
v -0.7292 1.0589 3.2898
v -0.6887 1.0071 3.2839
v -0.6887 1.0071 3.2839
v -0.6887 1.0071 3.2839
v -0.6887 1.0071 3.2350
v -0.6887 1.0071 3.2350
v -0.6887 1.0071 3.2350
v -0.6887 1.0515 3.2350
v -0.6887 1.0515 3.2350
v -0.6887 1.0515 3.2350
v -0.6887 1.0515 3.2839
v -0.6887 1.0515 3.2839
v -0.6887 1.0515 3.2839
v 0.8308 2.1635 1.8333
v -0.8308 2.1635 1.8333
v 0.6102 1.4985 3.3516
v 0.6102 0.6615 3.3516
v 0.0000 1.4985 3.3516
v 0.0000 0.6615 3.3516
v -0.6102 1.4985 3.3516
v -0.6102 0.6615 3.3516
v 0.0169 0.6465 3.3788
v 0.0169 0.6465 3.3788
v 0.0169 0.6465 3.3788
v 0.0169 1.5135 3.3788
v 0.0169 1.5135 3.3788
v 0.0169 1.5135 3.3788
v 0.0169 0.6465 3.3494
v 0.0169 0.6465 3.3494
v 0.0169 0.6465 3.3494
v 0.0169 1.5135 3.3494
v 0.0169 1.5135 3.3494
v 0.0169 1.5135 3.3494
v 0.0506 0.6465 3.3788
v 0.0506 0.6465 3.3788
v 0.0506 0.6465 3.3788
v 0.0506 1.5135 3.3788
v 0.0506 1.5135 3.3788
v 0.0506 1.5135 3.3788
v 0.0506 0.6465 3.3494
v 0.0506 0.6465 3.3494
v 0.0506 0.6465 3.3494
v 0.0506 1.5135 3.3494
v 0.0506 1.5135 3.3494
v 0.0506 1.5135 3.3494
v 0.0863 0.6465 3.3788
v 0.0863 0.6465 3.3788
v 0.0863 0.6465 3.3788
v 0.0863 1.5135 3.3788
v 0.0863 1.5135 3.3788
v 0.0863 1.5135 3.3788
v 0.0863 0.6465 3.3494
v 0.0863 0.6465 3.3494
v 0.0863 0.6465 3.3494
v 0.0863 1.5135 3.3494
v 0.0863 1.5135 3.3494
v 0.0863 1.5135 3.3494
v 0.1200 0.6465 3.3788
v 0.1200 0.6465 3.3788
v 0.1200 0.6465 3.3788
v 0.1200 1.5135 3.3788
v 0.1200 1.5135 3.3788
v 0.1200 1.5135 3.3788
v 0.1200 0.6465 3.3494
v 0.1200 0.6465 3.3494
v 0.1200 0.6465 3.3494
v 0.1200 1.5135 3.3494
v 0.1200 1.5135 3.3494
v 0.1200 1.5135 3.3494
v 0.3473 0.6465 3.3788
v 0.3473 0.6465 3.3788
v 0.3473 0.6465 3.3788
v 0.3473 1.5135 3.3788
v 0.3473 1.5135 3.3788
v 0.3473 1.5135 3.3788
v 0.3473 0.6465 3.3494
v 0.3473 0.6465 3.3494
v 0.3473 0.6465 3.3494
v 0.3473 1.5135 3.3494
v 0.3473 1.5135 3.3494
v 0.3473 1.5135 3.3494
v 0.3810 0.6465 3.3788
v 0.3810 0.6465 3.3788
v 0.3810 0.6465 3.3788
v 0.3810 1.5135 3.3788
v 0.3810 1.5135 3.3788
v 0.3810 1.5135 3.3788
v 0.3810 0.6465 3.3494
v 0.3810 0.6465 3.3494
v 0.3810 0.6465 3.3494
v 0.3810 1.5135 3.3494
v 0.3810 1.5135 3.3494
v 0.3810 1.5135 3.3494
v 0.4167 0.6465 3.3788
v 0.4167 0.6465 3.3788
v 0.4167 0.6465 3.3788
v 0.4167 1.5135 3.3788
v 0.4167 1.5135 3.3788
v 0.4167 1.5135 3.3788
v 0.4167 0.6465 3.3494
v 0.4167 0.6465 3.3494
v 0.4167 0.6465 3.3494
v 0.4167 1.5135 3.3494
v 0.4167 1.5135 3.3494
v 0.4167 1.5135 3.3494
v 0.4504 0.6465 3.3788
v 0.4504 0.6465 3.3788
v 0.4504 0.6465 3.3788
v 0.4504 1.5135 3.3788
v 0.4504 1.5135 3.3788
v 0.4504 1.5135 3.3788
v 0.4504 0.6465 3.3494
v 0.4504 0.6465 3.3494
v 0.4504 0.6465 3.3494
v 0.4504 1.5135 3.3494
v 0.4504 1.5135 3.3494
v 0.4504 1.5135 3.3494
v 0.4861 0.6465 3.3788
v 0.4861 0.6465 3.3788
v 0.4861 0.6465 3.3788
v 0.4861 1.5135 3.3788
v 0.4861 1.5135 3.3788
v 0.4861 1.5135 3.3788
v 0.4861 0.6465 3.3494
v 0.4861 0.6465 3.3494
v 0.4861 0.6465 3.3494
v 0.4861 1.5135 3.3494
v 0.4861 1.5135 3.3494
v 0.4861 1.5135 3.3494
v 0.5198 0.6465 3.3788
v 0.5198 0.6465 3.3788
v 0.5198 0.6465 3.3788
v 0.5198 1.5135 3.3788
v 0.5198 1.5135 3.3788
v 0.5198 1.5135 3.3788
v 0.5198 0.6465 3.3494
v 0.5198 0.6465 3.3494
v 0.5198 0.6465 3.3494
v 0.5198 1.5135 3.3494
v 0.5198 1.5135 3.3494
v 0.5198 1.5135 3.3494
v 0.5555 0.6465 3.3788
v 0.5555 0.6465 3.3788
v 0.5555 0.6465 3.3788
v 0.5555 1.5135 3.3788
v 0.5555 1.5135 3.3788
v 0.5555 1.5135 3.3788
v 0.5555 0.6465 3.3494
v 0.5555 0.6465 3.3494
v 0.5555 0.6465 3.3494
v 0.5555 1.5135 3.3494
v 0.5555 1.5135 3.3494
v 0.5555 1.5135 3.3494
v 0.5892 0.6465 3.3788
v 0.5892 0.6465 3.3788
v 0.5892 0.6465 3.3788
v 0.5892 1.5135 3.3788
v 0.5892 1.5135 3.3788
v 0.5892 1.5135 3.3788
v 0.5892 0.6465 3.3494
v 0.5892 0.6465 3.3494
v 0.5892 0.6465 3.3494
v 0.5892 1.5135 3.3494
v 0.5892 1.5135 3.3494
v 0.5892 1.5135 3.3494
v 0.2752 0.6465 3.3788
v 0.2752 0.6465 3.3788
v 0.2752 0.6465 3.3788
v 0.2752 1.5135 3.3788
v 0.2752 1.5135 3.3788
v 0.2752 1.5135 3.3788
v 0.2752 0.6465 3.3494
v 0.2752 0.6465 3.3494
v 0.2752 0.6465 3.3494
v 0.2752 1.5135 3.3494
v 0.2752 1.5135 3.3494
v 0.2752 1.5135 3.3494
v 0.3088 0.6465 3.3788
v 0.3088 0.6465 3.3788
v 0.3088 0.6465 3.3788
v 0.3088 1.5135 3.3788
v 0.3088 1.5135 3.3788
v 0.3088 1.5135 3.3788
v 0.3088 0.6465 3.3494
v 0.3088 0.6465 3.3494
v 0.3088 0.6465 3.3494
v 0.3088 1.5135 3.3494
v 0.3088 1.5135 3.3494
v 0.3088 1.5135 3.3494
v 0.2062 0.6465 3.3788
v 0.2062 0.6465 3.3788
v 0.2062 0.6465 3.3788
v 0.2062 1.5135 3.3788
v 0.2062 1.5135 3.3788
v 0.2062 1.5135 3.3788
v 0.2062 0.6465 3.3494
v 0.2062 0.6465 3.3494
v 0.2062 0.6465 3.3494
v 0.2062 1.5135 3.3494
v 0.2062 1.5135 3.3494
v 0.2062 1.5135 3.3494
v 0.2398 0.6465 3.3788
v 0.2398 0.6465 3.3788
v 0.2398 0.6465 3.3788
v 0.2398 1.5135 3.3788
v 0.2398 1.5135 3.3788
v 0.2398 1.5135 3.3788
v 0.2398 0.6465 3.3494
v 0.2398 0.6465 3.3494
v 0.2398 0.6465 3.3494
v 0.2398 1.5135 3.3494
v 0.2398 1.5135 3.3494
v 0.2398 1.5135 3.3494
v 0.1446 0.6465 3.3788
v 0.1446 0.6465 3.3788
v 0.1446 0.6465 3.3788
v 0.1446 1.5135 3.3788
v 0.1446 1.5135 3.3788
v 0.1446 1.5135 3.3788
v 0.1446 0.6465 3.3494
v 0.1446 0.6465 3.3494
v 0.1446 0.6465 3.3494
v 0.1446 1.5135 3.3494
v 0.1446 1.5135 3.3494
v 0.1446 1.5135 3.3494
v 0.1783 0.6465 3.3788
v 0.1783 0.6465 3.3788
v 0.1783 0.6465 3.3788
v 0.1783 1.5135 3.3788
v 0.1783 1.5135 3.3788
v 0.1783 1.5135 3.3788
v 0.1783 0.6465 3.3494
v 0.1783 0.6465 3.3494
v 0.1783 0.6465 3.3494
v 0.1783 1.5135 3.3494
v 0.1783 1.5135 3.3494
v 0.1783 1.5135 3.3494
v -0.0169 0.6465 3.3788
v -0.0169 0.6465 3.3788
v -0.0169 0.6465 3.3788
v -0.0169 1.5135 3.3788
v -0.0169 1.5135 3.3788
v -0.0169 1.5135 3.3788
v -0.0169 0.6465 3.3494
v -0.0169 0.6465 3.3494
v -0.0169 0.6465 3.3494
v -0.0169 1.5135 3.3494
v -0.0169 1.5135 3.3494
v -0.0169 1.5135 3.3494
v -0.0506 0.6465 3.3788
v -0.0506 0.6465 3.3788
v -0.0506 0.6465 3.3788
v -0.0506 1.5135 3.3788
v -0.0506 1.5135 3.3788
v -0.0506 1.5135 3.3788
v -0.0506 0.6465 3.3494
v -0.0506 0.6465 3.3494
v -0.0506 0.6465 3.3494
v -0.0506 1.5135 3.3494
v -0.0506 1.5135 3.3494
v -0.0506 1.5135 3.3494
v -0.0863 0.6465 3.3788
v -0.0863 0.6465 3.3788
v -0.0863 0.6465 3.3788
v -0.0863 1.5135 3.3788
v -0.0863 1.5135 3.3788
v -0.0863 1.5135 3.3788
v -0.0863 0.6465 3.3494
v -0.0863 0.6465 3.3494
v -0.0863 0.6465 3.3494
v -0.0863 1.5135 3.3494
v -0.0863 1.5135 3.3494
v -0.0863 1.5135 3.3494
v -0.1200 0.6465 3.3788
v -0.1200 0.6465 3.3788
v -0.1200 0.6465 3.3788
v -0.1200 1.5135 3.3788
v -0.1200 1.5135 3.3788
v -0.1200 1.5135 3.3788
v -0.1200 0.6465 3.3494
v -0.1200 0.6465 3.3494
v -0.1200 0.6465 3.3494
v -0.1200 1.5135 3.3494
v -0.1200 1.5135 3.3494
v -0.1200 1.5135 3.3494
v -0.3473 0.6465 3.3788
v -0.3473 0.6465 3.3788
v -0.3473 0.6465 3.3788
v -0.3473 1.5135 3.3788
v -0.3473 1.5135 3.3788
v -0.3473 1.5135 3.3788
v -0.3473 0.6465 3.3494
v -0.3473 0.6465 3.3494
v -0.3473 0.6465 3.3494
v -0.3473 1.5135 3.3494
v -0.3473 1.5135 3.3494
v -0.3473 1.5135 3.3494
v -0.3810 0.6465 3.3788
v -0.3810 0.6465 3.3788
v -0.3810 0.6465 3.3788
v -0.3810 1.5135 3.3788
v -0.3810 1.5135 3.3788
v -0.3810 1.5135 3.3788
v -0.3810 0.6465 3.3494
v -0.3810 0.6465 3.3494
v -0.3810 0.6465 3.3494
v -0.3810 1.5135 3.3494
v -0.3810 1.5135 3.3494
v -0.3810 1.5135 3.3494
v -0.4167 0.6465 3.3788
v -0.4167 0.6465 3.3788
v -0.4167 0.6465 3.3788
v -0.4167 1.5135 3.3788
v -0.4167 1.5135 3.3788
v -0.4167 1.5135 3.3788
v -0.4167 0.6465 3.3494
v -0.4167 0.6465 3.3494
v -0.4167 0.6465 3.3494
v -0.4167 1.5135 3.3494
v -0.4167 1.5135 3.3494
v -0.4167 1.5135 3.3494
v -0.4504 0.6465 3.3788
v -0.4504 0.6465 3.3788
v -0.4504 0.6465 3.3788
v -0.4504 1.5135 3.3788
v -0.4504 1.5135 3.3788
v -0.4504 1.5135 3.3788
v -0.4504 0.6465 3.3494
v -0.4504 0.6465 3.3494
v -0.4504 0.6465 3.3494
v -0.4504 1.5135 3.3494
v -0.4504 1.5135 3.3494
v -0.4504 1.5135 3.3494
v -0.4861 0.6465 3.3788
v -0.4861 0.6465 3.3788
v -0.4861 0.6465 3.3788
v -0.4861 1.5135 3.3788
v -0.4861 1.5135 3.3788
v -0.4861 1.5135 3.3788
v -0.4861 0.6465 3.3494
v -0.4861 0.6465 3.3494
v -0.4861 0.6465 3.3494
v -0.4861 1.5135 3.3494
v -0.4861 1.5135 3.3494
v -0.4861 1.5135 3.3494
v -0.5198 0.6465 3.3788
v -0.5198 0.6465 3.3788
v -0.5198 0.6465 3.3788
v -0.5198 1.5135 3.3788
v -0.5198 1.5135 3.3788
v -0.5198 1.5135 3.3788
v -0.5198 0.6465 3.3494
v -0.5198 0.6465 3.3494
v -0.5198 0.6465 3.3494
v -0.5198 1.5135 3.3494
v -0.5198 1.5135 3.3494
v -0.5198 1.5135 3.3494
v -0.5555 0.6465 3.3788
v -0.5555 0.6465 3.3788
v -0.5555 0.6465 3.3788
v -0.5555 1.5135 3.3788
v -0.5555 1.5135 3.3788
v -0.5555 1.5135 3.3788
v -0.5555 0.6465 3.3494
v -0.5555 0.6465 3.3494
v -0.5555 0.6465 3.3494
v -0.5555 1.5135 3.3494
v -0.5555 1.5135 3.3494
v -0.5555 1.5135 3.3494
v -0.5892 0.6465 3.3788
v -0.5892 0.6465 3.3788
v -0.5892 0.6465 3.3788
v -0.5892 1.5135 3.3788
v -0.5892 1.5135 3.3788
v -0.5892 1.5135 3.3788
v -0.5892 0.6465 3.3494
v -0.5892 0.6465 3.3494
v -0.5892 0.6465 3.3494
v -0.5892 1.5135 3.3494
v -0.5892 1.5135 3.3494
v -0.5892 1.5135 3.3494
v -0.2752 0.6465 3.3788
v -0.2752 0.6465 3.3788
v -0.2752 0.6465 3.3788
v -0.2752 1.5135 3.3788
v -0.2752 1.5135 3.3788
v -0.2752 1.5135 3.3788
v -0.2752 0.6465 3.3494
v -0.2752 0.6465 3.3494
v -0.2752 0.6465 3.3494
v -0.2752 1.5135 3.3494
v -0.2752 1.5135 3.3494
v -0.2752 1.5135 3.3494
v -0.3088 0.6465 3.3788
v -0.3088 0.6465 3.3788
v -0.3088 0.6465 3.3788
v -0.3088 1.5135 3.3788
v -0.3088 1.5135 3.3788
v -0.3088 1.5135 3.3788
v -0.3088 0.6465 3.3494
v -0.3088 0.6465 3.3494
v -0.3088 0.6465 3.3494
v -0.3088 1.5135 3.3494
v -0.3088 1.5135 3.3494
v -0.3088 1.5135 3.3494
v -0.2062 0.6465 3.3788
v -0.2062 0.6465 3.3788
v -0.2062 0.6465 3.3788
v -0.2062 1.5135 3.3788
v -0.2062 1.5135 3.3788
v -0.2062 1.5135 3.3788
v -0.2062 0.6465 3.3494
v -0.2062 0.6465 3.3494
v -0.2062 0.6465 3.3494
v -0.2062 1.5135 3.3494
v -0.2062 1.5135 3.3494
v -0.2062 1.5135 3.3494
v -0.2398 0.6465 3.3788
v -0.2398 0.6465 3.3788
v -0.2398 0.6465 3.3788
v -0.2398 1.5135 3.3788
v -0.2398 1.5135 3.3788
v -0.2398 1.5135 3.3788
v -0.2398 0.6465 3.3494
v -0.2398 0.6465 3.3494
v -0.2398 0.6465 3.3494
v -0.2398 1.5135 3.3494
v -0.2398 1.5135 3.3494
v -0.2398 1.5135 3.3494
v -0.1446 0.6465 3.3788
v -0.1446 0.6465 3.3788
v -0.1446 0.6465 3.3788
v -0.1446 1.5135 3.3788
v -0.1446 1.5135 3.3788
v -0.1446 1.5135 3.3788
v -0.1446 0.6465 3.3494
v -0.1446 0.6465 3.3494
v -0.1446 0.6465 3.3494
v -0.1446 1.5135 3.3494
v -0.1446 1.5135 3.3494
v -0.1446 1.5135 3.3494
v -0.1783 0.6465 3.3788
v -0.1783 0.6465 3.3788
v -0.1783 0.6465 3.3788
v -0.1783 1.5135 3.3788
v -0.1783 1.5135 3.3788
v -0.1783 1.5135 3.3788
v -0.1783 0.6465 3.3494
v -0.1783 0.6465 3.3494
v -0.1783 0.6465 3.3494
v -0.1783 1.5135 3.3494
v -0.1783 1.5135 3.3494
v -0.1783 1.5135 3.3494
v 0.6102 0.6615 3.3989
v 0.6102 0.6615 3.3989
v 0.6102 0.6615 3.3989
v 0.6102 0.6615 3.3989
v 0.7000 0.5800 3.3157
v 0.7000 0.5800 3.3157
v 0.6747 0.5995 3.3745
v 0.6747 0.5995 3.3745
v 0.6747 0.5995 3.3745
v 0.6747 0.5995 3.3745
v 0.6331 1.5800 3.3154
v 0.6331 1.5800 3.3154
v 0.6102 1.4985 3.3989
v 0.6102 1.4985 3.3989
v 0.6102 1.4985 3.3989
v 0.6102 1.4985 3.3989
v 0.7000 1.5136 3.3157
v 0.7000 1.5136 3.3157
v 0.6274 1.5605 3.3743
v 0.6274 1.5605 3.3743
v 0.6274 1.5605 3.3743
v 0.6274 1.5605 3.3743
v 0.6670 1.5519 3.3637
v 0.6670 1.5519 3.3637
v 0.6670 1.5519 3.3637
v 0.6748 1.5136 3.3746
v 0.6748 1.5136 3.3746
v 0.6748 1.5136 3.3746
v 0.6748 1.5136 3.3746
v 0.6803 1.5605 3.3155
v 0.6803 1.5605 3.3155
v 0.6253 1.5136 3.3989
v 0.6253 1.5136 3.3989
v 0.6253 1.5136 3.3989
v 0.6253 1.5136 3.3989
v 0.6253 1.5136 3.3989
v 0.6253 0.6464 3.3989
v 0.6253 0.6464 3.3989
v 0.6253 0.6464 3.3989
v 0.6253 0.6464 3.3989
v 0.6102 1.4985 3.3516
v 0.6102 1.4985 3.3516
v 0.6102 0.6615 3.3516
v 0.6102 0.6615 3.3516
v 0.8848 1.4831 2.5529
v 0.8848 1.4831 2.5529
v 0.8848 1.4831 2.5529
v 0.8848 1.5594 2.5529
v 0.8848 1.5594 2.5529
v 0.8848 1.5594 2.5529
v 0.9178 1.4831 2.5604
v 0.9178 1.4831 2.5604
v 0.9178 1.4831 2.5604
v 0.9178 1.5594 2.5604
v 0.9178 1.5594 2.5604
v 0.9178 1.5594 2.5604
v 0.9443 1.4831 2.5815
v 0.9443 1.4831 2.5815
v 0.9443 1.4831 2.5815
v 0.9443 1.5594 2.5815
v 0.9443 1.5594 2.5815
v 0.9443 1.5594 2.5815
v 0.9590 1.4831 2.6120
v 0.9590 1.4831 2.6120
v 0.9590 1.4831 2.6120
v 0.9590 1.5594 2.6120
v 0.9590 1.5594 2.6120
v 0.9590 1.5594 2.6120
v 0.9590 1.4831 2.6458
v 0.9590 1.4831 2.6458
v 0.9590 1.4831 2.6458
v 0.9590 1.5594 2.6458
v 0.9590 1.5594 2.6458
v 0.9590 1.5594 2.6458
v 0.9443 1.4831 2.6763
v 0.9443 1.4831 2.6763
v 0.9443 1.4831 2.6763
v 0.9443 1.5594 2.6763
v 0.9443 1.5594 2.6763
v 0.9443 1.5594 2.6763
v 0.9178 1.4831 2.6974
v 0.9178 1.4831 2.6974
v 0.9178 1.4831 2.6974
v 0.9178 1.5594 2.6974
v 0.9178 1.5594 2.6974
v 0.9178 1.5594 2.6974
v 0.8848 1.4831 2.7050
v 0.8848 1.4831 2.7050
v 0.8848 1.4831 2.7050
v 0.8848 1.5594 2.7050
v 0.8848 1.5594 2.7050
v 0.8848 1.5594 2.7050
v 0.8518 1.4831 2.6974
v 0.8518 1.4831 2.6974
v 0.8518 1.4831 2.6974
v 0.8518 1.5594 2.6974
v 0.8518 1.5594 2.6974
v 0.8518 1.5594 2.6974
v 0.8254 1.4831 2.6763
v 0.8254 1.4831 2.6763
v 0.8254 1.4831 2.6763
v 0.8254 1.5594 2.6763
v 0.8254 1.5594 2.6763
v 0.8254 1.5594 2.6763
v 0.8107 1.4831 2.6458
v 0.8107 1.4831 2.6458
v 0.8107 1.4831 2.6458
v 0.8107 1.5594 2.6458
v 0.8107 1.5594 2.6458
v 0.8107 1.5594 2.6458
v 0.8107 1.4831 2.6120
v 0.8107 1.4831 2.6120
v 0.8107 1.4831 2.6120
v 0.8107 1.5594 2.6120
v 0.8107 1.5594 2.6120
v 0.8107 1.5594 2.6120
v 0.8254 1.4831 2.5815
v 0.8254 1.4831 2.5815
v 0.8254 1.4831 2.5815
v 0.8254 1.5594 2.5815
v 0.8254 1.5594 2.5815
v 0.8254 1.5594 2.5815
v 0.8518 1.4831 2.5604
v 0.8518 1.4831 2.5604
v 0.8518 1.4831 2.5604
v 0.8518 1.5594 2.5604
v 0.8518 1.5594 2.5604
v 0.8518 1.5594 2.5604
v 0.8848 1.4139 2.5529
v 0.8848 1.4139 2.5529
v 0.8848 1.4139 2.5529
v 0.8848 1.4368 2.5529
v 0.8848 1.4368 2.5529
v 0.8848 1.4368 2.5529
v 0.9178 1.4139 2.5604
v 0.9178 1.4139 2.5604
v 0.9178 1.4139 2.5604
v 0.9178 1.4368 2.5604
v 0.9178 1.4368 2.5604
v 0.9178 1.4368 2.5604
v 0.9443 1.4139 2.5815
v 0.9443 1.4139 2.5815
v 0.9443 1.4139 2.5815
v 0.9443 1.4368 2.5815
v 0.9443 1.4368 2.5815
v 0.9443 1.4368 2.5815
v 0.9590 1.4139 2.6120
v 0.9590 1.4139 2.6120
v 0.9590 1.4139 2.6120
v 0.9590 1.4368 2.6120
v 0.9590 1.4368 2.6120
v 0.9590 1.4368 2.6120
v 0.9590 1.4139 2.6458
v 0.9590 1.4139 2.6458
v 0.9590 1.4139 2.6458
v 0.9590 1.4368 2.6458
v 0.9590 1.4368 2.6458
v 0.9590 1.4368 2.6458
v 0.9443 1.4139 2.6763
v 0.9443 1.4139 2.6763
v 0.9443 1.4139 2.6763
v 0.9443 1.4368 2.6763
v 0.9443 1.4368 2.6763
v 0.9443 1.4368 2.6763
v 0.9178 1.4139 2.6974
v 0.9178 1.4139 2.6974
v 0.9178 1.4139 2.6974
v 0.9178 1.4368 2.6974
v 0.9178 1.4368 2.6974
v 0.9178 1.4368 2.6974
v 0.8848 1.4139 2.7050
v 0.8848 1.4139 2.7050
v 0.8848 1.4139 2.7050
v 0.8848 1.4368 2.7050
v 0.8848 1.4368 2.7050
v 0.8848 1.4368 2.7050
v 0.8518 1.4139 2.6974
v 0.8518 1.4139 2.6974
v 0.8518 1.4139 2.6974
v 0.8518 1.4368 2.6974
v 0.8518 1.4368 2.6974
v 0.8518 1.4368 2.6974
v 0.8254 1.4139 2.6763
v 0.8254 1.4139 2.6763
v 0.8254 1.4139 2.6763
v 0.8254 1.4368 2.6763
v 0.8254 1.4368 2.6763
v 0.8254 1.4368 2.6763
v 0.8107 1.4139 2.6458
v 0.8107 1.4139 2.6458
v 0.8107 1.4139 2.6458
v 0.8107 1.4139 2.6458
v 0.8107 1.4368 2.6458
v 0.8107 1.4368 2.6458
v 0.8107 1.4368 2.6458
v 0.8107 1.4139 2.6120
v 0.8107 1.4139 2.6120
v 0.8107 1.4368 2.6120
v 0.8254 1.4139 2.5815
v 0.8254 1.4139 2.5815
v 0.8254 1.4139 2.5815
v 0.8254 1.4139 2.5815
v 0.8254 1.4368 2.5815
v 0.8254 1.4368 2.5815
v 0.8254 1.4368 2.5815
v 0.8518 1.4139 2.5604
v 0.8518 1.4139 2.5604
v 0.8518 1.4139 2.5604
v 0.8518 1.4368 2.5604
v 0.8518 1.4368 2.5604
v 0.8518 1.4368 2.5604
v 0.7594 1.4368 2.6341
v 0.7594 1.4368 2.6341
v 0.7594 1.4368 2.6341
v 0.7594 1.4139 2.6341
v 0.7594 1.4139 2.6341
v 0.7594 1.4139 2.6341
v 0.7594 1.4139 2.6003
v 0.7594 1.4139 2.6003
v 0.7594 1.4139 2.6003
v 0.7594 1.4368 2.6003
v 0.7594 1.4368 2.6003
v 0.7594 1.4368 2.6003
v 0.7741 1.4139 2.5698
v 0.7741 1.4139 2.5698
v 0.7741 1.4139 2.5698
v 0.7741 1.4368 2.5698
v 0.7741 1.4368 2.5698
v 0.7741 1.4368 2.5698
v 0.8848 1.2617 2.5529
v 0.8848 1.2617 2.5529
v 0.8848 1.2617 2.5529
v 0.8848 1.2846 2.5529
v 0.8848 1.2846 2.5529
v 0.8848 1.2846 2.5529
v 0.9178 1.2617 2.5604
v 0.9178 1.2617 2.5604
v 0.9178 1.2617 2.5604
v 0.9178 1.2846 2.5604
v 0.9178 1.2846 2.5604
v 0.9178 1.2846 2.5604
v 0.9443 1.2617 2.5815
v 0.9443 1.2617 2.5815
v 0.9443 1.2617 2.5815
v 0.9443 1.2846 2.5815
v 0.9443 1.2846 2.5815
v 0.9443 1.2846 2.5815
v 0.9590 1.2617 2.6120
v 0.9590 1.2617 2.6120
v 0.9590 1.2617 2.6120
v 0.9590 1.2846 2.6120
v 0.9590 1.2846 2.6120
v 0.9590 1.2846 2.6120
v 0.9590 1.2617 2.6458
v 0.9590 1.2617 2.6458
v 0.9590 1.2617 2.6458
v 0.9590 1.2846 2.6458
v 0.9590 1.2846 2.6458
v 0.9590 1.2846 2.6458
v 0.9443 1.2617 2.6763
v 0.9443 1.2617 2.6763
v 0.9443 1.2617 2.6763
v 0.9443 1.2846 2.6763
v 0.9443 1.2846 2.6763
v 0.9443 1.2846 2.6763
v 0.9178 1.2617 2.6974
v 0.9178 1.2617 2.6974
v 0.9178 1.2617 2.6974
v 0.9178 1.2846 2.6974
v 0.9178 1.2846 2.6974
v 0.9178 1.2846 2.6974
v 0.8848 1.2617 2.7050
v 0.8848 1.2617 2.7050
v 0.8848 1.2617 2.7050
v 0.8848 1.2846 2.7050
v 0.8848 1.2846 2.7050
v 0.8848 1.2846 2.7050
v 0.8518 1.2617 2.6974
v 0.8518 1.2617 2.6974
v 0.8518 1.2617 2.6974
v 0.8518 1.2846 2.6974
v 0.8518 1.2846 2.6974
v 0.8518 1.2846 2.6974
v 0.8254 1.2617 2.6763
v 0.8254 1.2617 2.6763
v 0.8254 1.2617 2.6763
v 0.8254 1.2846 2.6763
v 0.8254 1.2846 2.6763
v 0.8254 1.2846 2.6763
v 0.8107 1.2617 2.6458
v 0.8107 1.2617 2.6458
v 0.8107 1.2617 2.6458
v 0.8107 1.2617 2.6458
v 0.8107 1.2846 2.6458
v 0.8107 1.2846 2.6458
v 0.8107 1.2846 2.6458
v 0.8107 1.2846 2.6458
v 0.8107 1.2617 2.6120
v 0.8107 1.2617 2.6120
v 0.8107 1.2617 2.6120
v 0.8107 1.2846 2.6120
v 0.8107 1.2846 2.6120
v 0.8107 1.2846 2.6120
v 0.8254 1.2617 2.5815
v 0.8254 1.2617 2.5815
v 0.8254 1.2617 2.5815
v 0.8254 1.2617 2.5815
v 0.8254 1.2846 2.5815
v 0.8254 1.2846 2.5815
v 0.8254 1.2846 2.5815
v 0.8254 1.2846 2.5815
v 0.8518 1.2617 2.5604
v 0.8518 1.2617 2.5604
v 0.8518 1.2617 2.5604
v 0.8518 1.2846 2.5604
v 0.8518 1.2846 2.5604
v 0.8518 1.2846 2.5604
v 0.7594 1.2846 2.6341
v 0.7594 1.2846 2.6341
v 0.7594 1.2846 2.6341
v 0.7594 1.2617 2.6341
v 0.7594 1.2617 2.6341
v 0.7594 1.2617 2.6341
v 0.7594 1.2617 2.6003
v 0.7594 1.2617 2.6003
v 0.7594 1.2617 2.6003
v 0.7594 1.2617 2.6003
v 0.7594 1.2846 2.6003
v 0.7594 1.2846 2.6003
v 0.7594 1.2846 2.6003
v 0.7594 1.2846 2.6003
v 0.7741 1.2617 2.5698
v 0.7741 1.2617 2.5698
v 0.7741 1.2617 2.5698
v 0.7741 1.2846 2.5698
v 0.7741 1.2846 2.5698
v 0.7741 1.2846 2.5698
v 0.6906 1.0079 1.7767
v 0.6906 1.0079 1.7767
v 0.6906 1.0079 1.7767
v 0.6906 1.0079 1.8105
v 0.6906 1.0079 1.8105
v 0.6906 1.0079 1.8105
v 0.7502 0.9943 1.7767
v 0.7502 0.9943 1.7767
v 0.7502 0.9943 1.7767
v 0.7502 0.9943 1.8105
v 0.7502 0.9943 1.8105
v 0.7502 0.9943 1.8105
v 0.7980 0.9562 1.7767
v 0.7980 0.9562 1.7767
v 0.7980 0.9562 1.7767
v 0.7980 0.9562 1.8105
v 0.7980 0.9562 1.8105
v 0.7980 0.9562 1.8105
v 0.8246 0.9011 1.7767
v 0.8246 0.9011 1.7767
v 0.8246 0.9011 1.7767
v 0.8246 0.9011 1.8105
v 0.8246 0.9011 1.8105
v 0.8246 0.9011 1.8105
v 0.8246 0.8399 1.7767
v 0.8246 0.8399 1.7767
v 0.8246 0.8399 1.7767
v 0.8246 0.8399 1.8105
v 0.8246 0.8399 1.8105
v 0.8246 0.8399 1.8105
v 0.7980 0.7849 1.7767
v 0.7980 0.7849 1.7767
v 0.7980 0.7849 1.7767
v 0.7980 0.7849 1.8105
v 0.7980 0.7849 1.8105
v 0.7980 0.7849 1.8105
v 0.7502 0.7467 1.7767
v 0.7502 0.7467 1.7767
v 0.7502 0.7467 1.7767
v 0.7502 0.7467 1.8105
v 0.7502 0.7467 1.8105
v 0.7502 0.7467 1.8105
v 0.6906 0.7331 1.7767
v 0.6906 0.7331 1.7767
v 0.6906 0.7331 1.7767
v 0.6906 0.7331 1.8105
v 0.6906 0.7331 1.8105
v 0.6906 0.7331 1.8105
v 0.6310 0.7467 1.7767
v 0.6310 0.7467 1.7767
v 0.6310 0.7467 1.7767
v 0.6310 0.7467 1.8105
v 0.6310 0.7467 1.8105
v 0.6310 0.7467 1.8105
v 0.5832 0.7849 1.7767
v 0.5832 0.7849 1.7767
v 0.5832 0.7849 1.7767
v 0.5832 0.7849 1.8105
v 0.5832 0.7849 1.8105
v 0.5832 0.7849 1.8105
v 0.5567 0.8399 1.7767
v 0.5567 0.8399 1.7767
v 0.5567 0.8399 1.7767
v 0.5567 0.8399 1.8105
v 0.5567 0.8399 1.8105
v 0.5567 0.8399 1.8105
v 0.5567 0.9011 1.7767
v 0.5567 0.9011 1.7767
v 0.5567 0.9011 1.7767
v 0.5567 0.9011 1.8105
v 0.5567 0.9011 1.8105
v 0.5567 0.9011 1.8105
v 0.5832 0.9562 1.7767
v 0.5832 0.9562 1.7767
v 0.5832 0.9562 1.7767
v 0.5832 0.9562 1.8105
v 0.5832 0.9562 1.8105
v 0.5832 0.9562 1.8105
v 0.6310 0.9943 1.7767
v 0.6310 0.9943 1.7767
v 0.6310 0.9943 1.7767
v 0.6310 0.9943 1.8105
v 0.6310 0.9943 1.8105
v 0.6310 0.9943 1.8105
v 0.6906 1.0079 1.4213
v 0.6906 1.0079 1.4213
v 0.6906 1.0079 1.4213
v 0.6906 1.0079 1.4551
v 0.6906 1.0079 1.4551
v 0.6906 1.0079 1.4551
v 0.7502 0.9943 1.4213
v 0.7502 0.9943 1.4213
v 0.7502 0.9943 1.4213
v 0.7502 0.9943 1.4551
v 0.7502 0.9943 1.4551
v 0.7502 0.9943 1.4551
v 0.7980 0.9562 1.4213
v 0.7980 0.9562 1.4213
v 0.7980 0.9562 1.4213
v 0.7980 0.9562 1.4551
v 0.7980 0.9562 1.4551
v 0.7980 0.9562 1.4551
v 0.8246 0.9011 1.4213
v 0.8246 0.9011 1.4213
v 0.8246 0.9011 1.4213
v 0.8246 0.9011 1.4551
v 0.8246 0.9011 1.4551
v 0.8246 0.9011 1.4551
v 0.8246 0.8399 1.4213
v 0.8246 0.8399 1.4213
v 0.8246 0.8399 1.4213
v 0.8246 0.8399 1.4551
v 0.8246 0.8399 1.4551
v 0.8246 0.8399 1.4551
v 0.7980 0.7849 1.4213
v 0.7980 0.7849 1.4213
v 0.7980 0.7849 1.4213
v 0.7980 0.7849 1.4551
v 0.7980 0.7849 1.4551
v 0.7980 0.7849 1.4551
v 0.7502 0.7467 1.4213
v 0.7502 0.7467 1.4213
v 0.7502 0.7467 1.4213
v 0.7502 0.7467 1.4551
v 0.7502 0.7467 1.4551
v 0.7502 0.7467 1.4551
v 0.6906 0.7331 1.4213
v 0.6906 0.7331 1.4213
v 0.6906 0.7331 1.4213
v 0.6906 0.7331 1.4551
v 0.6906 0.7331 1.4551
v 0.6906 0.7331 1.4551
v 0.6310 0.7467 1.4213
v 0.6310 0.7467 1.4213
v 0.6310 0.7467 1.4213
v 0.6310 0.7467 1.4551
v 0.6310 0.7467 1.4551
v 0.6310 0.7467 1.4551
v 0.5832 0.7849 1.4213
v 0.5832 0.7849 1.4213
v 0.5832 0.7849 1.4213
v 0.5832 0.7849 1.4551
v 0.5832 0.7849 1.4551
v 0.5832 0.7849 1.4551
v 0.5567 0.8399 1.4213
v 0.5567 0.8399 1.4213
v 0.5567 0.8399 1.4213
v 0.5567 0.8399 1.4551
v 0.5567 0.8399 1.4551
v 0.5567 0.8399 1.4551
v 0.5567 0.9011 1.4213
v 0.5567 0.9011 1.4213
v 0.5567 0.9011 1.4213
v 0.5567 0.9011 1.4551
v 0.5567 0.9011 1.4551
v 0.5567 0.9011 1.4551
v 0.5832 0.9562 1.4213
v 0.5832 0.9562 1.4213
v 0.5832 0.9562 1.4213
v 0.5832 0.9562 1.4551
v 0.5832 0.9562 1.4551
v 0.5832 0.9562 1.4551
v 0.6310 0.9943 1.4213
v 0.6310 0.9943 1.4213
v 0.6310 0.9943 1.4213
v 0.6310 0.9943 1.4551
v 0.6310 0.9943 1.4551
v 0.6310 0.9943 1.4551
v 0.7743 0.9460 0.7425
v 0.7743 0.9460 0.7425
v 0.7743 0.9460 0.7425
v 0.7743 0.9460 0.8012
v 0.7743 0.9460 0.8012
v 0.7743 0.9460 0.8012
v 0.8893 0.9198 0.7425
v 0.8893 0.9198 0.7425
v 0.8893 0.9198 0.7425
v 0.8893 0.9198 0.8012
v 0.8893 0.9198 0.8012
v 0.8893 0.9198 0.8012
v 0.9815 0.8462 0.7425
v 0.9815 0.8462 0.7425
v 0.9815 0.8462 0.7425
v 0.9815 0.8462 0.8012
v 0.9815 0.8462 0.8012
v 0.9815 0.8462 0.8012
v 1.0327 0.7400 0.7425
v 1.0327 0.7400 0.7425
v 1.0327 0.7400 0.7425
v 1.0327 0.7400 0.8012
v 1.0327 0.7400 0.8012
v 1.0327 0.7400 0.8012
v 1.0327 0.6220 0.7425
v 1.0327 0.6220 0.7425
v 1.0327 0.6220 0.7425
v 1.0327 0.6220 0.8012
v 1.0327 0.6220 0.8012
v 1.0327 0.6220 0.8012
v 0.9815 0.5157 0.7425
v 0.9815 0.5157 0.7425
v 0.9815 0.5157 0.7425
v 0.9815 0.5157 0.8012
v 0.9815 0.5157 0.8012
v 0.9815 0.5157 0.8012
v 0.8893 0.4422 0.7425
v 0.8893 0.4422 0.7425
v 0.8893 0.4422 0.7425
v 0.8893 0.4422 0.8012
v 0.8893 0.4422 0.8012
v 0.8893 0.4422 0.8012
v 0.7743 0.4159 0.7425
v 0.7743 0.4159 0.7425
v 0.7743 0.4159 0.7425
v 0.7743 0.4159 0.8012
v 0.7743 0.4159 0.8012
v 0.7743 0.4159 0.8012
v 0.6593 0.4422 0.7425
v 0.6593 0.4422 0.7425
v 0.6593 0.4422 0.7425
v 0.6593 0.4422 0.8012
v 0.6593 0.4422 0.8012
v 0.6593 0.4422 0.8012
v 0.5671 0.5157 0.7425
v 0.5671 0.5157 0.7425
v 0.5671 0.5157 0.7425
v 0.5671 0.5157 0.8012
v 0.5671 0.5157 0.8012
v 0.5671 0.5157 0.8012
v 0.5159 0.6220 0.7425
v 0.5159 0.6220 0.7425
v 0.5159 0.6220 0.7425
v 0.5159 0.6220 0.8012
v 0.5159 0.6220 0.8012
v 0.5159 0.6220 0.8012
v 0.5159 0.7400 0.7425
v 0.5159 0.7400 0.7425
v 0.5159 0.7400 0.7425
v 0.5159 0.7400 0.8012
v 0.5159 0.7400 0.8012
v 0.5159 0.7400 0.8012
v 0.5671 0.8462 0.7425
v 0.5671 0.8462 0.7425
v 0.5671 0.8462 0.7425
v 0.5671 0.8462 0.8012
v 0.5671 0.8462 0.8012
v 0.5671 0.8462 0.8012
v 0.6593 0.9198 0.7425
v 0.6593 0.9198 0.7425
v 0.6593 0.9198 0.7425
v 0.6593 0.9198 0.8012
v 0.6593 0.9198 0.8012
v 0.6593 0.9198 0.8012
v 0.7743 0.9460 0.1254
v 0.7743 0.9460 0.1254
v 0.7743 0.9460 0.1254
v 0.7743 0.9460 0.1841
v 0.7743 0.9460 0.1841
v 0.7743 0.9460 0.1841
v 0.8893 0.9198 0.1254
v 0.8893 0.9198 0.1254
v 0.8893 0.9198 0.1254
v 0.8893 0.9198 0.1841
v 0.8893 0.9198 0.1841
v 0.8893 0.9198 0.1841
v 0.9815 0.8462 0.1254
v 0.9815 0.8462 0.1254
v 0.9815 0.8462 0.1254
v 0.9815 0.8462 0.1841
v 0.9815 0.8462 0.1841
v 0.9815 0.8462 0.1841
v 1.0327 0.7400 0.1254
v 1.0327 0.7400 0.1254
v 1.0327 0.7400 0.1254
v 1.0327 0.7400 0.1841
v 1.0327 0.7400 0.1841
v 1.0327 0.7400 0.1841
v 1.0327 0.6220 0.1254
v 1.0327 0.6220 0.1254
v 1.0327 0.6220 0.1254
v 1.0327 0.6220 0.1841
v 1.0327 0.6220 0.1841
v 1.0327 0.6220 0.1841
v 0.9815 0.5157 0.1254
v 0.9815 0.5157 0.1254
v 0.9815 0.5157 0.1254
v 0.9815 0.5157 0.1841
v 0.9815 0.5157 0.1841
v 0.9815 0.5157 0.1841
v 0.8893 0.4422 0.1254
v 0.8893 0.4422 0.1254
v 0.8893 0.4422 0.1254
v 0.8893 0.4422 0.1841
v 0.8893 0.4422 0.1841
v 0.8893 0.4422 0.1841
v 0.7743 0.4159 0.1254
v 0.7743 0.4159 0.1254
v 0.7743 0.4159 0.1254
v 0.7743 0.4159 0.1841
v 0.7743 0.4159 0.1841
v 0.7743 0.4159 0.1841
v 0.6593 0.4422 0.1254
v 0.6593 0.4422 0.1254
v 0.6593 0.4422 0.1254
v 0.6593 0.4422 0.1841
v 0.6593 0.4422 0.1841
v 0.6593 0.4422 0.1841
v 0.5671 0.5157 0.1254
v 0.5671 0.5157 0.1254
v 0.5671 0.5157 0.1254
v 0.5671 0.5157 0.1841
v 0.5671 0.5157 0.1841
v 0.5671 0.5157 0.1841
v 0.5159 0.6220 0.1254
v 0.5159 0.6220 0.1254
v 0.5159 0.6220 0.1254
v 0.5159 0.6220 0.1841
v 0.5159 0.6220 0.1841
v 0.5159 0.6220 0.1841
v 0.5159 0.7400 0.1254
v 0.5159 0.7400 0.1254
v 0.5159 0.7400 0.1254
v 0.5159 0.7400 0.1841
v 0.5159 0.7400 0.1841
v 0.5159 0.7400 0.1841
v 0.5671 0.8462 0.1254
v 0.5671 0.8462 0.1254
v 0.5671 0.8462 0.1254
v 0.5671 0.8462 0.1841
v 0.5671 0.8462 0.1841
v 0.5671 0.8462 0.1841
v 0.6593 0.9198 0.1254
v 0.6593 0.9198 0.1254
v 0.6593 0.9198 0.1254
v 0.6593 0.9198 0.1841
v 0.6593 0.9198 0.1841
v 0.6593 0.9198 0.1841
v -1.0208 0.2866 3.3756
v -1.0208 0.2866 3.3756
v -1.0208 0.2866 3.3756
v -1.0208 0.5797 3.3756
v -1.0208 0.5797 3.3756
v -1.0208 0.5797 3.3756
v -1.0208 0.2866 3.2946
v -1.0208 0.2866 3.2946
v -1.0208 0.2866 3.2946
v -1.0208 0.5797 3.2946
v -1.0208 0.5797 3.2946
v -1.0208 0.5797 3.2946
v 1.0212 0.2866 3.3756
v 1.0212 0.2866 3.3756
v 1.0212 0.2866 3.3756
v 1.0212 0.5797 3.3756
v 1.0212 0.5797 3.3756
v 1.0212 0.5797 3.3756
v 1.0212 0.2866 3.2946
v 1.0212 0.2866 3.2946
v 1.0212 0.2866 3.2946
v 1.0212 0.5797 3.2946
v 1.0212 0.5797 3.2946
v 1.0212 0.5797 3.2946
v -0.6102 0.6615 3.3989
v -0.6102 0.6615 3.3989
v -0.6102 0.6615 3.3989
v -0.6102 0.6615 3.3989
v -0.7000 0.5800 3.3157
v -0.7000 0.5800 3.3157
v -0.6747 0.5995 3.3745
v -0.6747 0.5995 3.3745
v -0.6747 0.5995 3.3745
v -0.6747 0.5995 3.3745
v -0.6331 1.5800 3.3154
v -0.6331 1.5800 3.3154
v -0.6102 1.4985 3.3989
v -0.6102 1.4985 3.3989
v -0.6102 1.4985 3.3989
v -0.6102 1.4985 3.3989
v -0.7000 1.5136 3.3157
v -0.7000 1.5136 3.3157
v -0.6274 1.5605 3.3743
v -0.6274 1.5605 3.3743
v -0.6274 1.5605 3.3743
v -0.6274 1.5605 3.3743
v -0.6670 1.5519 3.3637
v -0.6670 1.5519 3.3637
v -0.6670 1.5519 3.3637
v -0.6748 1.5136 3.3746
v -0.6748 1.5136 3.3746
v -0.6748 1.5136 3.3746
v -0.6748 1.5136 3.3746
v -0.6803 1.5605 3.3155
v -0.6803 1.5605 3.3155
v 0.0000 0.5800 3.3157
v 0.0000 0.5800 3.3157
v 0.0000 0.6615 3.3989
v 0.0000 0.6615 3.3989
v 0.0000 0.5995 3.3745
v 0.0000 0.5995 3.3745
v 0.0000 0.5995 3.3745
v 0.0000 0.5995 3.3745
v 0.0000 1.4985 3.3989
v 0.0000 1.4985 3.3989
v 0.0000 1.4985 3.3989
v 0.0000 1.5800 3.3154
v 0.0000 1.5800 3.3154
v 0.0000 1.5605 3.3744
v 0.0000 1.5605 3.3744
v 0.0000 1.5605 3.3744
v 0.0000 1.5605 3.3744
v -0.6253 1.5136 3.3989
v -0.6253 1.5136 3.3989
v -0.6253 1.5136 3.3989
v -0.6253 1.5136 3.3989
v -0.6253 1.5136 3.3989
v -0.6253 0.6464 3.3989
v -0.6253 0.6464 3.3989
v -0.6253 0.6464 3.3989
v -0.6253 0.6464 3.3989
v 0.0000 0.6464 3.3989
v 0.0000 0.6464 3.3989
v 0.0000 0.6464 3.3989
v 0.0000 1.5136 3.3989
v 0.0000 1.5136 3.3989
v 0.0000 1.5136 3.3989
v 0.0000 1.5136 3.3989
v 0.0000 1.4985 3.3516
v 0.0000 0.6615 3.3516
v -0.6102 1.4985 3.3516
v -0.6102 1.4985 3.3516
v -0.6102 0.6615 3.3516
v -0.6102 0.6615 3.3516
v -0.8848 1.4831 2.5529
v -0.8848 1.4831 2.5529
v -0.8848 1.4831 2.5529
v -0.8848 1.5594 2.5529
v -0.8848 1.5594 2.5529
v -0.8848 1.5594 2.5529
v -0.9178 1.4831 2.5604
v -0.9178 1.4831 2.5604
v -0.9178 1.4831 2.5604
v -0.9178 1.5594 2.5604
v -0.9178 1.5594 2.5604
v -0.9178 1.5594 2.5604
v -0.9443 1.4831 2.5815
v -0.9443 1.4831 2.5815
v -0.9443 1.4831 2.5815
v -0.9443 1.5594 2.5815
v -0.9443 1.5594 2.5815
v -0.9443 1.5594 2.5815
v -0.9590 1.4831 2.6120
v -0.9590 1.4831 2.6120
v -0.9590 1.4831 2.6120
v -0.9590 1.5594 2.6120
v -0.9590 1.5594 2.6120
v -0.9590 1.5594 2.6120
v -0.9590 1.4831 2.6458
v -0.9590 1.4831 2.6458
v -0.9590 1.4831 2.6458
v -0.9590 1.5594 2.6458
v -0.9590 1.5594 2.6458
v -0.9590 1.5594 2.6458
v -0.9443 1.4831 2.6763
v -0.9443 1.4831 2.6763
v -0.9443 1.4831 2.6763
v -0.9443 1.5594 2.6763
v -0.9443 1.5594 2.6763
v -0.9443 1.5594 2.6763
v -0.9178 1.4831 2.6974
v -0.9178 1.4831 2.6974
v -0.9178 1.4831 2.6974
v -0.9178 1.5594 2.6974
v -0.9178 1.5594 2.6974
v -0.9178 1.5594 2.6974
v -0.8848 1.4831 2.7050
v -0.8848 1.4831 2.7050
v -0.8848 1.4831 2.7050
v -0.8848 1.5594 2.7050
v -0.8848 1.5594 2.7050
v -0.8848 1.5594 2.7050
v -0.8518 1.4831 2.6974
v -0.8518 1.4831 2.6974
v -0.8518 1.4831 2.6974
v -0.8518 1.5594 2.6974
v -0.8518 1.5594 2.6974
v -0.8518 1.5594 2.6974
v -0.8254 1.4831 2.6763
v -0.8254 1.4831 2.6763
v -0.8254 1.4831 2.6763
v -0.8254 1.5594 2.6763
v -0.8254 1.5594 2.6763
v -0.8254 1.5594 2.6763
v -0.8107 1.4831 2.6458
v -0.8107 1.4831 2.6458
v -0.8107 1.4831 2.6458
v -0.8107 1.5594 2.6458
v -0.8107 1.5594 2.6458
v -0.8107 1.5594 2.6458
v -0.8107 1.4831 2.6120
v -0.8107 1.4831 2.6120
v -0.8107 1.4831 2.6120
v -0.8107 1.5594 2.6120
v -0.8107 1.5594 2.6120
v -0.8107 1.5594 2.6120
v -0.8254 1.4831 2.5815
v -0.8254 1.4831 2.5815
v -0.8254 1.4831 2.5815
v -0.8254 1.5594 2.5815
v -0.8254 1.5594 2.5815
v -0.8254 1.5594 2.5815
v -0.8518 1.4831 2.5604
v -0.8518 1.4831 2.5604
v -0.8518 1.4831 2.5604
v -0.8518 1.5594 2.5604
v -0.8518 1.5594 2.5604
v -0.8518 1.5594 2.5604
v -0.8848 1.4139 2.5529
v -0.8848 1.4139 2.5529
v -0.8848 1.4139 2.5529
v -0.8848 1.4368 2.5529
v -0.8848 1.4368 2.5529
v -0.8848 1.4368 2.5529
v -0.9178 1.4139 2.5604
v -0.9178 1.4139 2.5604
v -0.9178 1.4139 2.5604
v -0.9178 1.4368 2.5604
v -0.9178 1.4368 2.5604
v -0.9178 1.4368 2.5604
v -0.9443 1.4139 2.5815
v -0.9443 1.4139 2.5815
v -0.9443 1.4139 2.5815
v -0.9443 1.4368 2.5815
v -0.9443 1.4368 2.5815
v -0.9443 1.4368 2.5815
v -0.9590 1.4139 2.6120
v -0.9590 1.4139 2.6120
v -0.9590 1.4139 2.6120
v -0.9590 1.4368 2.6120
v -0.9590 1.4368 2.6120
v -0.9590 1.4368 2.6120
v -0.9590 1.4139 2.6458
v -0.9590 1.4139 2.6458
v -0.9590 1.4139 2.6458
v -0.9590 1.4368 2.6458
v -0.9590 1.4368 2.6458
v -0.9590 1.4368 2.6458
v -0.9443 1.4139 2.6763
v -0.9443 1.4139 2.6763
v -0.9443 1.4139 2.6763
v -0.9443 1.4368 2.6763
v -0.9443 1.4368 2.6763
v -0.9443 1.4368 2.6763
v -0.9178 1.4139 2.6974
v -0.9178 1.4139 2.6974
v -0.9178 1.4139 2.6974
v -0.9178 1.4368 2.6974
v -0.9178 1.4368 2.6974
v -0.9178 1.4368 2.6974
v -0.8848 1.4139 2.7050
v -0.8848 1.4139 2.7050
v -0.8848 1.4139 2.7050
v -0.8848 1.4368 2.7050
v -0.8848 1.4368 2.7050
v -0.8848 1.4368 2.7050
v -0.8518 1.4139 2.6974
v -0.8518 1.4139 2.6974
v -0.8518 1.4139 2.6974
v -0.8518 1.4368 2.6974
v -0.8518 1.4368 2.6974
v -0.8518 1.4368 2.6974
v -0.8254 1.4139 2.6763
v -0.8254 1.4139 2.6763
v -0.8254 1.4139 2.6763
v -0.8254 1.4368 2.6763
v -0.8254 1.4368 2.6763
v -0.8254 1.4368 2.6763
v -0.8107 1.4139 2.6458
v -0.8107 1.4139 2.6458
v -0.8107 1.4139 2.6458
v -0.8107 1.4139 2.6458
v -0.8107 1.4368 2.6458
v -0.8107 1.4368 2.6458
v -0.8107 1.4368 2.6458
v -0.8107 1.4368 2.6458
v -0.8107 1.4139 2.6120
v -0.8107 1.4139 2.6120
v -0.8107 1.4139 2.6120
v -0.8107 1.4368 2.6120
v -0.8107 1.4368 2.6120
v -0.8254 1.4139 2.5815
v -0.8254 1.4139 2.5815
v -0.8254 1.4139 2.5815
v -0.8254 1.4139 2.5815
v -0.8254 1.4368 2.5815
v -0.8254 1.4368 2.5815
v -0.8254 1.4368 2.5815
v -0.8254 1.4368 2.5815
v -0.8518 1.4139 2.5604
v -0.8518 1.4139 2.5604
v -0.8518 1.4139 2.5604
v -0.8518 1.4368 2.5604
v -0.8518 1.4368 2.5604
v -0.8518 1.4368 2.5604
v -0.7594 1.4368 2.6341
v -0.7594 1.4368 2.6341
v -0.7594 1.4368 2.6341
v -0.7594 1.4139 2.6341
v -0.7594 1.4139 2.6341
v -0.7594 1.4139 2.6341
v -0.7594 1.4139 2.6003
v -0.7594 1.4139 2.6003
v -0.7594 1.4139 2.6003
v -0.7594 1.4139 2.6003
v -0.7594 1.4368 2.6003
v -0.7594 1.4368 2.6003
v -0.7594 1.4368 2.6003
v -0.7741 1.4139 2.5698
v -0.7741 1.4139 2.5698
v -0.7741 1.4139 2.5698
v -0.7741 1.4368 2.5698
v -0.7741 1.4368 2.5698
v -0.7741 1.4368 2.5698
v -0.8848 1.2617 2.5529
v -0.8848 1.2617 2.5529
v -0.8848 1.2617 2.5529
v -0.8848 1.2846 2.5529
v -0.8848 1.2846 2.5529
v -0.8848 1.2846 2.5529
v -0.9178 1.2617 2.5604
v -0.9178 1.2617 2.5604
v -0.9178 1.2617 2.5604
v -0.9178 1.2846 2.5604
v -0.9178 1.2846 2.5604
v -0.9178 1.2846 2.5604
v -0.9443 1.2617 2.5815
v -0.9443 1.2617 2.5815
v -0.9443 1.2617 2.5815
v -0.9443 1.2846 2.5815
v -0.9443 1.2846 2.5815
v -0.9443 1.2846 2.5815
v -0.9590 1.2617 2.6120
v -0.9590 1.2617 2.6120
v -0.9590 1.2617 2.6120
v -0.9590 1.2846 2.6120
v -0.9590 1.2846 2.6120
v -0.9590 1.2846 2.6120
v -0.9590 1.2617 2.6458
v -0.9590 1.2617 2.6458
v -0.9590 1.2617 2.6458
v -0.9590 1.2846 2.6458
v -0.9590 1.2846 2.6458
v -0.9590 1.2846 2.6458
v -0.9443 1.2617 2.6763
v -0.9443 1.2617 2.6763
v -0.9443 1.2617 2.6763
v -0.9443 1.2846 2.6763
v -0.9443 1.2846 2.6763
v -0.9443 1.2846 2.6763
v -0.9178 1.2617 2.6974
v -0.9178 1.2617 2.6974
v -0.9178 1.2617 2.6974
v -0.9178 1.2846 2.6974
v -0.9178 1.2846 2.6974
v -0.9178 1.2846 2.6974
v -0.8848 1.2617 2.7050
v -0.8848 1.2617 2.7050
v -0.8848 1.2617 2.7050
v -0.8848 1.2846 2.7050
v -0.8848 1.2846 2.7050
v -0.8848 1.2846 2.7050
v -0.8518 1.2617 2.6974
v -0.8518 1.2617 2.6974
v -0.8518 1.2617 2.6974
v -0.8518 1.2846 2.6974
v -0.8518 1.2846 2.6974
v -0.8518 1.2846 2.6974
v -0.8254 1.2617 2.6763
v -0.8254 1.2617 2.6763
v -0.8254 1.2617 2.6763
v -0.8254 1.2846 2.6763
v -0.8254 1.2846 2.6763
v -0.8254 1.2846 2.6763
v -0.8107 1.2617 2.6458
v -0.8107 1.2617 2.6458
v -0.8107 1.2617 2.6458
v -0.8107 1.2617 2.6458
v -0.8107 1.2846 2.6458
v -0.8107 1.2846 2.6458
v -0.8107 1.2846 2.6458
v -0.8107 1.2846 2.6458
v -0.8107 1.2617 2.6120
v -0.8107 1.2617 2.6120
v -0.8107 1.2617 2.6120
v -0.8107 1.2846 2.6120
v -0.8107 1.2846 2.6120
v -0.8107 1.2846 2.6120
v -0.8254 1.2617 2.5815
v -0.8254 1.2617 2.5815
v -0.8254 1.2617 2.5815
v -0.8254 1.2617 2.5815
v -0.8254 1.2846 2.5815
v -0.8254 1.2846 2.5815
v -0.8254 1.2846 2.5815
v -0.8254 1.2846 2.5815
v -0.8518 1.2617 2.5604
v -0.8518 1.2617 2.5604
v -0.8518 1.2617 2.5604
v -0.8518 1.2846 2.5604
v -0.8518 1.2846 2.5604
v -0.8518 1.2846 2.5604
v -0.7594 1.2846 2.6341
v -0.7594 1.2846 2.6341
v -0.7594 1.2846 2.6341
v -0.7594 1.2617 2.6341
v -0.7594 1.2617 2.6341
v -0.7594 1.2617 2.6341
v -0.7594 1.2617 2.6003
v -0.7594 1.2617 2.6003
v -0.7594 1.2617 2.6003
v -0.7594 1.2617 2.6003
v -0.7594 1.2846 2.6003
v -0.7594 1.2846 2.6003
v -0.7594 1.2846 2.6003
v -0.7594 1.2846 2.6003
v -0.7741 1.2617 2.5698
v -0.7741 1.2617 2.5698
v -0.7741 1.2617 2.5698
v -0.7741 1.2846 2.5698
v -0.7741 1.2846 2.5698
v -0.7741 1.2846 2.5698
v -0.6906 1.0079 1.7767
v -0.6906 1.0079 1.7767
v -0.6906 1.0079 1.7767
v -0.6906 1.0079 1.8105
v -0.6906 1.0079 1.8105
v -0.6906 1.0079 1.8105
v -0.7502 0.9943 1.7767
v -0.7502 0.9943 1.7767
v -0.7502 0.9943 1.7767
v -0.7502 0.9943 1.8105
v -0.7502 0.9943 1.8105
v -0.7502 0.9943 1.8105
v -0.7980 0.9562 1.7767
v -0.7980 0.9562 1.7767
v -0.7980 0.9562 1.7767
v -0.7980 0.9562 1.8105
v -0.7980 0.9562 1.8105
v -0.7980 0.9562 1.8105
v -0.8246 0.9011 1.7767
v -0.8246 0.9011 1.7767
v -0.8246 0.9011 1.7767
v -0.8246 0.9011 1.8105
v -0.8246 0.9011 1.8105
v -0.8246 0.9011 1.8105
v -0.8246 0.8399 1.7767
v -0.8246 0.8399 1.7767
v -0.8246 0.8399 1.7767
v -0.8246 0.8399 1.8105
v -0.8246 0.8399 1.8105
v -0.8246 0.8399 1.8105
v -0.7980 0.7849 1.7767
v -0.7980 0.7849 1.7767
v -0.7980 0.7849 1.7767
v -0.7980 0.7849 1.8105
v -0.7980 0.7849 1.8105
v -0.7980 0.7849 1.8105
v -0.7502 0.7467 1.7767
v -0.7502 0.7467 1.7767
v -0.7502 0.7467 1.7767
v -0.7502 0.7467 1.8105
v -0.7502 0.7467 1.8105
v -0.7502 0.7467 1.8105
v -0.6906 0.7331 1.7767
v -0.6906 0.7331 1.7767
v -0.6906 0.7331 1.7767
v -0.6906 0.7331 1.8105
v -0.6906 0.7331 1.8105
v -0.6906 0.7331 1.8105
v -0.6310 0.7467 1.7767
v -0.6310 0.7467 1.7767
v -0.6310 0.7467 1.7767
v -0.6310 0.7467 1.8105
v -0.6310 0.7467 1.8105
v -0.6310 0.7467 1.8105
v -0.5832 0.7849 1.7767
v -0.5832 0.7849 1.7767
v -0.5832 0.7849 1.7767
v -0.5832 0.7849 1.8105
v -0.5832 0.7849 1.8105
v -0.5832 0.7849 1.8105
v -0.5567 0.8399 1.7767
v -0.5567 0.8399 1.7767
v -0.5567 0.8399 1.7767
v -0.5567 0.8399 1.8105
v -0.5567 0.8399 1.8105
v -0.5567 0.8399 1.8105
v -0.5567 0.9011 1.7767
v -0.5567 0.9011 1.7767
v -0.5567 0.9011 1.7767
v -0.5567 0.9011 1.8105
v -0.5567 0.9011 1.8105
v -0.5567 0.9011 1.8105
v -0.5832 0.9562 1.7767
v -0.5832 0.9562 1.7767
v -0.5832 0.9562 1.7767
v -0.5832 0.9562 1.8105
v -0.5832 0.9562 1.8105
v -0.5832 0.9562 1.8105
v -0.6310 0.9943 1.7767
v -0.6310 0.9943 1.7767
v -0.6310 0.9943 1.7767
v -0.6310 0.9943 1.8105
v -0.6310 0.9943 1.8105
v -0.6310 0.9943 1.8105
v -0.6906 1.0079 1.4213
v -0.6906 1.0079 1.4213
v -0.6906 1.0079 1.4213
v -0.6906 1.0079 1.4551
v -0.6906 1.0079 1.4551
v -0.6906 1.0079 1.4551
v -0.7502 0.9943 1.4213
v -0.7502 0.9943 1.4213
v -0.7502 0.9943 1.4213
v -0.7502 0.9943 1.4551
v -0.7502 0.9943 1.4551
v -0.7502 0.9943 1.4551
v -0.7980 0.9562 1.4213
v -0.7980 0.9562 1.4213
v -0.7980 0.9562 1.4213
v -0.7980 0.9562 1.4551
v -0.7980 0.9562 1.4551
v -0.7980 0.9562 1.4551
v -0.8246 0.9011 1.4213
v -0.8246 0.9011 1.4213
v -0.8246 0.9011 1.4213
v -0.8246 0.9011 1.4551
v -0.8246 0.9011 1.4551
v -0.8246 0.9011 1.4551
v -0.8246 0.8399 1.4213
v -0.8246 0.8399 1.4213
v -0.8246 0.8399 1.4213
v -0.8246 0.8399 1.4551
v -0.8246 0.8399 1.4551
v -0.8246 0.8399 1.4551
v -0.7980 0.7849 1.4213
v -0.7980 0.7849 1.4213
v -0.7980 0.7849 1.4213
v -0.7980 0.7849 1.4551
v -0.7980 0.7849 1.4551
v -0.7980 0.7849 1.4551
v -0.7502 0.7467 1.4213
v -0.7502 0.7467 1.4213
v -0.7502 0.7467 1.4213
v -0.7502 0.7467 1.4551
v -0.7502 0.7467 1.4551
v -0.7502 0.7467 1.4551
v -0.6906 0.7331 1.4213
v -0.6906 0.7331 1.4213
v -0.6906 0.7331 1.4213
v -0.6906 0.7331 1.4551
v -0.6906 0.7331 1.4551
v -0.6906 0.7331 1.4551
v -0.6310 0.7467 1.4213
v -0.6310 0.7467 1.4213
v -0.6310 0.7467 1.4213
v -0.6310 0.7467 1.4551
v -0.6310 0.7467 1.4551
v -0.6310 0.7467 1.4551
v -0.5832 0.7849 1.4213
v -0.5832 0.7849 1.4213
v -0.5832 0.7849 1.4213
v -0.5832 0.7849 1.4551
v -0.5832 0.7849 1.4551
v -0.5832 0.7849 1.4551
v -0.5567 0.8399 1.4213
v -0.5567 0.8399 1.4213
v -0.5567 0.8399 1.4213
v -0.5567 0.8399 1.4551
v -0.5567 0.8399 1.4551
v -0.5567 0.8399 1.4551
v -0.5567 0.9011 1.4213
v -0.5567 0.9011 1.4213
v -0.5567 0.9011 1.4213
v -0.5567 0.9011 1.4551
v -0.5567 0.9011 1.4551
v -0.5567 0.9011 1.4551
v -0.5832 0.9562 1.4213
v -0.5832 0.9562 1.4213
v -0.5832 0.9562 1.4213
v -0.5832 0.9562 1.4551
v -0.5832 0.9562 1.4551
v -0.5832 0.9562 1.4551
v -0.6310 0.9943 1.4213
v -0.6310 0.9943 1.4213
v -0.6310 0.9943 1.4213
v -0.6310 0.9943 1.4551
v -0.6310 0.9943 1.4551
v -0.6310 0.9943 1.4551
v -0.7743 0.9460 0.7425
v -0.7743 0.9460 0.7425
v -0.7743 0.9460 0.7425
v -0.7743 0.9460 0.8012
v -0.7743 0.9460 0.8012
v -0.7743 0.9460 0.8012
v -0.8893 0.9198 0.7425
v -0.8893 0.9198 0.7425
v -0.8893 0.9198 0.7425
v -0.8893 0.9198 0.8012
v -0.8893 0.9198 0.8012
v -0.8893 0.9198 0.8012
v -0.9815 0.8462 0.7425
v -0.9815 0.8462 0.7425
v -0.9815 0.8462 0.7425
v -0.9815 0.8462 0.8012
v -0.9815 0.8462 0.8012
v -0.9815 0.8462 0.8012
v -1.0327 0.7400 0.7425
v -1.0327 0.7400 0.7425
v -1.0327 0.7400 0.7425
v -1.0327 0.7400 0.8012
v -1.0327 0.7400 0.8012
v -1.0327 0.7400 0.8012
v -1.0327 0.6220 0.7425
v -1.0327 0.6220 0.7425
v -1.0327 0.6220 0.7425
v -1.0327 0.6220 0.8012
v -1.0327 0.6220 0.8012
v -1.0327 0.6220 0.8012
v -0.9815 0.5157 0.7425
v -0.9815 0.5157 0.7425
v -0.9815 0.5157 0.7425
v -0.9815 0.5157 0.8012
v -0.9815 0.5157 0.8012
v -0.9815 0.5157 0.8012
v -0.8893 0.4422 0.7425
v -0.8893 0.4422 0.7425
v -0.8893 0.4422 0.7425
v -0.8893 0.4422 0.8012
v -0.8893 0.4422 0.8012
v -0.8893 0.4422 0.8012
v -0.7743 0.4159 0.7425
v -0.7743 0.4159 0.7425
v -0.7743 0.4159 0.7425
v -0.7743 0.4159 0.8012
v -0.7743 0.4159 0.8012
v -0.7743 0.4159 0.8012
v -0.6593 0.4422 0.7425
v -0.6593 0.4422 0.7425
v -0.6593 0.4422 0.7425
v -0.6593 0.4422 0.8012
v -0.6593 0.4422 0.8012
v -0.6593 0.4422 0.8012
v -0.5671 0.5157 0.7425
v -0.5671 0.5157 0.7425
v -0.5671 0.5157 0.7425
v -0.5671 0.5157 0.8012
v -0.5671 0.5157 0.8012
v -0.5671 0.5157 0.8012
v -0.5159 0.6220 0.7425
v -0.5159 0.6220 0.7425
v -0.5159 0.6220 0.7425
v -0.5159 0.6220 0.8012
v -0.5159 0.6220 0.8012
v -0.5159 0.6220 0.8012
v -0.5159 0.7400 0.7425
v -0.5159 0.7400 0.7425
v -0.5159 0.7400 0.7425
v -0.5159 0.7400 0.8012
v -0.5159 0.7400 0.8012
v -0.5159 0.7400 0.8012
v -0.5671 0.8462 0.7425
v -0.5671 0.8462 0.7425
v -0.5671 0.8462 0.7425
v -0.5671 0.8462 0.8012
v -0.5671 0.8462 0.8012
v -0.5671 0.8462 0.8012
v -0.6593 0.9198 0.7425
v -0.6593 0.9198 0.7425
v -0.6593 0.9198 0.7425
v -0.6593 0.9198 0.8012
v -0.6593 0.9198 0.8012
v -0.6593 0.9198 0.8012
v -0.7743 0.9460 0.1254
v -0.7743 0.9460 0.1254
v -0.7743 0.9460 0.1254
v -0.7743 0.9460 0.1841
v -0.7743 0.9460 0.1841
v -0.7743 0.9460 0.1841
v -0.8893 0.9198 0.1254
v -0.8893 0.9198 0.1254
v -0.8893 0.9198 0.1254
v -0.8893 0.9198 0.1841
v -0.8893 0.9198 0.1841
v -0.8893 0.9198 0.1841
v -0.9815 0.8462 0.1254
v -0.9815 0.8462 0.1254
v -0.9815 0.8462 0.1254
v -0.9815 0.8462 0.1841
v -0.9815 0.8462 0.1841
v -0.9815 0.8462 0.1841
v -1.0327 0.7400 0.1254
v -1.0327 0.7400 0.1254
v -1.0327 0.7400 0.1254
v -1.0327 0.7400 0.1841
v -1.0327 0.7400 0.1841
v -1.0327 0.7400 0.1841
v -1.0327 0.6220 0.1254
v -1.0327 0.6220 0.1254
v -1.0327 0.6220 0.1254
v -1.0327 0.6220 0.1841
v -1.0327 0.6220 0.1841
v -1.0327 0.6220 0.1841
v -0.9815 0.5157 0.1254
v -0.9815 0.5157 0.1254
v -0.9815 0.5157 0.1254
v -0.9815 0.5157 0.1841
v -0.9815 0.5157 0.1841
v -0.9815 0.5157 0.1841
v -0.8893 0.4422 0.1254
v -0.8893 0.4422 0.1254
v -0.8893 0.4422 0.1254
v -0.8893 0.4422 0.1841
v -0.8893 0.4422 0.1841
v -0.8893 0.4422 0.1841
v -0.7743 0.4159 0.1254
v -0.7743 0.4159 0.1254
v -0.7743 0.4159 0.1254
v -0.7743 0.4159 0.1841
v -0.7743 0.4159 0.1841
v -0.7743 0.4159 0.1841
v -0.6593 0.4422 0.1254
v -0.6593 0.4422 0.1254
v -0.6593 0.4422 0.1254
v -0.6593 0.4422 0.1841
v -0.6593 0.4422 0.1841
v -0.6593 0.4422 0.1841
v -0.5671 0.5157 0.1254
v -0.5671 0.5157 0.1254
v -0.5671 0.5157 0.1254
v -0.5671 0.5157 0.1841
v -0.5671 0.5157 0.1841
v -0.5671 0.5157 0.1841
v -0.5159 0.6220 0.1254
v -0.5159 0.6220 0.1254
v -0.5159 0.6220 0.1254
v -0.5159 0.6220 0.1841
v -0.5159 0.6220 0.1841
v -0.5159 0.6220 0.1841
v -0.5159 0.7400 0.1254
v -0.5159 0.7400 0.1254
v -0.5159 0.7400 0.1254
v -0.5159 0.7400 0.1841
v -0.5159 0.7400 0.1841
v -0.5159 0.7400 0.1841
v -0.5671 0.8462 0.1254
v -0.5671 0.8462 0.1254
v -0.5671 0.8462 0.1254
v -0.5671 0.8462 0.1841
v -0.5671 0.8462 0.1841
v -0.5671 0.8462 0.1841
v -0.6593 0.9198 0.1254
v -0.6593 0.9198 0.1254
v -0.6593 0.9198 0.1254
v -0.6593 0.9198 0.1841
v -0.6593 0.9198 0.1841
v -0.6593 0.9198 0.1841
v 0.7977 1.6168 1.2737
v 0.7977 1.6060 1.9173
v 0.7977 2.0781 1.2737
v 0.7977 2.0505 1.7622
v 0.7918 2.1645 1.8342
v 0.7918 1.6047 2.0087
v 0.9277 1.6188 0.2635
v 0.9277 1.6153 0.2737
v 0.9277 1.6257 0.2580
v 0.9277 1.6386 0.2553
v 0.9277 2.0944 0.2737
v 0.9277 2.0909 0.2635
v 0.9277 2.0840 0.2580
v 0.9277 2.0710 0.2553
v 0.9277 1.6153 0.6147
v 0.9277 1.6188 0.6249
v 0.9277 1.6257 0.6304
v 0.9277 1.6386 0.6331
v 0.9277 2.0909 0.6249
v 0.9277 2.0944 0.6147
v 0.9277 2.0840 0.6304
v 0.9277 2.0710 0.6331
v -0.7977 1.6168 1.2737
v -0.7977 1.6060 1.9173
v -0.7977 2.0781 1.2737
v -0.7977 2.0505 1.7622
v 0.0000 1.6047 2.0087
v 0.0000 1.6047 2.0087
v 0.0000 2.1645 1.8342
v 0.0000 2.1645 1.8342
v -0.7918 2.1645 1.8342
v -0.7918 1.6047 2.0087
v -0.9277 1.6188 0.2635
v -0.9277 1.6153 0.2737
v -0.9277 1.6257 0.2580
v -0.9277 1.6386 0.2553
v -0.9277 2.0944 0.2737
v -0.9277 2.0909 0.2635
v -0.9277 2.0840 0.2580
v -0.9277 2.0710 0.2553
v -0.9277 1.6153 0.6147
v -0.9277 1.6188 0.6249
v -0.9277 1.6257 0.6304
v -0.9277 1.6386 0.6331
v -0.9277 2.0909 0.6249
v -0.9277 2.0944 0.6147
v -0.9277 2.0840 0.6304
v -0.9277 2.0710 0.6331
v 0.6906 0.9973 1.1838
v 0.6906 0.9973 1.1838
v 0.6906 0.9973 1.1838
v 0.6906 0.9973 2.0191
v 0.6906 0.9973 2.0191
v 0.6906 0.9973 2.0191
v 0.7456 0.9847 1.1838
v 0.7456 0.9847 1.1838
v 0.7456 0.9847 1.1838
v 0.7456 0.9847 2.0191
v 0.7456 0.9847 2.0191
v 0.7456 0.9847 2.0191
v 0.7897 0.9495 1.1838
v 0.7897 0.9495 1.1838
v 0.7897 0.9495 1.1838
v 0.7897 0.9495 2.0191
v 0.7897 0.9495 2.0191
v 0.7897 0.9495 2.0191
v 0.8142 0.8987 1.1838
v 0.8142 0.8987 1.1838
v 0.8142 0.8987 1.1838
v 0.8142 0.8987 2.0191
v 0.8142 0.8987 2.0191
v 0.8142 0.8987 2.0191
v 0.8142 0.8423 1.1838
v 0.8142 0.8423 1.1838
v 0.8142 0.8423 1.1838
v 0.8142 0.8423 2.0191
v 0.8142 0.8423 2.0191
v 0.8142 0.8423 2.0191
v 0.7897 0.7915 1.1838
v 0.7897 0.7915 1.1838
v 0.7897 0.7915 1.1838
v 0.7897 0.7915 2.0191
v 0.7897 0.7915 2.0191
v 0.7897 0.7915 2.0191
v 0.7456 0.7563 1.1838
v 0.7456 0.7563 1.1838
v 0.7456 0.7563 1.1838
v 0.7456 0.7563 2.0191
v 0.7456 0.7563 2.0191
v 0.7456 0.7563 2.0191
v 0.6906 0.7438 1.1838
v 0.6906 0.7438 1.1838
v 0.6906 0.7438 1.1838
v 0.6906 0.7438 2.0191
v 0.6906 0.7438 2.0191
v 0.6906 0.7438 2.0191
v 0.6356 0.7563 1.1838
v 0.6356 0.7563 1.1838
v 0.6356 0.7563 1.1838
v 0.6356 0.7563 2.0191
v 0.6356 0.7563 2.0191
v 0.6356 0.7563 2.0191
v 0.5915 0.7915 1.1838
v 0.5915 0.7915 1.1838
v 0.5915 0.7915 1.1838
v 0.5915 0.7915 2.0191
v 0.5915 0.7915 2.0191
v 0.5915 0.7915 2.0191
v 0.5671 0.8423 1.1838
v 0.5671 0.8423 1.1838
v 0.5671 0.8423 1.1838
v 0.5671 0.8423 2.0191
v 0.5671 0.8423 2.0191
v 0.5671 0.8423 2.0191
v 0.5671 0.8987 1.1838
v 0.5671 0.8987 1.1838
v 0.5671 0.8987 1.1838
v 0.5671 0.8987 2.0191
v 0.5671 0.8987 2.0191
v 0.5671 0.8987 2.0191
v 0.5915 0.9495 1.1838
v 0.5915 0.9495 1.1838
v 0.5915 0.9495 1.1838
v 0.5915 0.9495 2.0191
v 0.5915 0.9495 2.0191
v 0.5915 0.9495 2.0191
v 0.6356 0.9847 1.1838
v 0.6356 0.9847 1.1838
v 0.6356 0.9847 1.1838
v 0.6356 0.9847 2.0191
v 0.6356 0.9847 2.0191
v 0.6356 0.9847 2.0191
v 0.7743 0.8306 1.1634
v 0.7743 0.8306 1.1634
v 0.7743 0.8306 1.1634
v 0.7743 0.9255 1.1550
v 0.7743 0.9255 1.1550
v 0.7743 0.9255 1.1550
v 0.7743 0.9255 1.1550
v 0.7743 0.8781 1.1623
v 0.7743 0.8781 1.1623
v 0.7743 0.8781 1.1623
v 0.7743 0.8781 1.1623
v 0.7743 0.9128 1.1592
v 0.7743 0.9128 1.1592
v 0.7743 0.9128 1.1592
v 0.7743 0.9128 1.1592
v 0.8392 0.8158 1.1634
v 0.8392 0.8158 1.1634
v 0.8392 0.8158 1.1634
v 0.8804 0.9013 1.1550
v 0.8804 0.9013 1.1550
v 0.8804 0.9013 1.1550
v 0.8804 0.9013 1.1550
v 0.8598 0.8585 1.1623
v 0.8598 0.8585 1.1623
v 0.8598 0.8585 1.1623
v 0.8598 0.8585 1.1623
v 0.8749 0.8899 1.1592
v 0.8749 0.8899 1.1592
v 0.8749 0.8899 1.1592
v 0.8749 0.8899 1.1592
v 0.8913 0.7743 1.1634
v 0.8913 0.7743 1.1634
v 0.8913 0.7743 1.1634
v 0.9655 0.8335 1.1550
v 0.9655 0.8335 1.1550
v 0.9655 0.8335 1.1550
v 0.9655 0.8335 1.1550
v 0.9284 0.8039 1.1623
v 0.9284 0.8039 1.1623
v 0.9284 0.8039 1.1623
v 0.9284 0.8039 1.1623
v 0.9556 0.8255 1.1592
v 0.9556 0.8255 1.1592
v 0.9556 0.8255 1.1592
v 0.9556 0.8255 1.1592
v 0.9202 0.7143 1.1634
v 0.9202 0.7143 1.1634
v 0.9202 0.7143 1.1634
v 1.0127 0.7354 1.1550
v 1.0127 0.7354 1.1550
v 1.0127 0.7354 1.1550
v 1.0127 0.7354 1.1550
v 0.9665 0.7248 1.1623
v 0.9665 0.7248 1.1623
v 0.9665 0.7248 1.1623
v 0.9665 0.7248 1.1623
v 1.0003 0.7326 1.1592
v 1.0003 0.7326 1.1592
v 1.0003 0.7326 1.1592
v 1.0003 0.7326 1.1592
v 0.9202 0.6477 1.1634
v 0.9202 0.6477 1.1634
v 0.9202 0.6477 1.1634
v 1.0127 0.6266 1.1550
v 1.0127 0.6266 1.1550
v 1.0127 0.6266 1.1550
v 1.0127 0.6266 1.1550
v 0.9665 0.6371 1.1623
v 0.9665 0.6371 1.1623
v 0.9665 0.6371 1.1623
v 0.9665 0.6371 1.1623
v 1.0003 0.6294 1.1592
v 1.0003 0.6294 1.1592
v 1.0003 0.6294 1.1592
v 1.0003 0.6294 1.1592
v 0.8913 0.5877 1.1634
v 0.8913 0.5877 1.1634
v 0.8913 0.5877 1.1634
v 0.9655 0.5285 1.1550
v 0.9655 0.5285 1.1550
v 0.9655 0.5285 1.1550
v 0.9655 0.5285 1.1550
v 0.9284 0.5581 1.1623
v 0.9284 0.5581 1.1623
v 0.9284 0.5581 1.1623
v 0.9284 0.5581 1.1623
v 0.9556 0.5364 1.1592
v 0.9556 0.5364 1.1592
v 0.9556 0.5364 1.1592
v 0.9556 0.5364 1.1592
v 0.8392 0.5462 1.1634
v 0.8392 0.5462 1.1634
v 0.8392 0.5462 1.1634
v 0.8804 0.4606 1.1550
v 0.8804 0.4606 1.1550
v 0.8804 0.4606 1.1550
v 0.8804 0.4606 1.1550
v 0.8598 0.5034 1.1623
v 0.8598 0.5034 1.1623
v 0.8598 0.5034 1.1623
v 0.8598 0.5034 1.1623
v 0.8749 0.4721 1.1592
v 0.8749 0.4721 1.1592
v 0.8749 0.4721 1.1592
v 0.8749 0.4721 1.1592
v 0.7743 0.5314 1.1634
v 0.7743 0.5314 1.1634
v 0.7743 0.5314 1.1634
v 0.7743 0.4364 1.1550
v 0.7743 0.4364 1.1550
v 0.7743 0.4364 1.1550
v 0.7743 0.4364 1.1550
v 0.7743 0.4839 1.1623
v 0.7743 0.4839 1.1623
v 0.7743 0.4839 1.1623
v 0.7743 0.4839 1.1623
v 0.7743 0.4491 1.1592
v 0.7743 0.4491 1.1592
v 0.7743 0.4491 1.1592
v 0.7743 0.4491 1.1592
v 0.7094 0.5462 1.1634
v 0.7094 0.5462 1.1634
v 0.7094 0.5462 1.1634
v 0.6682 0.4606 1.1550
v 0.6682 0.4606 1.1550
v 0.6682 0.4606 1.1550
v 0.6682 0.4606 1.1550
v 0.6888 0.5034 1.1623
v 0.6888 0.5034 1.1623
v 0.6888 0.5034 1.1623
v 0.6888 0.5034 1.1623
v 0.6737 0.4721 1.1592
v 0.6737 0.4721 1.1592
v 0.6737 0.4721 1.1592
v 0.6737 0.4721 1.1592
v 0.6573 0.5877 1.1634
v 0.6573 0.5877 1.1634
v 0.6573 0.5877 1.1634
v 0.5831 0.5285 1.1550
v 0.5831 0.5285 1.1550
v 0.5831 0.5285 1.1550
v 0.5831 0.5285 1.1550
v 0.6202 0.5581 1.1623
v 0.6202 0.5581 1.1623
v 0.6202 0.5581 1.1623
v 0.6202 0.5581 1.1623
v 0.5931 0.5364 1.1592
v 0.5931 0.5364 1.1592
v 0.5931 0.5364 1.1592
v 0.5931 0.5364 1.1592
v 0.6285 0.6477 1.1634
v 0.6285 0.6477 1.1634
v 0.6285 0.6477 1.1634
v 0.5359 0.6266 1.1550
v 0.5359 0.6266 1.1550
v 0.5359 0.6266 1.1550
v 0.5359 0.6266 1.1550
v 0.5822 0.6371 1.1623
v 0.5822 0.6371 1.1623
v 0.5822 0.6371 1.1623
v 0.5822 0.6371 1.1623
v 0.5483 0.6294 1.1592
v 0.5483 0.6294 1.1592
v 0.5483 0.6294 1.1592
v 0.5483 0.6294 1.1592
v 0.6285 0.7143 1.1634
v 0.6285 0.7143 1.1634
v 0.6285 0.7143 1.1634
v 0.5359 0.7354 1.1550
v 0.5359 0.7354 1.1550
v 0.5359 0.7354 1.1550
v 0.5359 0.7354 1.1550
v 0.5822 0.7248 1.1623
v 0.5822 0.7248 1.1623
v 0.5822 0.7248 1.1623
v 0.5822 0.7248 1.1623
v 0.5483 0.7326 1.1592
v 0.5483 0.7326 1.1592
v 0.5483 0.7326 1.1592
v 0.5483 0.7326 1.1592
v 0.6573 0.7743 1.1634
v 0.6573 0.7743 1.1634
v 0.6573 0.7743 1.1634
v 0.5831 0.8335 1.1550
v 0.5831 0.8335 1.1550
v 0.5831 0.8335 1.1550
v 0.5831 0.8335 1.1550
v 0.6202 0.8039 1.1623
v 0.6202 0.8039 1.1623
v 0.6202 0.8039 1.1623
v 0.6202 0.8039 1.1623
v 0.5931 0.8255 1.1592
v 0.5931 0.8255 1.1592
v 0.5931 0.8255 1.1592
v 0.5931 0.8255 1.1592
v 0.7094 0.8158 1.1634
v 0.7094 0.8158 1.1634
v 0.7094 0.8158 1.1634
v 0.6682 0.9013 1.1550
v 0.6682 0.9013 1.1550
v 0.6682 0.9013 1.1550
v 0.6682 0.9013 1.1550
v 0.6888 0.8585 1.1623
v 0.6888 0.8585 1.1623
v 0.6888 0.8585 1.1623
v 0.6888 0.8585 1.1623
v 0.6737 0.8899 1.1592
v 0.6737 0.8899 1.1592
v 0.6737 0.8899 1.1592
v 0.6737 0.8899 1.1592
v 0.7743 0.7968 -0.2870
v 0.7743 0.7968 -0.2870
v 0.7743 0.7968 -0.2870
v 0.7743 0.9255 -0.2756
v 0.7743 0.9255 -0.2756
v 0.7743 0.9255 -0.2756
v 0.7743 0.9255 -0.2756
v 0.7743 0.8612 -0.2855
v 0.7743 0.8612 -0.2855
v 0.7743 0.8612 -0.2855
v 0.7743 0.8612 -0.2855
v 0.7743 0.9083 -0.2813
v 0.7743 0.9083 -0.2813
v 0.7743 0.9083 -0.2813
v 0.7743 0.9083 -0.2813
v 0.8804 0.9013 -0.2756
v 0.8804 0.9013 -0.2756
v 0.8804 0.9013 -0.2756
v 0.8804 0.9013 -0.2756
v 0.8246 0.7854 -0.2870
v 0.8246 0.7854 -0.2870
v 0.8246 0.7854 -0.2870
v 0.8729 0.8858 -0.2813
v 0.8729 0.8858 -0.2813
v 0.8729 0.8858 -0.2813
v 0.8729 0.8858 -0.2813
v 0.8525 0.8433 -0.2855
v 0.8525 0.8433 -0.2855
v 0.8525 0.8433 -0.2855
v 0.8525 0.8433 -0.2855
v 0.9655 0.8335 -0.2756
v 0.9655 0.8335 -0.2756
v 0.9655 0.8335 -0.2756
v 0.9655 0.8335 -0.2756
v 0.8649 0.7532 -0.2870
v 0.8649 0.7532 -0.2870
v 0.8649 0.7532 -0.2870
v 0.9520 0.8227 -0.2813
v 0.9520 0.8227 -0.2813
v 0.9520 0.8227 -0.2813
v 0.9520 0.8227 -0.2813
v 0.9152 0.7933 -0.2855
v 0.9152 0.7933 -0.2855
v 0.9152 0.7933 -0.2855
v 0.9152 0.7933 -0.2855
v 1.0127 0.7354 -0.2756
v 1.0127 0.7354 -0.2756
v 1.0127 0.7354 -0.2756
v 1.0127 0.7354 -0.2756
v 0.8873 0.7068 -0.2870
v 0.8873 0.7068 -0.2870
v 0.8873 0.7068 -0.2870
v 0.9959 0.7316 -0.2813
v 0.9959 0.7316 -0.2813
v 0.9959 0.7316 -0.2813
v 0.9959 0.7316 -0.2813
v 0.9500 0.7211 -0.2855
v 0.9500 0.7211 -0.2855
v 0.9500 0.7211 -0.2855
v 0.9500 0.7211 -0.2855
v 1.0127 0.6266 -0.2756
v 1.0127 0.6266 -0.2756
v 1.0127 0.6266 -0.2756
v 1.0127 0.6266 -0.2756
v 0.8873 0.6552 -0.2870
v 0.8873 0.6552 -0.2870
v 0.8873 0.6552 -0.2870
v 0.9959 0.6304 -0.2813
v 0.9959 0.6304 -0.2813
v 0.9959 0.6304 -0.2813
v 0.9959 0.6304 -0.2813
v 0.9500 0.6409 -0.2855
v 0.9500 0.6409 -0.2855
v 0.9500 0.6409 -0.2855
v 0.9500 0.6409 -0.2855
v 0.9655 0.5285 -0.2756
v 0.9655 0.5285 -0.2756
v 0.9655 0.5285 -0.2756
v 0.9655 0.5285 -0.2756
v 0.8649 0.6088 -0.2870
v 0.8649 0.6088 -0.2870
v 0.8649 0.6088 -0.2870
v 0.9520 0.5393 -0.2813
v 0.9520 0.5393 -0.2813
v 0.9520 0.5393 -0.2813
v 0.9520 0.5393 -0.2813
v 0.9152 0.5686 -0.2855
v 0.9152 0.5686 -0.2855
v 0.9152 0.5686 -0.2855
v 0.9152 0.5686 -0.2855
v 0.8804 0.4606 -0.2756
v 0.8804 0.4606 -0.2756
v 0.8804 0.4606 -0.2756
v 0.8804 0.4606 -0.2756
v 0.8246 0.5766 -0.2870
v 0.8246 0.5766 -0.2870
v 0.8246 0.5766 -0.2870
v 0.8729 0.4762 -0.2813
v 0.8729 0.4762 -0.2813
v 0.8729 0.4762 -0.2813
v 0.8729 0.4762 -0.2813
v 0.8525 0.5186 -0.2855
v 0.8525 0.5186 -0.2855
v 0.8525 0.5186 -0.2855
v 0.8525 0.5186 -0.2855
v 0.7743 0.4364 -0.2756
v 0.7743 0.4364 -0.2756
v 0.7743 0.4364 -0.2756
v 0.7743 0.4364 -0.2756
v 0.7743 0.5651 -0.2870
v 0.7743 0.5651 -0.2870
v 0.7743 0.5651 -0.2870
v 0.7743 0.4537 -0.2813
v 0.7743 0.4537 -0.2813
v 0.7743 0.4537 -0.2813
v 0.7743 0.4537 -0.2813
v 0.7743 0.5008 -0.2855
v 0.7743 0.5008 -0.2855
v 0.7743 0.5008 -0.2855
v 0.7743 0.5008 -0.2855
v 0.6682 0.4606 -0.2756
v 0.6682 0.4606 -0.2756
v 0.6682 0.4606 -0.2756
v 0.6682 0.4606 -0.2756
v 0.7240 0.5766 -0.2870
v 0.7240 0.5766 -0.2870
v 0.7240 0.5766 -0.2870
v 0.6757 0.4762 -0.2813
v 0.6757 0.4762 -0.2813
v 0.6757 0.4762 -0.2813
v 0.6757 0.4762 -0.2813
v 0.6961 0.5186 -0.2855
v 0.6961 0.5186 -0.2855
v 0.6961 0.5186 -0.2855
v 0.6961 0.5186 -0.2855
v 0.5831 0.5285 -0.2756
v 0.5831 0.5285 -0.2756
v 0.5831 0.5285 -0.2756
v 0.5831 0.5285 -0.2756
v 0.6837 0.6088 -0.2870
v 0.6837 0.6088 -0.2870
v 0.6837 0.6088 -0.2870
v 0.5966 0.5393 -0.2813
v 0.5966 0.5393 -0.2813
v 0.5966 0.5393 -0.2813
v 0.5966 0.5393 -0.2813
v 0.6334 0.5686 -0.2855
v 0.6334 0.5686 -0.2855
v 0.6334 0.5686 -0.2855
v 0.6334 0.5686 -0.2855
v 0.5359 0.6266 -0.2756
v 0.5359 0.6266 -0.2756
v 0.5359 0.6266 -0.2756
v 0.5359 0.6266 -0.2756
v 0.6614 0.6552 -0.2870
v 0.6614 0.6552 -0.2870
v 0.6614 0.6552 -0.2870
v 0.5527 0.6304 -0.2813
v 0.5527 0.6304 -0.2813
v 0.5527 0.6304 -0.2813
v 0.5527 0.6304 -0.2813
v 0.5986 0.6409 -0.2855
v 0.5986 0.6409 -0.2855
v 0.5986 0.6409 -0.2855
v 0.5986 0.6409 -0.2855
v 0.5359 0.7354 -0.2756
v 0.5359 0.7354 -0.2756
v 0.5359 0.7354 -0.2756
v 0.5359 0.7354 -0.2756
v 0.6614 0.7068 -0.2870
v 0.6614 0.7068 -0.2870
v 0.6614 0.7068 -0.2870
v 0.5527 0.7316 -0.2813
v 0.5527 0.7316 -0.2813
v 0.5527 0.7316 -0.2813
v 0.5527 0.7316 -0.2813
v 0.5986 0.7211 -0.2855
v 0.5986 0.7211 -0.2855
v 0.5986 0.7211 -0.2855
v 0.5986 0.7211 -0.2855
v 0.5831 0.8335 -0.2756
v 0.5831 0.8335 -0.2756
v 0.5831 0.8335 -0.2756
v 0.5831 0.8335 -0.2756
v 0.6837 0.7532 -0.2870
v 0.6837 0.7532 -0.2870
v 0.6837 0.7532 -0.2870
v 0.5966 0.8227 -0.2813
v 0.5966 0.8227 -0.2813
v 0.5966 0.8227 -0.2813
v 0.5966 0.8227 -0.2813
v 0.6334 0.7933 -0.2855
v 0.6334 0.7933 -0.2855
v 0.6334 0.7933 -0.2855
v 0.6334 0.7933 -0.2855
v 0.6682 0.9013 -0.2756
v 0.6682 0.9013 -0.2756
v 0.6682 0.9013 -0.2756
v 0.6682 0.9013 -0.2756
v 0.7240 0.7854 -0.2870
v 0.7240 0.7854 -0.2870
v 0.7240 0.7854 -0.2870
v 0.6757 0.8858 -0.2813
v 0.6757 0.8858 -0.2813
v 0.6757 0.8858 -0.2813
v 0.6757 0.8858 -0.2813
v 0.6961 0.8433 -0.2855
v 0.6961 0.8433 -0.2855
v 0.6961 0.8433 -0.2855
v 0.6961 0.8433 -0.2855
v -0.6906 0.9973 1.1838
v -0.6906 0.9973 1.1838
v -0.6906 0.9973 1.1838
v -0.6906 0.9973 2.0191
v -0.6906 0.9973 2.0191
v -0.6906 0.9973 2.0191
v -0.7456 0.9847 1.1838
v -0.7456 0.9847 1.1838
v -0.7456 0.9847 1.1838
v -0.7456 0.9847 2.0191
v -0.7456 0.9847 2.0191
v -0.7456 0.9847 2.0191
v -0.7897 0.9495 1.1838
v -0.7897 0.9495 1.1838
v -0.7897 0.9495 1.1838
v -0.7897 0.9495 2.0191
v -0.7897 0.9495 2.0191
v -0.7897 0.9495 2.0191
v -0.8142 0.8987 1.1838
v -0.8142 0.8987 1.1838
v -0.8142 0.8987 1.1838
v -0.8142 0.8987 2.0191
v -0.8142 0.8987 2.0191
v -0.8142 0.8987 2.0191
v -0.8142 0.8423 1.1838
v -0.8142 0.8423 1.1838
v -0.8142 0.8423 1.1838
v -0.8142 0.8423 2.0191
v -0.8142 0.8423 2.0191
v -0.8142 0.8423 2.0191
v -0.7897 0.7915 1.1838
v -0.7897 0.7915 1.1838
v -0.7897 0.7915 1.1838
v -0.7897 0.7915 2.0191
v -0.7897 0.7915 2.0191
v -0.7897 0.7915 2.0191
v -0.7456 0.7563 1.1838
v -0.7456 0.7563 1.1838
v -0.7456 0.7563 1.1838
v -0.7456 0.7563 2.0191
v -0.7456 0.7563 2.0191
v -0.7456 0.7563 2.0191
v -0.6906 0.7438 1.1838
v -0.6906 0.7438 1.1838
v -0.6906 0.7438 1.1838
v -0.6906 0.7438 2.0191
v -0.6906 0.7438 2.0191
v -0.6906 0.7438 2.0191
v -0.6356 0.7563 1.1838
v -0.6356 0.7563 1.1838
v -0.6356 0.7563 1.1838
v -0.6356 0.7563 2.0191
v -0.6356 0.7563 2.0191
v -0.6356 0.7563 2.0191
v -0.5915 0.7915 1.1838
v -0.5915 0.7915 1.1838
v -0.5915 0.7915 1.1838
v -0.5915 0.7915 2.0191
v -0.5915 0.7915 2.0191
v -0.5915 0.7915 2.0191
v -0.5671 0.8423 1.1838
v -0.5671 0.8423 1.1838
v -0.5671 0.8423 1.1838
v -0.5671 0.8423 2.0191
v -0.5671 0.8423 2.0191
v -0.5671 0.8423 2.0191
v -0.5671 0.8987 1.1838
v -0.5671 0.8987 1.1838
v -0.5671 0.8987 1.1838
v -0.5671 0.8987 2.0191
v -0.5671 0.8987 2.0191
v -0.5671 0.8987 2.0191
v -0.5915 0.9495 1.1838
v -0.5915 0.9495 1.1838
v -0.5915 0.9495 1.1838
v -0.5915 0.9495 2.0191
v -0.5915 0.9495 2.0191
v -0.5915 0.9495 2.0191
v -0.6356 0.9847 1.1838
v -0.6356 0.9847 1.1838
v -0.6356 0.9847 1.1838
v -0.6356 0.9847 2.0191
v -0.6356 0.9847 2.0191
v -0.6356 0.9847 2.0191
v -0.7743 0.8306 1.1634
v -0.7743 0.8306 1.1634
v -0.7743 0.8306 1.1634
v -0.7743 0.9255 1.1550
v -0.7743 0.9255 1.1550
v -0.7743 0.9255 1.1550
v -0.7743 0.9255 1.1550
v -0.7743 0.8781 1.1623
v -0.7743 0.8781 1.1623
v -0.7743 0.8781 1.1623
v -0.7743 0.8781 1.1623
v -0.7743 0.9128 1.1592
v -0.7743 0.9128 1.1592
v -0.7743 0.9128 1.1592
v -0.7743 0.9128 1.1592
v -0.8392 0.8158 1.1634
v -0.8392 0.8158 1.1634
v -0.8392 0.8158 1.1634
v -0.8804 0.9013 1.1550
v -0.8804 0.9013 1.1550
v -0.8804 0.9013 1.1550
v -0.8804 0.9013 1.1550
v -0.8598 0.8585 1.1623
v -0.8598 0.8585 1.1623
v -0.8598 0.8585 1.1623
v -0.8598 0.8585 1.1623
v -0.8749 0.8899 1.1592
v -0.8749 0.8899 1.1592
v -0.8749 0.8899 1.1592
v -0.8749 0.8899 1.1592
v -0.8913 0.7743 1.1634
v -0.8913 0.7743 1.1634
v -0.8913 0.7743 1.1634
v -0.9655 0.8335 1.1550
v -0.9655 0.8335 1.1550
v -0.9655 0.8335 1.1550
v -0.9655 0.8335 1.1550
v -0.9284 0.8039 1.1623
v -0.9284 0.8039 1.1623
v -0.9284 0.8039 1.1623
v -0.9284 0.8039 1.1623
v -0.9556 0.8255 1.1592
v -0.9556 0.8255 1.1592
v -0.9556 0.8255 1.1592
v -0.9556 0.8255 1.1592
v -0.9202 0.7143 1.1634
v -0.9202 0.7143 1.1634
v -0.9202 0.7143 1.1634
v -1.0127 0.7354 1.1550
v -1.0127 0.7354 1.1550
v -1.0127 0.7354 1.1550
v -1.0127 0.7354 1.1550
v -0.9665 0.7248 1.1623
v -0.9665 0.7248 1.1623
v -0.9665 0.7248 1.1623
v -0.9665 0.7248 1.1623
v -1.0003 0.7326 1.1592
v -1.0003 0.7326 1.1592
v -1.0003 0.7326 1.1592
v -1.0003 0.7326 1.1592
v -0.9202 0.6477 1.1634
v -0.9202 0.6477 1.1634
v -0.9202 0.6477 1.1634
v -1.0127 0.6266 1.1550
v -1.0127 0.6266 1.1550
v -1.0127 0.6266 1.1550
v -1.0127 0.6266 1.1550
v -0.9665 0.6371 1.1623
v -0.9665 0.6371 1.1623
v -0.9665 0.6371 1.1623
v -0.9665 0.6371 1.1623
v -1.0003 0.6294 1.1592
v -1.0003 0.6294 1.1592
v -1.0003 0.6294 1.1592
v -1.0003 0.6294 1.1592
v -0.8913 0.5877 1.1634
v -0.8913 0.5877 1.1634
v -0.8913 0.5877 1.1634
v -0.9655 0.5285 1.1550
v -0.9655 0.5285 1.1550
v -0.9655 0.5285 1.1550
v -0.9655 0.5285 1.1550
v -0.9284 0.5581 1.1623
v -0.9284 0.5581 1.1623
v -0.9284 0.5581 1.1623
v -0.9284 0.5581 1.1623
v -0.9556 0.5364 1.1592
v -0.9556 0.5364 1.1592
v -0.9556 0.5364 1.1592
v -0.9556 0.5364 1.1592
v -0.8392 0.5462 1.1634
v -0.8392 0.5462 1.1634
v -0.8392 0.5462 1.1634
v -0.8804 0.4606 1.1550
v -0.8804 0.4606 1.1550
v -0.8804 0.4606 1.1550
v -0.8804 0.4606 1.1550
v -0.8598 0.5034 1.1623
v -0.8598 0.5034 1.1623
v -0.8598 0.5034 1.1623
v -0.8598 0.5034 1.1623
v -0.8749 0.4721 1.1592
v -0.8749 0.4721 1.1592
v -0.8749 0.4721 1.1592
v -0.8749 0.4721 1.1592
v -0.7743 0.5314 1.1634
v -0.7743 0.5314 1.1634
v -0.7743 0.5314 1.1634
v -0.7743 0.4364 1.1550
v -0.7743 0.4364 1.1550
v -0.7743 0.4364 1.1550
v -0.7743 0.4364 1.1550
v -0.7743 0.4839 1.1623
v -0.7743 0.4839 1.1623
v -0.7743 0.4839 1.1623
v -0.7743 0.4839 1.1623
v -0.7743 0.4491 1.1592
v -0.7743 0.4491 1.1592
v -0.7743 0.4491 1.1592
v -0.7743 0.4491 1.1592
v -0.7094 0.5462 1.1634
v -0.7094 0.5462 1.1634
v -0.7094 0.5462 1.1634
v -0.6682 0.4606 1.1550
v -0.6682 0.4606 1.1550
v -0.6682 0.4606 1.1550
v -0.6682 0.4606 1.1550
v -0.6888 0.5034 1.1623
v -0.6888 0.5034 1.1623
v -0.6888 0.5034 1.1623
v -0.6888 0.5034 1.1623
v -0.6737 0.4721 1.1592
v -0.6737 0.4721 1.1592
v -0.6737 0.4721 1.1592
v -0.6737 0.4721 1.1592
v -0.6573 0.5877 1.1634
v -0.6573 0.5877 1.1634
v -0.6573 0.5877 1.1634
v -0.5831 0.5285 1.1550
v -0.5831 0.5285 1.1550
v -0.5831 0.5285 1.1550
v -0.5831 0.5285 1.1550
v -0.6202 0.5581 1.1623
v -0.6202 0.5581 1.1623
v -0.6202 0.5581 1.1623
v -0.6202 0.5581 1.1623
v -0.5931 0.5364 1.1592
v -0.5931 0.5364 1.1592
v -0.5931 0.5364 1.1592
v -0.5931 0.5364 1.1592
v -0.6285 0.6477 1.1634
v -0.6285 0.6477 1.1634
v -0.6285 0.6477 1.1634
v -0.5359 0.6266 1.1550
v -0.5359 0.6266 1.1550
v -0.5359 0.6266 1.1550
v -0.5359 0.6266 1.1550
v -0.5822 0.6371 1.1623
v -0.5822 0.6371 1.1623
v -0.5822 0.6371 1.1623
v -0.5822 0.6371 1.1623
v -0.5483 0.6294 1.1592
v -0.5483 0.6294 1.1592
v -0.5483 0.6294 1.1592
v -0.5483 0.6294 1.1592
v -0.6285 0.7143 1.1634
v -0.6285 0.7143 1.1634
v -0.6285 0.7143 1.1634
v -0.5359 0.7354 1.1550
v -0.5359 0.7354 1.1550
v -0.5359 0.7354 1.1550
v -0.5359 0.7354 1.1550
v -0.5822 0.7248 1.1623
v -0.5822 0.7248 1.1623
v -0.5822 0.7248 1.1623
v -0.5822 0.7248 1.1623
v -0.5483 0.7326 1.1592
v -0.5483 0.7326 1.1592
v -0.5483 0.7326 1.1592
v -0.5483 0.7326 1.1592
v -0.6573 0.7743 1.1634
v -0.6573 0.7743 1.1634
v -0.6573 0.7743 1.1634
v -0.5831 0.8335 1.1550
v -0.5831 0.8335 1.1550
v -0.5831 0.8335 1.1550
v -0.5831 0.8335 1.1550
v -0.6202 0.8039 1.1623
v -0.6202 0.8039 1.1623
v -0.6202 0.8039 1.1623
v -0.6202 0.8039 1.1623
v -0.5931 0.8255 1.1592
v -0.5931 0.8255 1.1592
v -0.5931 0.8255 1.1592
v -0.5931 0.8255 1.1592
v -0.7094 0.8158 1.1634
v -0.7094 0.8158 1.1634
v -0.7094 0.8158 1.1634
v -0.6682 0.9013 1.1550
v -0.6682 0.9013 1.1550
v -0.6682 0.9013 1.1550
v -0.6682 0.9013 1.1550
v -0.6888 0.8585 1.1623
v -0.6888 0.8585 1.1623
v -0.6888 0.8585 1.1623
v -0.6888 0.8585 1.1623
v -0.6737 0.8899 1.1592
v -0.6737 0.8899 1.1592
v -0.6737 0.8899 1.1592
v -0.6737 0.8899 1.1592
v -0.7743 0.7968 -0.2870
v -0.7743 0.7968 -0.2870
v -0.7743 0.7968 -0.2870
v -0.7743 0.9255 -0.2756
v -0.7743 0.9255 -0.2756
v -0.7743 0.9255 -0.2756
v -0.7743 0.9255 -0.2756
v -0.7743 0.8612 -0.2855
v -0.7743 0.8612 -0.2855
v -0.7743 0.8612 -0.2855
v -0.7743 0.8612 -0.2855
v -0.7743 0.9083 -0.2813
v -0.7743 0.9083 -0.2813
v -0.7743 0.9083 -0.2813
v -0.7743 0.9083 -0.2813
v -0.8804 0.9013 -0.2756
v -0.8804 0.9013 -0.2756
v -0.8804 0.9013 -0.2756
v -0.8804 0.9013 -0.2756
v -0.8246 0.7854 -0.2870
v -0.8246 0.7854 -0.2870
v -0.8246 0.7854 -0.2870
v -0.8729 0.8858 -0.2813
v -0.8729 0.8858 -0.2813
v -0.8729 0.8858 -0.2813
v -0.8729 0.8858 -0.2813
v -0.8525 0.8433 -0.2855
v -0.8525 0.8433 -0.2855
v -0.8525 0.8433 -0.2855
v -0.8525 0.8433 -0.2855
v -0.9655 0.8335 -0.2756
v -0.9655 0.8335 -0.2756
v -0.9655 0.8335 -0.2756
v -0.9655 0.8335 -0.2756
v -0.8649 0.7532 -0.2870
v -0.8649 0.7532 -0.2870
v -0.8649 0.7532 -0.2870
v -0.9520 0.8227 -0.2813
v -0.9520 0.8227 -0.2813
v -0.9520 0.8227 -0.2813
v -0.9520 0.8227 -0.2813
v -0.9152 0.7933 -0.2855
v -0.9152 0.7933 -0.2855
v -0.9152 0.7933 -0.2855
v -0.9152 0.7933 -0.2855
v -1.0127 0.7354 -0.2756
v -1.0127 0.7354 -0.2756
v -1.0127 0.7354 -0.2756
v -1.0127 0.7354 -0.2756
v -0.8873 0.7068 -0.2870
v -0.8873 0.7068 -0.2870
v -0.8873 0.7068 -0.2870
v -0.9959 0.7316 -0.2813
v -0.9959 0.7316 -0.2813
v -0.9959 0.7316 -0.2813
v -0.9959 0.7316 -0.2813
v -0.9500 0.7211 -0.2855
v -0.9500 0.7211 -0.2855
v -0.9500 0.7211 -0.2855
v -0.9500 0.7211 -0.2855
v -1.0127 0.6266 -0.2756
v -1.0127 0.6266 -0.2756
v -1.0127 0.6266 -0.2756
v -1.0127 0.6266 -0.2756
v -0.8873 0.6552 -0.2870
v -0.8873 0.6552 -0.2870
v -0.8873 0.6552 -0.2870
v -0.9959 0.6304 -0.2813
v -0.9959 0.6304 -0.2813
v -0.9959 0.6304 -0.2813
v -0.9959 0.6304 -0.2813
v -0.9500 0.6409 -0.2855
v -0.9500 0.6409 -0.2855
v -0.9500 0.6409 -0.2855
v -0.9500 0.6409 -0.2855
v -0.9655 0.5285 -0.2756
v -0.9655 0.5285 -0.2756
v -0.9655 0.5285 -0.2756
v -0.9655 0.5285 -0.2756
v -0.8649 0.6088 -0.2870
v -0.8649 0.6088 -0.2870
v -0.8649 0.6088 -0.2870
v -0.9520 0.5393 -0.2813
v -0.9520 0.5393 -0.2813
v -0.9520 0.5393 -0.2813
v -0.9520 0.5393 -0.2813
v -0.9152 0.5686 -0.2855
v -0.9152 0.5686 -0.2855
v -0.9152 0.5686 -0.2855
v -0.9152 0.5686 -0.2855
v -0.8804 0.4606 -0.2756
v -0.8804 0.4606 -0.2756
v -0.8804 0.4606 -0.2756
v -0.8804 0.4606 -0.2756
v -0.8246 0.5766 -0.2870
v -0.8246 0.5766 -0.2870
v -0.8246 0.5766 -0.2870
v -0.8729 0.4762 -0.2813
v -0.8729 0.4762 -0.2813
v -0.8729 0.4762 -0.2813
v -0.8729 0.4762 -0.2813
v -0.8525 0.5186 -0.2855
v -0.8525 0.5186 -0.2855
v -0.8525 0.5186 -0.2855
v -0.8525 0.5186 -0.2855
v -0.7743 0.4364 -0.2756
v -0.7743 0.4364 -0.2756
v -0.7743 0.4364 -0.2756
v -0.7743 0.4364 -0.2756
v -0.7743 0.5651 -0.2870
v -0.7743 0.5651 -0.2870
v -0.7743 0.5651 -0.2870
v -0.7743 0.4537 -0.2813
v -0.7743 0.4537 -0.2813
v -0.7743 0.4537 -0.2813
v -0.7743 0.4537 -0.2813
v -0.7743 0.5008 -0.2855
v -0.7743 0.5008 -0.2855
v -0.7743 0.5008 -0.2855
v -0.7743 0.5008 -0.2855
v -0.6682 0.4606 -0.2756
v -0.6682 0.4606 -0.2756
v -0.6682 0.4606 -0.2756
v -0.6682 0.4606 -0.2756
v -0.7240 0.5766 -0.2870
v -0.7240 0.5766 -0.2870
v -0.7240 0.5766 -0.2870
v -0.6757 0.4762 -0.2813
v -0.6757 0.4762 -0.2813
v -0.6757 0.4762 -0.2813
v -0.6757 0.4762 -0.2813
v -0.6961 0.5186 -0.2855
v -0.6961 0.5186 -0.2855
v -0.6961 0.5186 -0.2855
v -0.6961 0.5186 -0.2855
v -0.5831 0.5285 -0.2756
v -0.5831 0.5285 -0.2756
v -0.5831 0.5285 -0.2756
v -0.5831 0.5285 -0.2756
v -0.6837 0.6088 -0.2870
v -0.6837 0.6088 -0.2870
v -0.6837 0.6088 -0.2870
v -0.5966 0.5393 -0.2813
v -0.5966 0.5393 -0.2813
v -0.5966 0.5393 -0.2813
v -0.5966 0.5393 -0.2813
v -0.6334 0.5686 -0.2855
v -0.6334 0.5686 -0.2855
v -0.6334 0.5686 -0.2855
v -0.6334 0.5686 -0.2855
v -0.5359 0.6266 -0.2756
v -0.5359 0.6266 -0.2756
v -0.5359 0.6266 -0.2756
v -0.5359 0.6266 -0.2756
v -0.6614 0.6552 -0.2870
v -0.6614 0.6552 -0.2870
v -0.6614 0.6552 -0.2870
v -0.5527 0.6304 -0.2813
v -0.5527 0.6304 -0.2813
v -0.5527 0.6304 -0.2813
v -0.5527 0.6304 -0.2813
v -0.5986 0.6409 -0.2855
v -0.5986 0.6409 -0.2855
v -0.5986 0.6409 -0.2855
v -0.5986 0.6409 -0.2855
v -0.5359 0.7354 -0.2756
v -0.5359 0.7354 -0.2756
v -0.5359 0.7354 -0.2756
v -0.5359 0.7354 -0.2756
v -0.6614 0.7068 -0.2870
v -0.6614 0.7068 -0.2870
v -0.6614 0.7068 -0.2870
v -0.5527 0.7316 -0.2813
v -0.5527 0.7316 -0.2813
v -0.5527 0.7316 -0.2813
v -0.5527 0.7316 -0.2813
v -0.5986 0.7211 -0.2855
v -0.5986 0.7211 -0.2855
v -0.5986 0.7211 -0.2855
v -0.5986 0.7211 -0.2855
v -0.5831 0.8335 -0.2756
v -0.5831 0.8335 -0.2756
v -0.5831 0.8335 -0.2756
v -0.5831 0.8335 -0.2756
v -0.6837 0.7532 -0.2870
v -0.6837 0.7532 -0.2870
v -0.6837 0.7532 -0.2870
v -0.5966 0.8227 -0.2813
v -0.5966 0.8227 -0.2813
v -0.5966 0.8227 -0.2813
v -0.5966 0.8227 -0.2813
v -0.6334 0.7933 -0.2855
v -0.6334 0.7933 -0.2855
v -0.6334 0.7933 -0.2855
v -0.6334 0.7933 -0.2855
v -0.6682 0.9013 -0.2756
v -0.6682 0.9013 -0.2756
v -0.6682 0.9013 -0.2756
v -0.6682 0.9013 -0.2756
v -0.7240 0.7854 -0.2870
v -0.7240 0.7854 -0.2870
v -0.7240 0.7854 -0.2870
v -0.6757 0.8858 -0.2813
v -0.6757 0.8858 -0.2813
v -0.6757 0.8858 -0.2813
v -0.6757 0.8858 -0.2813
v -0.6961 0.8433 -0.2855
v -0.6961 0.8433 -0.2855
v -0.6961 0.8433 -0.2855
v -0.6961 0.8433 -0.2855
v -0.3845 0.9259 -0.4755
v -0.3845 0.9567 -0.4755
v -0.3845 0.9567 -1.5065
v -0.3845 0.9259 -1.5065
v -0.3845 0.9259 -1.5065
v -0.3845 0.9567 -1.5065
v 0.3845 0.9567 -1.5065
v 0.3845 0.9259 -1.5065
v 0.3845 0.9259 -1.5065
v 0.3845 0.9567 -1.5065
v 0.3845 0.9567 -0.4755
v 0.3845 0.9259 -0.4755
v 0.3845 0.9259 -0.4755
v 0.3845 0.9567 -0.4755
v -0.3845 0.9567 -0.4755
v -0.3845 0.9259 -0.4755
v -0.3845 0.9259 -1.5065
v 0.3845 0.9259 -1.5065
v 0.3845 0.9259 -0.4755
v -0.3845 0.9259 -0.4755
v 0.3845 0.9567 -1.5065
v -0.3845 0.9567 -1.5065
v -0.3845 0.9567 -0.4755
v 0.3845 0.9567 -0.4755
v -0.3622 0.9259 -1.7634
v -0.3622 0.9567 -1.7634
v -0.3622 0.9567 -2.5225
v -0.3622 0.9259 -2.5225
v -0.3622 0.9259 -2.5225
v -0.3622 0.9567 -2.5225
v 0.3622 0.9567 -2.5225
v 0.3622 0.9259 -2.5225
v 0.3622 0.9259 -2.5225
v 0.3622 0.9567 -2.5225
v 0.3622 0.9567 -1.7634
v 0.3622 0.9259 -1.7634
v 0.3622 0.9259 -1.7634
v 0.3622 0.9567 -1.7634
v -0.3622 0.9567 -1.7634
v -0.3622 0.9259 -1.7634
v -0.3622 0.9259 -2.5225
v 0.3622 0.9259 -2.5225
v 0.3622 0.9259 -1.7634
v -0.3622 0.9259 -1.7634
v 0.3622 0.9567 -2.5225
v -0.3622 0.9567 -2.5225
v -0.3622 0.9567 -1.7634
v 0.3622 0.9567 -1.7634
v 0.5021 2.3022 1.5449
v 0.5021 2.3442 1.5449
v 0.5021 2.3442 1.5287
v 0.5021 2.3022 1.5287
v 0.6934 2.3136 1.5287
v 0.6705 2.3442 1.5287
v 0.7547 2.3442 1.5287
v 0.7547 2.3022 1.5287
v 0.7547 2.3022 1.5287
v 0.7547 2.3442 1.5287
v 0.7547 2.3442 1.5449
v 0.7547 2.3022 1.5449
v 0.5065 2.2615 1.5449
v 0.5065 2.2221 1.5449
v 0.5065 2.2221 1.5396
v 0.5065 2.2615 1.5396
v 0.6705 2.2180 1.5287
v 0.7547 2.2180 1.5287
v 0.7547 2.2180 1.5449
v 0.6705 2.2180 1.5449
v 0.5863 2.3442 1.5287
v 0.5021 2.3442 1.5287
v 0.5021 2.3442 1.5449
v 0.5863 2.3442 1.5449
v 0.5065 2.3008 1.5449
v 0.5065 2.3401 1.5449
v 0.5021 2.3442 1.5449
v 0.5021 2.3022 1.5449
v 0.7503 2.2615 1.5449
v 0.7503 2.2221 1.5449
v 0.7547 2.2180 1.5449
v 0.7547 2.2601 1.5449
v 0.5878 2.2221 1.5449
v 0.5065 2.2221 1.5449
v 0.5021 2.2180 1.5449
v 0.5863 2.2180 1.5449
v 0.6690 2.3401 1.5449
v 0.7503 2.3401 1.5449
v 0.7547 2.3442 1.5449
v 0.6705 2.3442 1.5449
v 0.5823 2.2687 1.5396
v 0.5901 2.2501 1.5396
v 0.5901 2.2501 1.5290
v 0.5823 2.2687 1.5290
v 0.5878 2.3401 1.5449
v 0.5065 2.3401 1.5449
v 0.5065 2.3401 1.5396
v 0.5878 2.3401 1.5396
v 0.7503 2.3008 1.5449
v 0.7503 2.3401 1.5449
v 0.7503 2.3401 1.5396
v 0.7503 2.3008 1.5396
v 0.6690 2.2221 1.5449
v 0.7503 2.2221 1.5449
v 0.7503 2.2221 1.5396
v 0.6690 2.2221 1.5396
v 0.5823 2.2936 1.5396
v 0.5901 2.3121 1.5396
v 0.5065 2.3401 1.5396
v 0.5065 2.3008 1.5396
v 0.6745 2.2687 1.5396
v 0.6667 2.2501 1.5396
v 0.7503 2.2221 1.5396
v 0.7503 2.2615 1.5396
v 0.6126 2.2427 1.5396
v 0.5901 2.2501 1.5396
v 0.5065 2.2221 1.5396
v 0.5878 2.2221 1.5396
v 0.6442 2.3195 1.5396
v 0.6667 2.3121 1.5396
v 0.7503 2.3401 1.5396
v 0.6690 2.3401 1.5396
v 0.6745 2.2936 1.5396
v 0.7503 2.3008 1.5396
v 0.6745 2.2687 1.5396
v 0.7503 2.2615 1.5396
v 0.5823 2.2687 1.5396
v 0.5065 2.2615 1.5396
v 0.7503 2.2221 1.5449
v 0.7503 2.2615 1.5449
v 0.7503 2.2615 1.5396
v 0.7503 2.2221 1.5396
v 0.5901 2.3121 1.5396
v 0.5823 2.2936 1.5396
v 0.5823 2.2936 1.5290
v 0.5901 2.3121 1.5290
v 0.6745 2.2687 1.5396
v 0.6745 2.2936 1.5396
v 0.6745 2.2936 1.5290
v 0.6745 2.2687 1.5290
v 0.7503 2.3008 1.5449
v 0.7547 2.3022 1.5449
v 0.5065 2.2615 1.5449
v 0.5021 2.2601 1.5449
v 0.5065 2.3401 1.5449
v 0.5065 2.3008 1.5449
v 0.5065 2.3008 1.5396
v 0.5065 2.3401 1.5396
v 0.7547 2.2180 1.5287
v 0.7547 2.2601 1.5287
v 0.7547 2.2601 1.5449
v 0.7547 2.2180 1.5449
v 0.6705 2.2180 1.5287
v 0.6934 2.2486 1.5287
v 0.7547 2.2601 1.5287
v 0.7547 2.2180 1.5287
v 0.6934 2.2486 1.5287
v 0.7547 2.2601 1.5287
v 0.5021 2.2180 1.5449
v 0.5021 2.2601 1.5449
v 0.5021 2.2601 1.5287
v 0.5021 2.2180 1.5287
v 0.5021 2.2601 1.5287
v 0.5021 2.3022 1.5287
v 0.5634 2.3136 1.5287
v 0.5634 2.2486 1.5287
v 0.6934 2.3136 1.5287
v 0.6934 2.2486 1.5287
v 0.6480 2.2713 1.3497
v 0.6480 2.2909 1.3497
v 0.5021 2.2180 1.5287
v 0.5021 2.2601 1.5287
v 0.5634 2.2486 1.5287
v 0.5863 2.2180 1.5287
v 0.5863 2.2180 1.5287
v 0.5634 2.2486 1.5287
v 0.6934 2.2486 1.5287
v 0.6705 2.2180 1.5287
v 0.6126 2.3195 1.5396
v 0.5901 2.3121 1.5396
v 0.5901 2.3121 1.5290
v 0.6126 2.3195 1.5290
v 0.5901 2.2501 1.5396
v 0.6126 2.2427 1.5396
v 0.6126 2.2427 1.5290
v 0.5901 2.2501 1.5290
v 0.6442 2.3195 1.5396
v 0.6126 2.3195 1.5396
v 0.6126 2.3195 1.5290
v 0.6442 2.3195 1.5290
v 0.6745 2.2936 1.5396
v 0.6667 2.3121 1.5396
v 0.6667 2.3121 1.5290
v 0.6745 2.2936 1.5290
v 0.6126 2.3195 1.5396
v 0.5878 2.3401 1.5396
v 0.6126 2.3195 1.5396
v 0.6442 2.3195 1.5396
v 0.6690 2.3401 1.5396
v 0.5878 2.3401 1.5396
v 0.6667 2.2501 1.5396
v 0.6442 2.2427 1.5396
v 0.6690 2.2221 1.5396
v 0.7503 2.2221 1.5396
v 0.6442 2.2427 1.5396
v 0.6126 2.2427 1.5396
v 0.5878 2.2221 1.5396
v 0.6690 2.2221 1.5396
v 0.5065 2.2221 1.5449
v 0.5878 2.2221 1.5449
v 0.5878 2.2221 1.5396
v 0.5065 2.2221 1.5396
v 0.7503 2.3401 1.5449
v 0.6690 2.3401 1.5449
v 0.6690 2.3401 1.5396
v 0.7503 2.3401 1.5396
v 0.6442 2.2427 1.5396
v 0.6667 2.2501 1.5396
v 0.6667 2.2501 1.5290
v 0.6442 2.2427 1.5290
v 0.6667 2.3121 1.5396
v 0.6442 2.3195 1.5396
v 0.6442 2.3195 1.5290
v 0.6667 2.3121 1.5290
v 0.5878 2.3401 1.5449
v 0.5863 2.3442 1.5449
v 0.6690 2.2221 1.5449
v 0.6705 2.2180 1.5449
v 0.7547 2.3442 1.5287
v 0.6705 2.3442 1.5287
v 0.6705 2.3442 1.5449
v 0.7547 2.3442 1.5449
v 0.5021 2.2180 1.5287
v 0.5863 2.2180 1.5287
v 0.5863 2.2180 1.5449
v 0.5021 2.2180 1.5449
v 0.5021 2.3022 1.5287
v 0.5021 2.3442 1.5287
v 0.5863 2.3442 1.5287
v 0.5634 2.3136 1.5287
v 0.5634 2.3136 1.5287
v 0.5863 2.3442 1.5287
v 0.6705 2.3442 1.5287
v 0.6934 2.3136 1.5287
v 0.5991 2.3048 1.5290
v 0.6126 2.3195 1.5290
v 0.5901 2.3121 1.5290
v 0.5823 2.2936 1.5290
v 0.6126 2.2427 1.5290
v 0.5991 2.2574 1.5290
v 0.5823 2.2687 1.5290
v 0.5901 2.2501 1.5290
v 0.5991 2.2574 1.5290
v 0.5991 2.3048 1.5290
v 0.5823 2.2936 1.5290
v 0.5823 2.2687 1.5290
v 0.6745 2.2687 1.5290
v 0.6745 2.2936 1.5290
v 0.6577 2.3048 1.5290
v 0.6577 2.2574 1.5290
v 0.6577 2.2574 1.5290
v 0.6577 2.3048 1.5290
v 0.5991 2.3048 1.5290
v 0.5991 2.2574 1.5290
v 0.6667 2.2501 1.5290
v 0.6745 2.2687 1.5290
v 0.6577 2.2574 1.5290
v 0.6442 2.2427 1.5290
v 0.6442 2.2427 1.5290
v 0.6577 2.2574 1.5290
v 0.5991 2.2574 1.5290
v 0.6126 2.2427 1.5290
v 0.6745 2.2936 1.5290
v 0.6667 2.3121 1.5290
v 0.6442 2.3195 1.5290
v 0.6577 2.3048 1.5290
v 0.6577 2.3048 1.5290
v 0.6442 2.3195 1.5290
v 0.6126 2.3195 1.5290
v 0.6126 2.2427 1.5396
v 0.6442 2.2427 1.5396
v 0.6442 2.2427 1.5290
v 0.6126 2.2427 1.5290
v 0.6667 2.2501 1.5396
v 0.6745 2.2687 1.5396
v 0.6745 2.2687 1.5290
v 0.6667 2.2501 1.5290
v 0.5823 2.2936 1.5396
v 0.5823 2.2687 1.5396
v 0.5823 2.2687 1.5290
v 0.5823 2.2936 1.5290
v 0.6088 2.2713 1.3497
v 0.6088 2.2909 1.3497
v 0.6238 2.2852 1.2435
v 0.6238 2.2770 1.2435
v 0.5634 2.3136 1.5287
v 0.6934 2.3136 1.5287
v 0.6480 2.2909 1.3497
v 0.6088 2.2909 1.3497
v 0.6934 2.2486 1.5287
v 0.5634 2.2486 1.5287
v 0.6088 2.2713 1.3497
v 0.6480 2.2713 1.3497
v 0.5634 2.2486 1.5287
v 0.5634 2.3136 1.5287
v 0.6088 2.2909 1.3497
v 0.6088 2.2713 1.3497
v 0.6238 2.2770 1.2435
v 0.6238 2.2852 1.2435
v 0.6129 2.2949 1.2435
v 0.6129 2.2673 1.2435
v 0.6480 2.2713 1.3497
v 0.6088 2.2713 1.3497
v 0.6238 2.2770 1.2435
v 0.6331 2.2770 1.2435
v 0.6480 2.2909 1.3497
v 0.6480 2.2713 1.3497
v 0.6331 2.2770 1.2435
v 0.6331 2.2852 1.2435
v 0.6088 2.2909 1.3497
v 0.6480 2.2909 1.3497
v 0.6331 2.2852 1.2435
v 0.6238 2.2852 1.2435
v 0.6439 2.2949 1.2435
v 0.6439 2.2673 1.2435
v 0.6439 2.2673 1.2145
v 0.6439 2.2949 1.2145
v 0.6331 2.2770 1.2435
v 0.6238 2.2770 1.2435
v 0.6129 2.2673 1.2435
v 0.6439 2.2673 1.2435
v 0.6331 2.2852 1.2435
v 0.6331 2.2770 1.2435
v 0.6439 2.2673 1.2435
v 0.6439 2.2949 1.2435
v 0.6238 2.2852 1.2435
v 0.6331 2.2852 1.2435
v 0.6439 2.2949 1.2435
v 0.6129 2.2949 1.2435
v 0.6129 2.2673 1.2145
v 0.6129 2.2949 1.2145
v 0.6439 2.2949 1.2145
v 0.6439 2.2673 1.2145
v 0.6129 2.2949 1.2435
v 0.6439 2.2949 1.2435
v 0.6439 2.2949 1.2145
v 0.6129 2.2949 1.2145
v 0.6129 2.2673 1.2435
v 0.6129 2.2949 1.2435
v 0.6129 2.2949 1.2145
v 0.6129 2.2673 1.2145
v 0.6270 2.2673 1.2424
v 0.6298 2.2673 1.2424
v 0.6298 2.2255 1.2424
v 0.6270 2.2255 1.2424
v 0.6298 2.2673 1.2424
v 0.6270 2.2673 1.2424
v 0.6439 2.2673 1.2435
v 0.6129 2.2673 1.2435
v 0.6270 2.2673 1.2156
v 0.6298 2.2673 1.2156
v 0.6129 2.2673 1.2145
v 0.6439 2.2673 1.2145
v 0.6270 2.2255 1.2424
v 0.6298 2.2255 1.2424
v 0.6298 2.2255 1.2156
v 0.6270 2.2255 1.2156
v 0.6298 2.2673 1.2424
v 0.6298 2.2673 1.2156
v 0.6298 2.2255 1.2156
v 0.6298 2.2255 1.2424
v 0.6298 2.2673 1.2156
v 0.6270 2.2673 1.2156
v 0.6270 2.2255 1.2156
v 0.6298 2.2255 1.2156
v 0.6270 2.2673 1.2156
v 0.6270 2.2673 1.2424
v 0.6270 2.2255 1.2424
v 0.6270 2.2255 1.2156
v 0.4285 0.5715 2.0239
v 0.4285 0.7291 2.0239
v 0.4285 0.7291 1.1894
v 0.4285 0.5715 1.1894
v 0.4285 0.5715 1.1894
v 0.4285 0.7291 1.1894
v 0.8105 0.7291 1.1894
v 0.8105 0.5715 1.1894
v 0.8105 0.5715 1.1894
v 0.8105 0.7291 1.1894
v 0.8105 0.7291 2.0239
v 0.8105 0.5715 2.0239
v 0.8105 0.5715 2.0239
v 0.8105 0.7291 2.0239
v 0.4285 0.7291 2.0239
v 0.4285 0.5715 2.0239
v 0.4285 0.4781 1.1894
v 0.8105 0.4781 1.1894
v 0.8105 0.4781 2.0239
v 0.4285 0.4781 2.0239
v 0.8105 0.7291 1.1894
v 0.4285 0.7291 1.1894
v 0.4285 0.7291 2.0239
v 0.8105 0.7291 2.0239
v 0.8105 0.4781 2.0239
v 0.4285 0.4781 2.0239
v 0.8105 0.4781 1.1894
v 0.9779 0.5715 1.1894
v 0.9779 0.4781 1.1894
v 0.4285 0.4781 1.1894
v 0.4285 0.4781 2.0239
v 0.4285 0.5715 2.0239
v 0.4285 0.5715 1.1894
v 0.4285 0.4781 1.1894
v 0.9779 0.4781 1.1894
v 0.9779 0.5715 1.1894
v 0.9779 0.5715 2.0239
v 0.9779 0.4781 2.0239
v 0.8105 0.5715 1.1894
v 0.8105 0.5715 2.0239
v 0.9779 0.5715 2.0239
v 0.9779 0.5715 1.1894
v 0.9779 0.4781 2.0239
v 0.9779 0.5715 2.0239
v 0.8105 0.4781 2.0239
v 0.8105 0.4781 1.1894
v 0.9779 0.4781 1.1894
v 0.9779 0.4781 2.0239
v 0.6388 1.0800 1.0511
v 0.7542 1.0800 1.0511
v 0.7542 1.0550 1.0568
v 0.6388 1.0550 1.0568
v 0.6388 1.0550 1.0568
v 0.7542 1.0550 1.0568
v 0.7542 1.0349 1.0728
v 0.6388 1.0349 1.0728
v 0.6388 1.0349 1.0728
v 0.7542 1.0349 1.0728
v 0.7542 1.0238 1.0959
v 0.6388 1.0238 1.0959
v 0.6388 1.0238 1.0959
v 0.7542 1.0238 1.0959
v 0.7542 1.0238 1.1216
v 0.6388 1.0238 1.1216
v 0.6388 1.0238 1.1216
v 0.7542 1.0238 1.1216
v 0.7542 1.0349 1.1447
v 0.6388 1.0349 1.1447
v 0.6388 1.0349 1.1447
v 0.7542 1.0349 1.1447
v 0.7542 1.0550 1.1607
v 0.6388 1.0550 1.1607
v 0.6388 1.0550 1.1607
v 0.7542 1.0550 1.1607
v 0.7542 1.0800 1.1664
v 0.6388 1.0800 1.1664
v 0.6388 1.0800 1.1664
v 0.7542 1.0800 1.1664
v 0.7542 1.1050 1.1607
v 0.6388 1.1050 1.1607
v 0.6388 1.1050 1.1607
v 0.7542 1.1050 1.1607
v 0.7542 1.1251 1.1447
v 0.6388 1.1251 1.1447
v 0.6388 1.1251 1.1447
v 0.7542 1.1251 1.1447
v 0.7542 1.1362 1.1216
v 0.6388 1.1362 1.1216
v 0.6388 1.1362 1.1216
v 0.7542 1.1362 1.1216
v 0.7542 1.1362 1.0959
v 0.6388 1.1362 1.0959
v 0.6388 1.1362 1.0959
v 0.7542 1.1362 1.0959
v 0.7542 1.1251 1.0728
v 0.6388 1.1251 1.0728
v 0.7542 1.0349 1.1447
v 0.7542 1.0238 1.1216
v 0.8924 1.1148 1.1216
v 0.8829 1.1207 1.1447
v 0.6388 1.1251 1.0728
v 0.7542 1.1251 1.0728
v 0.7542 1.1050 1.0568
v 0.6388 1.1050 1.0568
v 0.6388 1.1050 1.0568
v 0.7542 1.1050 1.0568
v 0.7542 1.0800 1.0511
v 0.6388 1.0800 1.0511
v 0.6388 1.0238 1.0959
v 0.6388 1.0238 1.1216
v 0.0000 1.0238 1.1216
v 0.0000 1.0238 1.0959
v 0.7970 1.1744 1.1216
v 0.8064 1.1685 1.1447
v 0.8541 1.2513 1.1447
v 0.8431 1.2528 1.1216
v 0.7542 1.1362 1.1216
v 0.7542 1.1251 1.1447
v 0.8064 1.1685 1.1447
v 0.7970 1.1744 1.1216
v 0.7542 1.0238 1.0959
v 0.7542 1.0349 1.0728
v 0.8829 1.1207 1.0728
v 0.8924 1.1148 1.0959
v 0.7542 1.1050 1.1607
v 0.7542 1.0800 1.1664
v 0.8447 1.1446 1.1664
v 0.8235 1.1578 1.1607
v 0.7542 1.0550 1.0568
v 0.7542 1.0800 1.0511
v 0.8447 1.1446 1.0511
v 0.8659 1.1313 1.0568
v 0.7542 1.1050 1.0568
v 0.7542 1.1251 1.0728
v 0.8064 1.1685 1.0728
v 0.8235 1.1578 1.0568
v 0.7542 1.0550 1.1607
v 0.7542 1.0349 1.1447
v 0.8829 1.1207 1.1447
v 0.8659 1.1313 1.1607
v 0.7542 1.1362 1.0959
v 0.7542 1.1362 1.1216
v 0.7970 1.1744 1.1216
v 0.7970 1.1744 1.0959
v 0.7542 1.0238 1.1216
v 0.7542 1.0238 1.0959
v 0.8924 1.1148 1.0959
v 0.8924 1.1148 1.1216
v 0.7542 1.1251 1.1447
v 0.7542 1.1050 1.1607
v 0.8235 1.1578 1.1607
v 0.8064 1.1685 1.1447
v 0.7542 1.0800 1.0511
v 0.7542 1.1050 1.0568
v 0.8235 1.1578 1.0568
v 0.8447 1.1446 1.0511
v 0.7542 1.0349 1.0728
v 0.7542 1.0550 1.0568
v 0.8659 1.1313 1.0568
v 0.8829 1.1207 1.0728
v 0.7542 1.0800 1.1664
v 0.7542 1.0550 1.1607
v 0.8659 1.1313 1.1607
v 0.8447 1.1446 1.1664
v 0.7542 1.1251 1.0728
v 0.7542 1.1362 1.0959
v 0.7970 1.1744 1.0959
v 0.8064 1.1685 1.0728
v 0.9546 1.2379 1.1216
v 0.9546 1.2379 1.0959
v 0.9680 1.3851 1.0959
v 0.9680 1.3851 1.1216
v 0.8924 1.1148 1.0959
v 0.8829 1.1207 1.0728
v 0.9435 1.2394 1.0728
v 0.9546 1.2379 1.0959
v 0.7970 1.1744 1.0959
v 0.7970 1.1744 1.1216
v 0.8431 1.2528 1.1216
v 0.8431 1.2528 1.0959
v 0.8924 1.1148 1.1216
v 0.8924 1.1148 1.0959
v 0.9546 1.2379 1.0959
v 0.9546 1.2379 1.1216
v 0.8064 1.1685 1.0728
v 0.7970 1.1744 1.0959
v 0.8431 1.2528 1.0959
v 0.8541 1.2513 1.0728
v 0.8829 1.1207 1.1447
v 0.8924 1.1148 1.1216
v 0.9546 1.2379 1.1216
v 0.9435 1.2394 1.1447
v 0.8235 1.1578 1.0568
v 0.8064 1.1685 1.0728
v 0.8541 1.2513 1.0728
v 0.8740 1.2486 1.0568
v 0.8659 1.1313 1.1607
v 0.8829 1.1207 1.1447
v 0.9435 1.2394 1.1447
v 0.9237 1.2420 1.1607
v 0.8447 1.1446 1.0511
v 0.8235 1.1578 1.0568
v 0.8740 1.2486 1.0568
v 0.8988 1.2453 1.0511
v 0.8447 1.1446 1.1664
v 0.8659 1.1313 1.1607
v 0.9237 1.2420 1.1607
v 0.8988 1.2453 1.1664
v 0.8235 1.1578 1.1607
v 0.8447 1.1446 1.1664
v 0.8988 1.2453 1.1664
v 0.8740 1.2486 1.1607
v 0.8659 1.1313 1.0568
v 0.8447 1.1446 1.0511
v 0.8988 1.2453 1.0511
v 0.9237 1.2420 1.0568
v 0.8064 1.1685 1.1447
v 0.8235 1.1578 1.1607
v 0.8740 1.2486 1.1607
v 0.8541 1.2513 1.1447
v 0.8829 1.1207 1.0728
v 0.8659 1.1313 1.0568
v 0.9237 1.2420 1.0568
v 0.9435 1.2394 1.0728
v 0.8874 1.3851 1.0568
v 0.8675 1.3851 1.0728
v 0.8619 2.9618 1.0936
v 0.8760 2.9618 1.0722
v 0.8541 1.2513 1.0728
v 0.8431 1.2528 1.0959
v 0.8565 1.3851 1.0959
v 0.8675 1.3851 1.0728
v 0.9435 1.2394 1.1447
v 0.9546 1.2379 1.1216
v 0.9680 1.3851 1.1216
v 0.9569 1.3851 1.1447
v 0.8740 1.2486 1.0568
v 0.8541 1.2513 1.0728
v 0.8675 1.3851 1.0728
v 0.8874 1.3851 1.0568
v 0.9237 1.2420 1.1607
v 0.9435 1.2394 1.1447
v 0.9569 1.3851 1.1447
v 0.9370 1.3851 1.1607
v 0.8988 1.2453 1.0511
v 0.8740 1.2486 1.0568
v 0.8874 1.3851 1.0568
v 0.9122 1.3851 1.0511
v 0.8988 1.2453 1.1664
v 0.9237 1.2420 1.1607
v 0.9370 1.3851 1.1607
v 0.9122 1.3851 1.1664
v 0.8740 1.2486 1.1607
v 0.8988 1.2453 1.1664
v 0.9122 1.3851 1.1664
v 0.8874 1.3851 1.1607
v 0.9237 1.2420 1.0568
v 0.8988 1.2453 1.0511
v 0.9122 1.3851 1.0511
v 0.9370 1.3851 1.0568
v 0.8541 1.2513 1.1447
v 0.8740 1.2486 1.1607
v 0.8874 1.3851 1.1607
v 0.8675 1.3851 1.1447
v 0.9435 1.2394 1.0728
v 0.9237 1.2420 1.0568
v 0.9370 1.3851 1.0568
v 0.9569 1.3851 1.0728
v 0.8431 1.2528 1.1216
v 0.8541 1.2513 1.1447
v 0.8675 1.3851 1.1447
v 0.8565 1.3851 1.1216
v 0.9546 1.2379 1.0959
v 0.9435 1.2394 1.0728
v 0.9569 1.3851 1.0728
v 0.9680 1.3851 1.0959
v 0.8431 1.2528 1.0959
v 0.8431 1.2528 1.1216
v 0.8565 1.3851 1.1216
v 0.8565 1.3851 1.0959
v 0.9079 2.9618 1.1712
v 0.9332 2.9618 1.1690
v 0.9492 3.0184 1.1638
v 0.9246 3.0244 1.1658
v 0.9370 1.3851 1.1607
v 0.9569 1.3851 1.1447
v 0.9691 2.9618 1.1346
v 0.9551 2.9618 1.1559
v 0.9122 1.3851 1.0511
v 0.8874 1.3851 1.0568
v 0.8760 2.9618 1.0722
v 0.8978 2.9618 1.0592
v 0.9122 1.3851 1.1664
v 0.9370 1.3851 1.1607
v 0.9551 2.9618 1.1559
v 0.9332 2.9618 1.1690
v 0.8874 1.3851 1.1607
v 0.9122 1.3851 1.1664
v 0.9332 2.9618 1.1690
v 0.9079 2.9618 1.1712
v 0.9370 1.3851 1.0568
v 0.9122 1.3851 1.0511
v 0.8978 2.9618 1.0592
v 0.9232 2.9618 1.0570
v 0.8675 1.3851 1.1447
v 0.8874 1.3851 1.1607
v 0.9079 2.9618 1.1712
v 0.8840 2.9618 1.1620
v 0.9569 1.3851 1.0728
v 0.9370 1.3851 1.0568
v 0.9232 2.9618 1.0570
v 0.9470 2.9618 1.0661
v 0.8565 1.3851 1.1216
v 0.8675 1.3851 1.1447
v 0.8840 2.9618 1.1620
v 0.8664 2.9618 1.1434
v 0.9680 1.3851 1.0959
v 0.9569 1.3851 1.0728
v 0.9470 2.9618 1.0661
v 0.9647 2.9618 1.0848
v 0.8565 1.3851 1.0959
v 0.8565 1.3851 1.1216
v 0.8664 2.9618 1.1434
v 0.8585 2.9618 1.1190
v 0.9680 1.3851 1.1216
v 0.9680 1.3851 1.0959
v 0.9647 2.9618 1.0848
v 0.9725 2.9618 1.1092
v 0.8675 1.3851 1.0728
v 0.8565 1.3851 1.0959
v 0.8585 2.9618 1.1190
v 0.8619 2.9618 1.0936
v 0.9569 1.3851 1.1447
v 0.9680 1.3851 1.1216
v 0.9725 2.9618 1.1092
v 0.9691 2.9618 1.1346
v 0.9013 3.0292 1.1565
v 0.9246 3.0244 1.1658
v 1.0044 3.1410 1.1400
v 0.9847 3.1535 1.1296
v 0.9232 2.9618 1.0570
v 0.8978 2.9618 1.0592
v 0.9138 3.0184 1.0540
v 0.9385 3.0123 1.0521
v 0.8840 2.9618 1.1620
v 0.9079 2.9618 1.1712
v 0.9246 3.0244 1.1658
v 0.9013 3.0292 1.1565
v 0.9470 2.9618 1.0661
v 0.9232 2.9618 1.0570
v 0.9385 3.0123 1.0521
v 0.9618 3.0075 1.0614
v 0.8664 2.9618 1.1434
v 0.8840 2.9618 1.1620
v 0.9013 3.0292 1.1565
v 0.8840 3.0319 1.1377
v 0.9647 2.9618 1.0848
v 0.9470 2.9618 1.0661
v 0.9618 3.0075 1.0614
v 0.9791 3.0048 1.0801
v 0.8585 2.9618 1.1190
v 0.8664 2.9618 1.1434
v 0.8840 3.0319 1.1377
v 0.8761 3.0319 1.1133
v 0.9725 2.9618 1.1092
v 0.9647 2.9618 1.0848
v 0.9791 3.0048 1.0801
v 0.9869 3.0048 1.1045
v 0.8619 2.9618 1.0936
v 0.8585 2.9618 1.1190
v 0.8761 3.0319 1.1133
v 0.8792 3.0292 1.0880
v 0.9691 2.9618 1.1346
v 0.9725 2.9618 1.1092
v 0.9869 3.0048 1.1045
v 0.9839 3.0075 1.1298
v 0.8760 2.9618 1.0722
v 0.8619 2.9618 1.0936
v 0.8792 3.0292 1.0880
v 0.8927 3.0244 1.0668
v 0.9551 2.9618 1.1559
v 0.9691 2.9618 1.1346
v 0.9839 3.0075 1.1298
v 0.9704 3.0123 1.1510
v 0.8978 2.9618 1.0592
v 0.8760 2.9618 1.0722
v 0.8927 3.0244 1.0668
v 0.9138 3.0184 1.0540
v 0.9332 2.9618 1.1690
v 0.9551 2.9618 1.1559
v 0.9704 3.0123 1.1510
v 0.9492 3.0184 1.1638
v 1.0442 3.0905 1.0591
v 1.0289 3.0974 1.0397
v 1.0857 3.1465 1.0214
v 1.0992 3.1378 1.0414
v 0.9618 3.0075 1.0614
v 0.9385 3.0123 1.0521
v 1.0093 3.1099 1.0292
v 1.0289 3.0974 1.0397
v 0.8840 3.0319 1.1377
v 0.9013 3.0292 1.1565
v 0.9847 3.1535 1.1296
v 0.9694 3.1604 1.1102
v 0.9791 3.0048 1.0801
v 0.9618 3.0075 1.0614
v 1.0289 3.0974 1.0397
v 1.0442 3.0905 1.0591
v 0.8761 3.0319 1.1133
v 0.8840 3.0319 1.1377
v 0.9694 3.1604 1.1102
v 0.9616 3.1604 1.0857
v 0.9869 3.0048 1.1045
v 0.9791 3.0048 1.0801
v 1.0442 3.0905 1.0591
v 1.0521 3.0905 1.0835
v 0.8792 3.0292 1.0880
v 0.8761 3.0319 1.1133
v 0.9616 3.1604 1.0857
v 0.9626 3.1535 1.0611
v 0.9839 3.0075 1.1298
v 0.9869 3.0048 1.1045
v 1.0521 3.0905 1.0835
v 1.0510 3.0974 1.1082
v 0.8927 3.0244 1.0668
v 0.8792 3.0292 1.0880
v 0.9626 3.1535 1.0611
v 0.9725 3.1410 1.0411
v 0.9704 3.0123 1.1510
v 0.9839 3.0075 1.1298
v 1.0510 3.0974 1.1082
v 1.0412 3.1099 1.1282
v 0.9138 3.0184 1.0540
v 0.8927 3.0244 1.0668
v 0.9725 3.1410 1.0411
v 0.9891 3.1254 1.0297
v 0.9492 3.0184 1.1638
v 0.9704 3.0123 1.1510
v 1.0412 3.1099 1.1282
v 1.0245 3.1254 1.1395
v 0.9246 3.0244 1.1658
v 0.9492 3.0184 1.1638
v 1.0245 3.1254 1.1395
v 1.0044 3.1410 1.1400
v 0.9385 3.0123 1.0521
v 0.9138 3.0184 1.0540
v 0.9891 3.1254 1.0297
v 1.0093 3.1099 1.0292
v 0.9616 3.1604 1.0857
v 0.9694 3.1604 1.1102
v 1.0426 3.2263 1.0866
v 1.0347 3.2263 1.0622
v 1.0521 3.0905 1.0835
v 1.0442 3.0905 1.0591
v 1.0992 3.1378 1.0414
v 1.1070 3.1378 1.0658
v 0.9626 3.1535 1.0611
v 0.9616 3.1604 1.0857
v 1.0347 3.2263 1.0622
v 1.0340 3.2176 1.0381
v 1.0510 3.0974 1.1082
v 1.0521 3.0905 1.0835
v 1.1070 3.1378 1.0658
v 1.1077 3.1465 1.0899
v 0.9725 3.1410 1.0411
v 0.9626 3.1535 1.0611
v 1.0340 3.2176 1.0381
v 1.0406 3.2018 1.0191
v 1.0412 3.1099 1.1282
v 1.0510 3.0974 1.1082
v 1.1077 3.1465 1.0899
v 1.1012 3.1623 1.1088
v 0.9891 3.1254 1.0297
v 0.9725 3.1410 1.0411
v 1.0406 3.2018 1.0191
v 1.0532 3.1820 1.0091
v 1.0245 3.1254 1.1395
v 1.0412 3.1099 1.1282
v 1.1012 3.1623 1.1088
v 1.0886 3.1820 1.1189
v 1.0044 3.1410 1.1400
v 1.0245 3.1254 1.1395
v 1.0886 3.1820 1.1189
v 1.0725 3.2018 1.1181
v 1.0093 3.1099 1.0292
v 0.9891 3.1254 1.0297
v 1.0532 3.1820 1.0091
v 1.0693 3.1623 1.0099
v 0.9847 3.1535 1.1296
v 1.0044 3.1410 1.1400
v 1.0725 3.2018 1.1181
v 1.0561 3.2176 1.1066
v 1.0289 3.0974 1.0397
v 1.0093 3.1099 1.0292
v 1.0693 3.1623 1.0099
v 1.0857 3.1465 1.0214
v 0.9694 3.1604 1.1102
v 0.9847 3.1535 1.1296
v 1.0561 3.2176 1.1066
v 1.0426 3.2263 1.0866
v 0.0000 2.1988 1.6385
v 0.0000 2.2590 1.6986
v 0.0506 2.2590 1.6986
v 0.0506 2.1988 1.6385
v 0.0506 2.1988 1.6385
v 0.0506 2.2590 1.6986
v 0.0506 2.1988 1.7588
v 0.0506 2.1387 1.6986
v 0.3868 2.1387 1.6986
v 0.3868 2.1988 1.7588
v 0.3868 2.2590 1.6986
v 0.3868 2.1988 1.6385
v 0.3868 2.1988 1.6385
v 0.3868 2.2590 1.6986
v 0.4719 2.2590 1.6986
v 0.4719 2.1988 1.6385
v 0.4719 2.1988 1.6385
v 0.4719 2.2590 1.6986
v 0.4719 2.1988 1.7588
v 0.4719 2.1387 1.6986
v 0.4719 2.1387 1.6986
v 0.4719 2.1988 1.7588
v 0.3868 2.1988 1.7588
v 0.3868 2.1387 1.6986
v 0.6164 2.1387 1.6986
v 0.6164 2.1988 1.7588
v 0.6164 2.2590 1.6986
v 0.6164 2.1988 1.6385
v 0.6164 2.1988 1.6385
v 0.6164 2.2590 1.6986
v 0.7014 2.2590 1.6986
v 0.7014 2.1988 1.6385
v 0.7014 2.1988 1.6385
v 0.7014 2.2590 1.6986
v 0.7014 2.1988 1.7588
v 0.7014 2.1387 1.6986
v 0.7014 2.1387 1.6986
v 0.7014 2.1988 1.7588
v 0.6164 2.1988 1.7588
v 0.6164 2.1387 1.6986
v 0.0506 2.1387 1.6986
v 0.0506 2.1988 1.7588
v 0.0000 2.1988 1.7588
v 0.0000 2.1387 1.6986
v 0.6388 1.1050 1.1607
v 0.6388 1.1251 1.1447
v 0.0000 1.1251 1.1447
v 0.0000 1.1050 1.1607
v 0.6388 1.1050 1.0568
v 0.6388 1.0800 1.0511
v 0.0000 1.0800 1.0511
v 0.0000 1.1050 1.0568
v 0.6388 1.0550 1.0568
v 0.6388 1.0349 1.0728
v 0.0000 1.0349 1.0728
v 0.0000 1.0550 1.0568
v 0.6388 1.0550 1.1607
v 0.6388 1.0800 1.1664
v 0.0000 1.0800 1.1664
v 0.0000 1.0550 1.1607
v 0.6388 1.1362 1.0959
v 0.6388 1.1251 1.0728
v 0.0000 1.1251 1.0728
v 0.0000 1.1362 1.0959
v 0.6388 1.0238 1.1216
v 0.6388 1.0349 1.1447
v 0.0000 1.0349 1.1447
v 0.0000 1.0238 1.1216
v 0.6388 1.1251 1.1447
v 0.6388 1.1362 1.1216
v 0.0000 1.1362 1.1216
v 0.0000 1.1251 1.1447
v 0.6388 1.0349 1.0728
v 0.6388 1.0238 1.0959
v 0.0000 1.0238 1.0959
v 0.0000 1.0349 1.0728
v 0.6388 1.0800 1.1664
v 0.6388 1.1050 1.1607
v 0.0000 1.1050 1.1607
v 0.0000 1.0800 1.1664
v 0.6388 1.1251 1.0728
v 0.6388 1.1050 1.0568
v 0.0000 1.1050 1.0568
v 0.0000 1.1251 1.0728
v 0.6388 1.0800 1.0511
v 0.6388 1.0550 1.0568
v 0.0000 1.0550 1.0568
v 0.0000 1.0800 1.0511
v 0.6388 1.0349 1.1447
v 0.6388 1.0550 1.1607
v 0.0000 1.0550 1.1607
v 0.0000 1.0349 1.1447
v 0.6388 1.1362 1.1216
v 0.6388 1.1362 1.0959
v 0.0000 1.1362 1.0959
v 0.0000 1.1362 1.1216
v 0.4285 0.6771 -0.3695
v 0.4285 0.8760 -0.3695
v 0.4285 0.8760 -1.5311
v 0.4285 0.6771 -1.5311
v 0.7949 0.6771 -1.5311
v 0.7949 0.6771 -0.3695
v 0.9779 0.6771 -0.3695
v 0.9779 0.6771 -1.5311
v 0.4285 0.4781 -1.5311
v 0.7093 0.4781 -1.5311
v 0.7093 0.4781 -0.3695
v 0.4285 0.4781 -0.3695
v 0.7093 0.8760 -1.5311
v 0.4285 0.8760 -1.5311
v 0.4285 0.8760 -0.3695
v 0.7093 0.8760 -0.3695
v 0.7093 0.7627 -1.5311
v 0.7093 0.8760 -1.5311
v 0.7093 0.8760 -0.3695
v 0.7093 0.7627 -0.3695
v 0.4285 0.4781 -0.3695
v 0.4285 0.4781 -1.5311
v 0.9779 0.4781 -1.5311
v 0.9779 0.6771 -1.5311
v 0.9779 0.6771 -0.3695
v 0.9779 0.4781 -0.3695
v 0.7093 0.4781 -0.3695
v 0.7093 0.4781 -1.5311
v 0.9779 0.4781 -1.5311
v 0.9779 0.4781 -0.3695
v 0.7093 0.7627 -1.5311
v 0.7949 0.6771 -1.5311
v 0.7093 0.5915 -1.5311
v 0.6237 0.6771 -1.5311
v 0.7949 0.6771 -0.3695
v 0.7093 0.7627 -0.3695
v 0.6237 0.6771 -0.3695
v 0.7093 0.5915 -0.3695
v 0.7093 0.7627 -1.5311
v 0.7093 0.7627 -0.3695
v 0.7949 0.6771 -0.3695
v 0.7949 0.6771 -1.5311
v -0.5021 2.3022 1.5449
v -0.5021 2.3022 1.5287
v -0.5021 2.3442 1.5287
v -0.5021 2.3442 1.5449
v -0.6934 2.3136 1.5287
v -0.7547 2.3022 1.5287
v -0.7547 2.3442 1.5287
v -0.6705 2.3442 1.5287
v -0.7547 2.3022 1.5287
v -0.7547 2.3022 1.5449
v -0.7547 2.3442 1.5449
v -0.7547 2.3442 1.5287
v -0.5065 2.2615 1.5449
v -0.5065 2.2615 1.5396
v -0.5065 2.2221 1.5396
v -0.5065 2.2221 1.5449
v -0.6705 2.2180 1.5287
v -0.6705 2.2180 1.5449
v -0.7547 2.2180 1.5449
v -0.7547 2.2180 1.5287
v -0.5863 2.3442 1.5287
v -0.5863 2.3442 1.5449
v -0.5021 2.3442 1.5449
v -0.5021 2.3442 1.5287
v -0.5065 2.3008 1.5449
v -0.5021 2.3022 1.5449
v -0.5021 2.3442 1.5449
v -0.5065 2.3401 1.5449
v -0.7503 2.2615 1.5449
v -0.7547 2.2601 1.5449
v -0.7547 2.2180 1.5449
v -0.7503 2.2221 1.5449
v -0.5878 2.2221 1.5449
v -0.5863 2.2180 1.5449
v -0.5021 2.2180 1.5449
v -0.5065 2.2221 1.5449
v -0.6690 2.3401 1.5449
v -0.6705 2.3442 1.5449
v -0.7547 2.3442 1.5449
v -0.7503 2.3401 1.5449
v -0.5823 2.2687 1.5396
v -0.5823 2.2687 1.5290
v -0.5901 2.2501 1.5290
v -0.5901 2.2501 1.5396
v -0.5878 2.3401 1.5449
v -0.5878 2.3401 1.5396
v -0.5065 2.3401 1.5396
v -0.5065 2.3401 1.5449
v -0.7503 2.3008 1.5449
v -0.7503 2.3008 1.5396
v -0.7503 2.3401 1.5396
v -0.7503 2.3401 1.5449
v -0.6690 2.2221 1.5449
v -0.6690 2.2221 1.5396
v -0.7503 2.2221 1.5396
v -0.7503 2.2221 1.5449
v -0.5823 2.2936 1.5396
v -0.5065 2.3008 1.5396
v -0.5065 2.3401 1.5396
v -0.5901 2.3121 1.5396
v -0.6745 2.2687 1.5396
v -0.7503 2.2615 1.5396
v -0.7503 2.2221 1.5396
v -0.6667 2.2501 1.5396
v -0.6126 2.2427 1.5396
v -0.5878 2.2221 1.5396
v -0.5065 2.2221 1.5396
v -0.5901 2.2501 1.5396
v -0.6442 2.3195 1.5396
v -0.6690 2.3401 1.5396
v -0.7503 2.3401 1.5396
v -0.6667 2.3121 1.5396
v -0.7503 2.3008 1.5396
v -0.6745 2.2936 1.5396
v -0.7503 2.2615 1.5396
v -0.6745 2.2687 1.5396
v -0.5065 2.2615 1.5396
v -0.5823 2.2687 1.5396
v -0.7503 2.2221 1.5449
v -0.7503 2.2221 1.5396
v -0.7503 2.2615 1.5396
v -0.7503 2.2615 1.5449
v -0.5901 2.3121 1.5396
v -0.5901 2.3121 1.5290
v -0.5823 2.2936 1.5290
v -0.5823 2.2936 1.5396
v -0.6745 2.2687 1.5396
v -0.6745 2.2687 1.5290
v -0.6745 2.2936 1.5290
v -0.6745 2.2936 1.5396
v -0.7503 2.3401 1.5449
v -0.7547 2.3442 1.5449
v -0.7547 2.3022 1.5449
v -0.7503 2.3008 1.5449
v -0.5065 2.2221 1.5449
v -0.5021 2.2180 1.5449
v -0.5021 2.2601 1.5449
v -0.5065 2.2615 1.5449
v -0.5065 2.3401 1.5449
v -0.5065 2.3401 1.5396
v -0.5065 2.3008 1.5396
v -0.5065 2.3008 1.5449
v -0.7547 2.2180 1.5287
v -0.7547 2.2180 1.5449
v -0.7547 2.2601 1.5449
v -0.7547 2.2601 1.5287
v -0.6705 2.2180 1.5287
v -0.7547 2.2180 1.5287
v -0.7547 2.2601 1.5287
v -0.6934 2.2486 1.5287
v -0.6934 2.2486 1.5287
v -0.7547 2.2601 1.5287
v -0.5021 2.2180 1.5449
v -0.5021 2.2180 1.5287
v -0.5021 2.2601 1.5287
v -0.5021 2.2601 1.5449
v -0.5021 2.2601 1.5287
v -0.5634 2.2486 1.5287
v -0.5634 2.3136 1.5287
v -0.5021 2.3022 1.5287
v -0.6934 2.3136 1.5287
v -0.6480 2.2909 1.3497
v -0.6480 2.2713 1.3497
v -0.6934 2.2486 1.5287
v -0.5021 2.2180 1.5287
v -0.5863 2.2180 1.5287
v -0.5634 2.2486 1.5287
v -0.5021 2.2601 1.5287
v -0.5863 2.2180 1.5287
v -0.6705 2.2180 1.5287
v -0.6934 2.2486 1.5287
v -0.5634 2.2486 1.5287
v -0.6126 2.3195 1.5396
v -0.6126 2.3195 1.5290
v -0.5901 2.3121 1.5290
v -0.5901 2.3121 1.5396
v -0.5901 2.2501 1.5396
v -0.5901 2.2501 1.5290
v -0.6126 2.2427 1.5290
v -0.6126 2.2427 1.5396
v -0.6442 2.3195 1.5396
v -0.6442 2.3195 1.5290
v -0.6126 2.3195 1.5290
v -0.6126 2.3195 1.5396
v -0.6745 2.2936 1.5396
v -0.6745 2.2936 1.5290
v -0.6667 2.3121 1.5290
v -0.6667 2.3121 1.5396
v -0.5901 2.3121 1.5396
v -0.5065 2.3401 1.5396
v -0.5878 2.3401 1.5396
v -0.6126 2.3195 1.5396
v -0.6126 2.3195 1.5396
v -0.5878 2.3401 1.5396
v -0.6690 2.3401 1.5396
v -0.6442 2.3195 1.5396
v -0.6667 2.2501 1.5396
v -0.7503 2.2221 1.5396
v -0.6690 2.2221 1.5396
v -0.6442 2.2427 1.5396
v -0.6442 2.2427 1.5396
v -0.6690 2.2221 1.5396
v -0.5878 2.2221 1.5396
v -0.6126 2.2427 1.5396
v -0.5065 2.2221 1.5449
v -0.5065 2.2221 1.5396
v -0.5878 2.2221 1.5396
v -0.5878 2.2221 1.5449
v -0.7503 2.3401 1.5449
v -0.7503 2.3401 1.5396
v -0.6690 2.3401 1.5396
v -0.6690 2.3401 1.5449
v -0.6442 2.2427 1.5396
v -0.6442 2.2427 1.5290
v -0.6667 2.2501 1.5290
v -0.6667 2.2501 1.5396
v -0.6667 2.3121 1.5396
v -0.6667 2.3121 1.5290
v -0.6442 2.3195 1.5290
v -0.6442 2.3195 1.5396
v -0.5065 2.3401 1.5449
v -0.5021 2.3442 1.5449
v -0.5863 2.3442 1.5449
v -0.5878 2.3401 1.5449
v -0.5878 2.3401 1.5449
v -0.5863 2.3442 1.5449
v -0.6705 2.3442 1.5449
v -0.6690 2.3401 1.5449
v -0.7503 2.2221 1.5449
v -0.7547 2.2180 1.5449
v -0.6705 2.2180 1.5449
v -0.6690 2.2221 1.5449
v -0.6690 2.2221 1.5449
v -0.6705 2.2180 1.5449
v -0.5863 2.2180 1.5449
v -0.5878 2.2221 1.5449
v -0.7547 2.3442 1.5287
v -0.7547 2.3442 1.5449
v -0.6705 2.3442 1.5449
v -0.6705 2.3442 1.5287
v -0.5021 2.2180 1.5287
v -0.5021 2.2180 1.5449
v -0.5863 2.2180 1.5449
v -0.5863 2.2180 1.5287
v -0.5863 2.3442 1.5287
v -0.5021 2.3442 1.5287
v -0.5634 2.3136 1.5287
v -0.6934 2.3136 1.5287
v -0.6705 2.3442 1.5287
v -0.5863 2.3442 1.5287
v -0.5991 2.3048 1.5290
v -0.5823 2.2936 1.5290
v -0.5901 2.3121 1.5290
v -0.6126 2.3195 1.5290
v -0.6126 2.2427 1.5290
v -0.5901 2.2501 1.5290
v -0.5823 2.2687 1.5290
v -0.5991 2.2574 1.5290
v -0.5991 2.2574 1.5290
v -0.5823 2.2687 1.5290
v -0.6745 2.2687 1.5290
v -0.6577 2.2574 1.5290
v -0.6577 2.3048 1.5290
v -0.6745 2.2936 1.5290
v -0.6667 2.2501 1.5290
v -0.6442 2.2427 1.5290
v -0.6577 2.2574 1.5290
v -0.6745 2.2687 1.5290
v -0.6442 2.2427 1.5290
v -0.6126 2.2427 1.5290
v -0.6442 2.3195 1.5290
v -0.6667 2.3121 1.5290
v -0.6126 2.2427 1.5396
v -0.6126 2.2427 1.5290
v -0.6442 2.2427 1.5290
v -0.6442 2.2427 1.5396
v -0.6667 2.2501 1.5396
v -0.6667 2.2501 1.5290
v -0.6745 2.2687 1.5290
v -0.6745 2.2687 1.5396
v -0.5823 2.2936 1.5396
v -0.5823 2.2936 1.5290
v -0.5823 2.2687 1.5290
v -0.5823 2.2687 1.5396
v -0.6088 2.2713 1.3497
v -0.6238 2.2770 1.2435
v -0.6238 2.2852 1.2435
v -0.6088 2.2909 1.3497
v -0.5634 2.3136 1.5287
v -0.6088 2.2909 1.3497
v -0.6480 2.2909 1.3497
v -0.6934 2.3136 1.5287
v -0.6934 2.2486 1.5287
v -0.6480 2.2713 1.3497
v -0.6088 2.2713 1.3497
v -0.5634 2.2486 1.5287
v -0.5634 2.2486 1.5287
v -0.6088 2.2713 1.3497
v -0.6088 2.2909 1.3497
v -0.5634 2.3136 1.5287
v -0.6238 2.2770 1.2435
v -0.6129 2.2673 1.2435
v -0.6129 2.2949 1.2435
v -0.6238 2.2852 1.2435
v -0.6480 2.2713 1.3497
v -0.6331 2.2770 1.2435
v -0.6238 2.2770 1.2435
v -0.6088 2.2713 1.3497
v -0.6480 2.2909 1.3497
v -0.6331 2.2852 1.2435
v -0.6331 2.2770 1.2435
v -0.6480 2.2713 1.3497
v -0.6088 2.2909 1.3497
v -0.6238 2.2852 1.2435
v -0.6331 2.2852 1.2435
v -0.6480 2.2909 1.3497
v -0.6439 2.2949 1.2435
v -0.6439 2.2949 1.2145
v -0.6439 2.2673 1.2145
v -0.6439 2.2673 1.2435
v -0.6331 2.2770 1.2435
v -0.6439 2.2673 1.2435
v -0.6129 2.2673 1.2435
v -0.6238 2.2770 1.2435
v -0.6331 2.2852 1.2435
v -0.6439 2.2949 1.2435
v -0.6439 2.2673 1.2435
v -0.6331 2.2770 1.2435
v -0.6238 2.2852 1.2435
v -0.6129 2.2949 1.2435
v -0.6439 2.2949 1.2435
v -0.6331 2.2852 1.2435
v -0.6129 2.2673 1.2145
v -0.6439 2.2673 1.2145
v -0.6439 2.2949 1.2145
v -0.6129 2.2949 1.2145
v -0.6129 2.2949 1.2435
v -0.6129 2.2949 1.2145
v -0.6439 2.2949 1.2145
v -0.6439 2.2949 1.2435
v -0.6129 2.2673 1.2435
v -0.6129 2.2673 1.2145
v -0.6129 2.2949 1.2145
v -0.6129 2.2949 1.2435
v -0.6270 2.2673 1.2424
v -0.6270 2.2255 1.2424
v -0.6298 2.2255 1.2424
v -0.6298 2.2673 1.2424
v -0.6298 2.2673 1.2424
v -0.6129 2.2673 1.2435
v -0.6439 2.2673 1.2435
v -0.6270 2.2673 1.2424
v -0.6270 2.2673 1.2156
v -0.6439 2.2673 1.2145
v -0.6129 2.2673 1.2145
v -0.6298 2.2673 1.2156
v -0.6270 2.2673 1.2424
v -0.6439 2.2673 1.2435
v -0.6439 2.2673 1.2145
v -0.6270 2.2673 1.2156
v -0.6270 2.2255 1.2424
v -0.6270 2.2255 1.2156
v -0.6298 2.2255 1.2156
v -0.6298 2.2255 1.2424
v -0.6298 2.2673 1.2424
v -0.6298 2.2255 1.2424
v -0.6298 2.2255 1.2156
v -0.6298 2.2673 1.2156
v -0.6298 2.2673 1.2156
v -0.6298 2.2255 1.2156
v -0.6270 2.2255 1.2156
v -0.6270 2.2673 1.2156
v -0.6270 2.2673 1.2156
v -0.6270 2.2255 1.2156
v -0.6270 2.2255 1.2424
v -0.6270 2.2673 1.2424
v -0.4285 0.5715 2.0239
v -0.4285 0.5715 1.1894
v -0.4285 0.7291 1.1894
v -0.4285 0.7291 2.0239
v -0.4285 0.5715 1.1894
v -0.8105 0.5715 1.1894
v -0.8105 0.7291 1.1894
v -0.4285 0.7291 1.1894
v -0.8105 0.5715 1.1894
v -0.8105 0.5715 2.0239
v -0.8105 0.7291 2.0239
v -0.8105 0.7291 1.1894
v -0.8105 0.5715 2.0239
v -0.4285 0.5715 2.0239
v -0.4285 0.7291 2.0239
v -0.8105 0.7291 2.0239
v -0.4285 0.4781 1.1894
v -0.4285 0.4781 2.0239
v -0.8105 0.4781 2.0239
v -0.8105 0.4781 1.1894
v -0.8105 0.7291 1.1894
v -0.8105 0.7291 2.0239
v -0.4285 0.7291 2.0239
v -0.4285 0.7291 1.1894
v -0.8105 0.4781 2.0239
v -0.4285 0.4781 2.0239
v -0.8105 0.4781 1.1894
v -0.9779 0.4781 1.1894
v -0.9779 0.5715 1.1894
v -0.4285 0.4781 1.1894
v -0.4285 0.4781 2.0239
v -0.4285 0.4781 1.1894
v -0.4285 0.5715 1.1894
v -0.4285 0.5715 2.0239
v -0.9779 0.4781 1.1894
v -0.9779 0.4781 2.0239
v -0.9779 0.5715 2.0239
v -0.9779 0.5715 1.1894
v -0.8105 0.5715 1.1894
v -0.9779 0.5715 1.1894
v -0.9779 0.5715 2.0239
v -0.8105 0.5715 2.0239
v -0.9779 0.5715 2.0239
v -0.9779 0.4781 2.0239
v -0.9779 0.4781 2.0239
v -0.9779 0.4781 1.1894
v -0.6388 1.0800 1.0511
v -0.6388 1.0550 1.0568
v -0.7542 1.0550 1.0568
v -0.7542 1.0800 1.0511
v -0.6388 1.0550 1.0568
v -0.6388 1.0349 1.0728
v -0.7542 1.0349 1.0728
v -0.7542 1.0550 1.0568
v -0.6388 1.0349 1.0728
v -0.6388 1.0238 1.0959
v -0.7542 1.0238 1.0959
v -0.7542 1.0349 1.0728
v -0.6388 1.0238 1.0959
v -0.6388 1.0238 1.1216
v -0.7542 1.0238 1.1216
v -0.7542 1.0238 1.0959
v -0.6388 1.0238 1.1216
v -0.6388 1.0349 1.1447
v -0.7542 1.0349 1.1447
v -0.7542 1.0238 1.1216
v -0.6388 1.0349 1.1447
v -0.6388 1.0550 1.1607
v -0.7542 1.0550 1.1607
v -0.7542 1.0349 1.1447
v -0.6388 1.0550 1.1607
v -0.6388 1.0800 1.1664
v -0.7542 1.0800 1.1664
v -0.7542 1.0550 1.1607
v -0.6388 1.0800 1.1664
v -0.6388 1.1050 1.1607
v -0.7542 1.1050 1.1607
v -0.7542 1.0800 1.1664
v -0.6388 1.1050 1.1607
v -0.6388 1.1251 1.1447
v -0.7542 1.1251 1.1447
v -0.7542 1.1050 1.1607
v -0.6388 1.1251 1.1447
v -0.6388 1.1362 1.1216
v -0.7542 1.1362 1.1216
v -0.7542 1.1251 1.1447
v -0.6388 1.1362 1.1216
v -0.6388 1.1362 1.0959
v -0.7542 1.1362 1.0959
v -0.7542 1.1362 1.1216
v -0.6388 1.1362 1.0959
v -0.6388 1.1251 1.0728
v -0.7542 1.1251 1.0728
v -0.7542 1.1362 1.0959
v -0.7542 1.0349 1.1447
v -0.8829 1.1207 1.1447
v -0.8924 1.1148 1.1216
v -0.7542 1.0238 1.1216
v -0.6388 1.1251 1.0728
v -0.6388 1.1050 1.0568
v -0.7542 1.1050 1.0568
v -0.7542 1.1251 1.0728
v -0.6388 1.1050 1.0568
v -0.6388 1.0800 1.0511
v -0.7542 1.0800 1.0511
v -0.7542 1.1050 1.0568
v -0.6388 1.0238 1.0959
v 0.0000 1.0238 1.0959
v 0.0000 1.0238 1.1216
v -0.6388 1.0238 1.1216
v -0.7970 1.1744 1.1216
v -0.8431 1.2528 1.1216
v -0.8541 1.2513 1.1447
v -0.8064 1.1685 1.1447
v -0.7542 1.1362 1.1216
v -0.7970 1.1744 1.1216
v -0.8064 1.1685 1.1447
v -0.7542 1.1251 1.1447
v -0.7542 1.0238 1.0959
v -0.8924 1.1148 1.0959
v -0.8829 1.1207 1.0728
v -0.7542 1.0349 1.0728
v -0.7542 1.1050 1.1607
v -0.8235 1.1578 1.1607
v -0.8447 1.1446 1.1664
v -0.7542 1.0800 1.1664
v -0.7542 1.0550 1.0568
v -0.8659 1.1313 1.0568
v -0.8447 1.1446 1.0511
v -0.7542 1.0800 1.0511
v -0.7542 1.1050 1.0568
v -0.8235 1.1578 1.0568
v -0.8064 1.1685 1.0728
v -0.7542 1.1251 1.0728
v -0.7542 1.0550 1.1607
v -0.8659 1.1313 1.1607
v -0.8829 1.1207 1.1447
v -0.7542 1.0349 1.1447
v -0.7542 1.1362 1.0959
v -0.7970 1.1744 1.0959
v -0.7970 1.1744 1.1216
v -0.7542 1.1362 1.1216
v -0.7542 1.0238 1.1216
v -0.8924 1.1148 1.1216
v -0.8924 1.1148 1.0959
v -0.7542 1.0238 1.0959
v -0.7542 1.1251 1.1447
v -0.8064 1.1685 1.1447
v -0.8235 1.1578 1.1607
v -0.7542 1.1050 1.1607
v -0.7542 1.0800 1.0511
v -0.8447 1.1446 1.0511
v -0.8235 1.1578 1.0568
v -0.7542 1.1050 1.0568
v -0.7542 1.0349 1.0728
v -0.8829 1.1207 1.0728
v -0.8659 1.1313 1.0568
v -0.7542 1.0550 1.0568
v -0.7542 1.0800 1.1664
v -0.8447 1.1446 1.1664
v -0.8659 1.1313 1.1607
v -0.7542 1.0550 1.1607
v -0.7542 1.1251 1.0728
v -0.8064 1.1685 1.0728
v -0.7970 1.1744 1.0959
v -0.7542 1.1362 1.0959
v -0.9546 1.2379 1.1216
v -0.9680 1.3851 1.1216
v -0.9680 1.3851 1.0959
v -0.9546 1.2379 1.0959
v -0.8924 1.1148 1.0959
v -0.9546 1.2379 1.0959
v -0.9435 1.2394 1.0728
v -0.8829 1.1207 1.0728
v -0.7970 1.1744 1.0959
v -0.8431 1.2528 1.0959
v -0.8431 1.2528 1.1216
v -0.7970 1.1744 1.1216
v -0.8924 1.1148 1.1216
v -0.9546 1.2379 1.1216
v -0.9546 1.2379 1.0959
v -0.8924 1.1148 1.0959
v -0.8064 1.1685 1.0728
v -0.8541 1.2513 1.0728
v -0.8431 1.2528 1.0959
v -0.7970 1.1744 1.0959
v -0.8829 1.1207 1.1447
v -0.9435 1.2394 1.1447
v -0.9546 1.2379 1.1216
v -0.8924 1.1148 1.1216
v -0.8235 1.1578 1.0568
v -0.8740 1.2486 1.0568
v -0.8541 1.2513 1.0728
v -0.8064 1.1685 1.0728
v -0.8659 1.1313 1.1607
v -0.9237 1.2420 1.1607
v -0.9435 1.2394 1.1447
v -0.8829 1.1207 1.1447
v -0.8447 1.1446 1.0511
v -0.8988 1.2453 1.0511
v -0.8740 1.2486 1.0568
v -0.8235 1.1578 1.0568
v -0.8447 1.1446 1.1664
v -0.8988 1.2453 1.1664
v -0.9237 1.2420 1.1607
v -0.8659 1.1313 1.1607
v -0.8235 1.1578 1.1607
v -0.8740 1.2486 1.1607
v -0.8988 1.2453 1.1664
v -0.8447 1.1446 1.1664
v -0.8659 1.1313 1.0568
v -0.9237 1.2420 1.0568
v -0.8988 1.2453 1.0511
v -0.8447 1.1446 1.0511
v -0.8064 1.1685 1.1447
v -0.8541 1.2513 1.1447
v -0.8740 1.2486 1.1607
v -0.8235 1.1578 1.1607
v -0.8829 1.1207 1.0728
v -0.9435 1.2394 1.0728
v -0.9237 1.2420 1.0568
v -0.8659 1.1313 1.0568
v -0.8874 1.3851 1.0568
v -0.8760 2.9618 1.0722
v -0.8619 2.9618 1.0936
v -0.8675 1.3851 1.0728
v -0.8541 1.2513 1.0728
v -0.8675 1.3851 1.0728
v -0.8565 1.3851 1.0959
v -0.8431 1.2528 1.0959
v -0.9435 1.2394 1.1447
v -0.9569 1.3851 1.1447
v -0.9680 1.3851 1.1216
v -0.9546 1.2379 1.1216
v -0.8740 1.2486 1.0568
v -0.8874 1.3851 1.0568
v -0.8675 1.3851 1.0728
v -0.8541 1.2513 1.0728
v -0.9237 1.2420 1.1607
v -0.9370 1.3851 1.1607
v -0.9569 1.3851 1.1447
v -0.9435 1.2394 1.1447
v -0.8988 1.2453 1.0511
v -0.9122 1.3851 1.0511
v -0.8874 1.3851 1.0568
v -0.8740 1.2486 1.0568
v -0.8988 1.2453 1.1664
v -0.9122 1.3851 1.1664
v -0.9370 1.3851 1.1607
v -0.9237 1.2420 1.1607
v -0.8740 1.2486 1.1607
v -0.8874 1.3851 1.1607
v -0.9122 1.3851 1.1664
v -0.8988 1.2453 1.1664
v -0.9237 1.2420 1.0568
v -0.9370 1.3851 1.0568
v -0.9122 1.3851 1.0511
v -0.8988 1.2453 1.0511
v -0.8541 1.2513 1.1447
v -0.8675 1.3851 1.1447
v -0.8874 1.3851 1.1607
v -0.8740 1.2486 1.1607
v -0.9435 1.2394 1.0728
v -0.9569 1.3851 1.0728
v -0.9370 1.3851 1.0568
v -0.9237 1.2420 1.0568
v -0.8431 1.2528 1.1216
v -0.8565 1.3851 1.1216
v -0.8675 1.3851 1.1447
v -0.8541 1.2513 1.1447
v -0.9546 1.2379 1.0959
v -0.9680 1.3851 1.0959
v -0.9569 1.3851 1.0728
v -0.9435 1.2394 1.0728
v -0.8431 1.2528 1.0959
v -0.8565 1.3851 1.0959
v -0.8565 1.3851 1.1216
v -0.8431 1.2528 1.1216
v -0.9079 2.9618 1.1712
v -0.9246 3.0244 1.1658
v -0.9492 3.0184 1.1638
v -0.9332 2.9618 1.1690
v -0.9370 1.3851 1.1607
v -0.9551 2.9618 1.1559
v -0.9691 2.9618 1.1346
v -0.9569 1.3851 1.1447
v -0.9122 1.3851 1.0511
v -0.8978 2.9618 1.0592
v -0.8760 2.9618 1.0722
v -0.8874 1.3851 1.0568
v -0.9122 1.3851 1.1664
v -0.9332 2.9618 1.1690
v -0.9551 2.9618 1.1559
v -0.9370 1.3851 1.1607
v -0.8874 1.3851 1.1607
v -0.9079 2.9618 1.1712
v -0.9332 2.9618 1.1690
v -0.9122 1.3851 1.1664
v -0.9370 1.3851 1.0568
v -0.9232 2.9618 1.0570
v -0.8978 2.9618 1.0592
v -0.9122 1.3851 1.0511
v -0.8675 1.3851 1.1447
v -0.8840 2.9618 1.1620
v -0.9079 2.9618 1.1712
v -0.8874 1.3851 1.1607
v -0.9569 1.3851 1.0728
v -0.9470 2.9618 1.0661
v -0.9232 2.9618 1.0570
v -0.9370 1.3851 1.0568
v -0.8565 1.3851 1.1216
v -0.8664 2.9618 1.1434
v -0.8840 2.9618 1.1620
v -0.8675 1.3851 1.1447
v -0.9680 1.3851 1.0959
v -0.9647 2.9618 1.0848
v -0.9470 2.9618 1.0661
v -0.9569 1.3851 1.0728
v -0.8565 1.3851 1.0959
v -0.8585 2.9618 1.1190
v -0.8664 2.9618 1.1434
v -0.8565 1.3851 1.1216
v -0.9680 1.3851 1.1216
v -0.9725 2.9618 1.1092
v -0.9647 2.9618 1.0848
v -0.9680 1.3851 1.0959
v -0.8675 1.3851 1.0728
v -0.8619 2.9618 1.0936
v -0.8585 2.9618 1.1190
v -0.8565 1.3851 1.0959
v -0.9569 1.3851 1.1447
v -0.9691 2.9618 1.1346
v -0.9725 2.9618 1.1092
v -0.9680 1.3851 1.1216
v -0.9013 3.0292 1.1565
v -0.9847 3.1535 1.1296
v -1.0044 3.1410 1.1400
v -0.9246 3.0244 1.1658
v -0.9232 2.9618 1.0570
v -0.9385 3.0123 1.0521
v -0.9138 3.0184 1.0540
v -0.8978 2.9618 1.0592
v -0.8840 2.9618 1.1620
v -0.9013 3.0292 1.1565
v -0.9246 3.0244 1.1658
v -0.9079 2.9618 1.1712
v -0.9470 2.9618 1.0661
v -0.9618 3.0075 1.0614
v -0.9385 3.0123 1.0521
v -0.9232 2.9618 1.0570
v -0.8664 2.9618 1.1434
v -0.8840 3.0319 1.1377
v -0.9013 3.0292 1.1565
v -0.8840 2.9618 1.1620
v -0.9647 2.9618 1.0848
v -0.9791 3.0048 1.0801
v -0.9618 3.0075 1.0614
v -0.9470 2.9618 1.0661
v -0.8585 2.9618 1.1190
v -0.8761 3.0319 1.1133
v -0.8840 3.0319 1.1377
v -0.8664 2.9618 1.1434
v -0.9725 2.9618 1.1092
v -0.9869 3.0048 1.1045
v -0.9791 3.0048 1.0801
v -0.9647 2.9618 1.0848
v -0.8619 2.9618 1.0936
v -0.8792 3.0292 1.0880
v -0.8761 3.0319 1.1133
v -0.8585 2.9618 1.1190
v -0.9691 2.9618 1.1346
v -0.9839 3.0075 1.1298
v -0.9869 3.0048 1.1045
v -0.9725 2.9618 1.1092
v -0.8760 2.9618 1.0722
v -0.8927 3.0244 1.0668
v -0.8792 3.0292 1.0880
v -0.8619 2.9618 1.0936
v -0.9551 2.9618 1.1559
v -0.9704 3.0123 1.1510
v -0.9839 3.0075 1.1298
v -0.9691 2.9618 1.1346
v -0.8978 2.9618 1.0592
v -0.9138 3.0184 1.0540
v -0.8927 3.0244 1.0668
v -0.8760 2.9618 1.0722
v -0.9332 2.9618 1.1690
v -0.9492 3.0184 1.1638
v -0.9704 3.0123 1.1510
v -0.9551 2.9618 1.1559
v -1.0442 3.0905 1.0591
v -1.0992 3.1378 1.0414
v -1.0857 3.1465 1.0214
v -1.0289 3.0974 1.0397
v -0.9618 3.0075 1.0614
v -1.0289 3.0974 1.0397
v -1.0093 3.1099 1.0292
v -0.9385 3.0123 1.0521
v -0.8840 3.0319 1.1377
v -0.9694 3.1604 1.1102
v -0.9847 3.1535 1.1296
v -0.9013 3.0292 1.1565
v -0.9791 3.0048 1.0801
v -1.0442 3.0905 1.0591
v -1.0289 3.0974 1.0397
v -0.9618 3.0075 1.0614
v -0.8761 3.0319 1.1133
v -0.9616 3.1604 1.0857
v -0.9694 3.1604 1.1102
v -0.8840 3.0319 1.1377
v -0.9869 3.0048 1.1045
v -1.0521 3.0905 1.0835
v -1.0442 3.0905 1.0591
v -0.9791 3.0048 1.0801
v -0.8792 3.0292 1.0880
v -0.9626 3.1535 1.0611
v -0.9616 3.1604 1.0857
v -0.8761 3.0319 1.1133
v -0.9839 3.0075 1.1298
v -1.0510 3.0974 1.1082
v -1.0521 3.0905 1.0835
v -0.9869 3.0048 1.1045
v -0.8927 3.0244 1.0668
v -0.9725 3.1410 1.0411
v -0.9626 3.1535 1.0611
v -0.8792 3.0292 1.0880
v -0.9704 3.0123 1.1510
v -1.0412 3.1099 1.1282
v -1.0510 3.0974 1.1082
v -0.9839 3.0075 1.1298
v -0.9138 3.0184 1.0540
v -0.9891 3.1254 1.0297
v -0.9725 3.1410 1.0411
v -0.8927 3.0244 1.0668
v -0.9492 3.0184 1.1638
v -1.0245 3.1254 1.1395
v -1.0412 3.1099 1.1282
v -0.9704 3.0123 1.1510
v -0.9246 3.0244 1.1658
v -1.0044 3.1410 1.1400
v -1.0245 3.1254 1.1395
v -0.9492 3.0184 1.1638
v -0.9385 3.0123 1.0521
v -1.0093 3.1099 1.0292
v -0.9891 3.1254 1.0297
v -0.9138 3.0184 1.0540
v -0.9616 3.1604 1.0857
v -1.0347 3.2263 1.0622
v -1.0426 3.2263 1.0866
v -0.9694 3.1604 1.1102
v -1.0521 3.0905 1.0835
v -1.1070 3.1378 1.0658
v -1.0992 3.1378 1.0414
v -1.0442 3.0905 1.0591
v -0.9626 3.1535 1.0611
v -1.0340 3.2176 1.0381
v -1.0347 3.2263 1.0622
v -0.9616 3.1604 1.0857
v -1.0510 3.0974 1.1082
v -1.1077 3.1465 1.0899
v -1.1070 3.1378 1.0658
v -1.0521 3.0905 1.0835
v -0.9725 3.1410 1.0411
v -1.0406 3.2018 1.0191
v -1.0340 3.2176 1.0381
v -0.9626 3.1535 1.0611
v -1.0412 3.1099 1.1282
v -1.1012 3.1623 1.1088
v -1.1077 3.1465 1.0899
v -1.0510 3.0974 1.1082
v -0.9891 3.1254 1.0297
v -1.0532 3.1820 1.0091
v -1.0406 3.2018 1.0191
v -0.9725 3.1410 1.0411
v -1.0245 3.1254 1.1395
v -1.0886 3.1820 1.1189
v -1.1012 3.1623 1.1088
v -1.0412 3.1099 1.1282
v -1.0044 3.1410 1.1400
v -1.0725 3.2018 1.1181
v -1.0886 3.1820 1.1189
v -1.0245 3.1254 1.1395
v -1.0093 3.1099 1.0292
v -1.0693 3.1623 1.0099
v -1.0532 3.1820 1.0091
v -0.9891 3.1254 1.0297
v -0.9847 3.1535 1.1296
v -1.0561 3.2176 1.1066
v -1.0725 3.2018 1.1181
v -1.0044 3.1410 1.1400
v -1.0289 3.0974 1.0397
v -1.0857 3.1465 1.0214
v -1.0693 3.1623 1.0099
v -1.0093 3.1099 1.0292
v -0.9694 3.1604 1.1102
v -1.0426 3.2263 1.0866
v -1.0561 3.2176 1.1066
v -0.9847 3.1535 1.1296
v 0.0000 2.1988 1.6385
v -0.0506 2.1988 1.6385
v -0.0506 2.2590 1.6986
v 0.0000 2.2590 1.6986
v -0.0506 2.1988 1.6385
v -0.0506 2.1387 1.6986
v -0.0506 2.1988 1.7588
v -0.0506 2.2590 1.6986
v -0.3868 2.1387 1.6986
v -0.3868 2.1988 1.6385
v -0.3868 2.2590 1.6986
v -0.3868 2.1988 1.7588
v -0.3868 2.1988 1.6385
v -0.4719 2.1988 1.6385
v -0.4719 2.2590 1.6986
v -0.3868 2.2590 1.6986
v -0.4719 2.1988 1.6385
v -0.4719 2.1387 1.6986
v -0.4719 2.1988 1.7588
v -0.4719 2.2590 1.6986
v -0.4719 2.1387 1.6986
v -0.3868 2.1387 1.6986
v -0.3868 2.1988 1.7588
v -0.4719 2.1988 1.7588
v -0.6164 2.1387 1.6986
v -0.6164 2.1988 1.6385
v -0.6164 2.2590 1.6986
v -0.6164 2.1988 1.7588
v -0.6164 2.1988 1.6385
v -0.7014 2.1988 1.6385
v -0.7014 2.2590 1.6986
v -0.6164 2.2590 1.6986
v -0.7014 2.1988 1.6385
v -0.7014 2.1387 1.6986
v -0.7014 2.1988 1.7588
v -0.7014 2.2590 1.6986
v -0.7014 2.1387 1.6986
v -0.6164 2.1387 1.6986
v -0.6164 2.1988 1.7588
v -0.7014 2.1988 1.7588
v -0.0506 2.1387 1.6986
v -0.0506 2.1988 1.7588
v -0.6388 1.1050 1.1607
v 0.0000 1.1050 1.1607
v 0.0000 1.1251 1.1447
v -0.6388 1.1251 1.1447
v -0.6388 1.1050 1.0568
v 0.0000 1.1050 1.0568
v 0.0000 1.0800 1.0511
v -0.6388 1.0800 1.0511
v -0.6388 1.0550 1.0568
v 0.0000 1.0550 1.0568
v 0.0000 1.0349 1.0728
v -0.6388 1.0349 1.0728
v -0.6388 1.0550 1.1607
v 0.0000 1.0550 1.1607
v 0.0000 1.0800 1.1664
v -0.6388 1.0800 1.1664
v -0.6388 1.1362 1.0959
v 0.0000 1.1362 1.0959
v 0.0000 1.1251 1.0728
v -0.6388 1.1251 1.0728
v -0.6388 1.0238 1.1216
v 0.0000 1.0238 1.1216
v 0.0000 1.0349 1.1447
v -0.6388 1.0349 1.1447
v -0.6388 1.1251 1.1447
v 0.0000 1.1251 1.1447
v 0.0000 1.1362 1.1216
v -0.6388 1.1362 1.1216
v -0.6388 1.0349 1.0728
v 0.0000 1.0349 1.0728
v 0.0000 1.0238 1.0959
v -0.6388 1.0238 1.0959
v -0.6388 1.0800 1.1664
v 0.0000 1.0800 1.1664
v 0.0000 1.1050 1.1607
v -0.6388 1.1050 1.1607
v -0.6388 1.1251 1.0728
v 0.0000 1.1251 1.0728
v 0.0000 1.1050 1.0568
v -0.6388 1.1050 1.0568
v -0.6388 1.0800 1.0511
v 0.0000 1.0800 1.0511
v 0.0000 1.0550 1.0568
v -0.6388 1.0550 1.0568
v -0.6388 1.0349 1.1447
v 0.0000 1.0349 1.1447
v 0.0000 1.0550 1.1607
v -0.6388 1.0550 1.1607
v -0.6388 1.1362 1.1216
v 0.0000 1.1362 1.1216
v 0.0000 1.1362 1.0959
v -0.6388 1.1362 1.0959
v -0.4285 0.6771 -0.3695
v -0.4285 0.6771 -1.5311
v -0.4285 0.8760 -1.5311
v -0.4285 0.8760 -0.3695
v -0.7949 0.6771 -1.5311
v -0.9779 0.6771 -1.5311
v -0.9779 0.6771 -0.3695
v -0.7949 0.6771 -0.3695
v -0.4285 0.4781 -1.5311
v -0.4285 0.4781 -0.3695
v -0.7093 0.4781 -0.3695
v -0.7093 0.4781 -1.5311
v -0.7093 0.8760 -1.5311
v -0.7093 0.8760 -0.3695
v -0.4285 0.8760 -0.3695
v -0.4285 0.8760 -1.5311
v -0.7093 0.7627 -1.5311
v -0.7093 0.7627 -0.3695
v -0.7093 0.8760 -0.3695
v -0.7093 0.8760 -1.5311
v -0.4285 0.4781 -0.3695
v -0.4285 0.4781 -1.5311
v -0.4285 0.6771 -1.5311
v -0.4285 0.6771 -0.3695
v -0.9779 0.4781 -1.5311
v -0.9779 0.4781 -0.3695
v -0.9779 0.6771 -0.3695
v -0.9779 0.6771 -1.5311
v -0.9779 0.4781 -0.3695
v -0.9779 0.4781 -1.5311
v -0.7093 0.7627 -1.5311
v -0.6237 0.6771 -1.5311
v -0.7093 0.5915 -1.5311
v -0.7949 0.6771 -1.5311
v -0.7949 0.6771 -0.3695
v -0.7093 0.5915 -0.3695
v -0.6237 0.6771 -0.3695
v -0.7093 0.7627 -0.3695
v -0.7093 0.7627 -1.5311
v -0.7949 0.6771 -1.5311
v -0.7949 0.6771 -0.3695
v -0.7093 0.7627 -0.3695
v 0.7949 0.6771 -1.5311
v 0.7093 0.4781 -1.5311
v 0.7093 0.5915 -1.5311
v 0.9779 0.4781 -1.5311
v 0.9779 0.6771 -1.5311
v 0.7093 0.4781 -0.3695
v 0.4285 0.6771 -0.3695
v 0.4285 0.4781 -0.3695
v 0.6237 0.6771 -0.3695
v 0.7093 0.5915 -0.3695
v 0.9779 0.4781 -0.3695
v 0.7093 0.5915 -0.3695
v 0.7093 0.4781 -0.3695
v 0.7949 0.6771 -0.3695
v 0.9779 0.6771 -0.3695
v 0.7093 0.8760 -1.5311
v 0.4285 0.6771 -1.5311
v 0.4285 0.8760 -1.5311
v 0.6237 0.6771 -1.5311
v 0.7093 0.7627 -1.5311
v 0.6237 0.6771 -0.3695
v 0.4285 0.8760 -0.3695
v 0.4285 0.6771 -0.3695
v 0.7093 0.8760 -0.3695
v 0.7093 0.7627 -0.3695
v 0.6237 0.6771 -1.5311
v 0.4285 0.4781 -1.5311
v 0.4285 0.6771 -1.5311
v 0.7093 0.4781 -1.5311
v 0.7093 0.5915 -1.5311
v -1.1077 3.1465 1.0899
v -1.0992 3.1378 1.0414
v -1.1070 3.1378 1.0658
v -1.0857 3.1465 1.0214
v -1.1012 3.1623 1.1088
v -1.0693 3.1623 1.0099
v -1.0886 3.1820 1.1189
v -1.0532 3.1820 1.0091
v -1.0725 3.2018 1.1181
v -1.0406 3.2018 1.0191
v -1.0561 3.2176 1.1066
v -1.0340 3.2176 1.0381
v -1.0426 3.2263 1.0866
v -1.0347 3.2263 1.0622
v 0.0000 1.0349 1.0728
v 0.0000 1.0238 1.1216
v 0.0000 1.0238 1.0959
v 0.0000 1.0349 1.1447
v 0.0000 1.0550 1.0568
v 0.0000 1.0550 1.1607
v 0.0000 1.0800 1.0511
v 0.0000 1.0800 1.1664
v 0.0000 1.1050 1.1607
v 0.0000 1.1050 1.0568
v 0.0000 1.1251 1.0728
v 0.0000 1.1251 1.1447
v 0.0000 1.1362 1.0959
v 0.0000 1.1362 1.1216
v -0.7949 0.6771 -1.5311
v -0.9779 0.4781 -1.5311
v -0.9779 0.6771 -1.5311
v -0.7093 0.4781 -1.5311
v -0.7093 0.5915 -1.5311
v -0.4285 0.4781 -0.3695
v -0.7093 0.5915 -0.3695
v -0.7093 0.4781 -0.3695
v -0.6237 0.6771 -0.3695
v -0.4285 0.6771 -0.3695
v -0.7093 0.4781 -0.3695
v -0.9779 0.6771 -0.3695
v -0.9779 0.4781 -0.3695
v -0.7949 0.6771 -0.3695
v -0.4285 0.8760 -1.5311
v -0.7093 0.8760 -1.5311
v -0.4285 0.6771 -1.5311
v -0.6237 0.6771 -0.3695
v -0.7093 0.8760 -0.3695
v -0.7093 0.7627 -0.3695
v -0.4285 0.8760 -0.3695
v -0.4285 0.6771 -0.3695
v -0.6237 0.6771 -1.5311
v -0.7093 0.4781 -1.5311
v -0.7093 0.5915 -1.5311
v -0.4285 0.4781 -1.5311
v -0.4285 0.6771 -1.5311
v 1.0857 3.1465 1.0214
v 1.1070 3.1378 1.0658
v 1.0992 3.1378 1.0414
v 1.1077 3.1465 1.0899
v 1.0693 3.1623 1.0099
v 1.1012 3.1623 1.1088
v 1.0532 3.1820 1.0091
v 1.0886 3.1820 1.1189
v 1.0406 3.2018 1.0191
v 1.0725 3.2018 1.1181
v 1.0340 3.2176 1.0381
v 1.0561 3.2176 1.1066
v 1.0347 3.2263 1.0622
v 1.0426 3.2263 1.0866
v 0.2783 0.9757 -1.8407
v 0.2783 0.9757 -1.8407
v 0.2783 0.9757 -1.8407
v 0.2689 1.0335 -1.8518
v 0.2689 1.0335 -1.8518
v 0.2689 1.0335 -1.8518
v 0.2659 0.9757 -2.4738
v 0.2659 0.9757 -2.4738
v 0.2659 0.9757 -2.4738
v 0.2550 1.0335 -2.4602
v 0.2550 1.0335 -2.4602
v 0.2550 1.0335 -2.4602
v 0.1538 1.0335 -2.4602
v 0.1538 1.0335 -2.4602
v 0.1538 1.0335 -2.4602
v 0.1538 1.0335 -2.4602
v 0.1453 0.9757 -1.7932
v 0.1453 0.9757 -1.7932
v 0.1453 0.9757 -1.7932
v 0.1453 0.9757 -1.7932
v 0.1453 0.9757 -2.4738
v 0.1453 0.9757 -2.4738
v 0.1453 0.9757 -2.4738
v 0.1453 0.9757 -2.4738
v 0.1429 1.0335 -1.8068
v 0.1429 1.0335 -1.8068
v 0.1429 1.0335 -1.8068
v 0.1429 1.0335 -1.8068
v 0.0726 0.9757 -2.3239
v 0.0726 0.9757 -2.3239
v 0.0726 0.9757 -2.3239
v 0.0726 0.9757 -2.3239
v 0.0726 1.0335 -1.8068
v 0.0726 1.0335 -1.8068
v 0.0726 1.0335 -1.8068
v 0.0858 1.0335 -2.3198
v 0.0858 1.0335 -2.3198
v 0.0858 1.0335 -2.3198
v 0.0858 1.0335 -2.3198
v 0.0726 0.9757 -1.7932
v 0.0726 0.9757 -1.7932
v 0.0303 0.9757 -2.0511
v 0.0303 0.9757 -2.0511
v 0.0303 0.9757 -2.0511
v 0.0303 0.9757 -2.0511
v 0.0303 1.0335 -1.8068
v 0.0303 1.0335 -1.8068
v 0.0303 1.0335 -1.8068
v 0.0423 1.0335 -2.0394
v 0.0423 1.0335 -2.0394
v 0.0423 1.0335 -2.0394
v 0.0423 1.0335 -2.0394
v 0.0303 0.9757 -1.7932
v 0.0303 0.9757 -1.7932
v 0.3155 0.9757 -2.2490
v 0.3155 0.9757 -2.2490
v 0.3155 0.9757 -2.2490
v 0.3023 1.0335 -2.2458
v 0.3023 1.0335 -2.2458
v 0.3023 1.0335 -2.2458
v 0.3023 1.0335 -2.2458
v 0.1453 1.0335 -2.2490
v 0.1453 1.0335 -2.2490
v 0.1453 1.0335 -2.2490
v 0.1453 1.0335 -2.2490
v 0.1453 0.9757 -2.2490
v 0.1453 0.9757 -2.2490
v 0.1453 0.9757 -2.2490
v 0.0726 0.9757 -2.1486
v 0.0726 0.9757 -2.1486
v 0.0726 0.9757 -2.1486
v 0.0726 1.0335 -2.1486
v 0.0726 1.0335 -2.1486
v 0.0726 1.0335 -2.1486
v 0.0303 0.9757 -1.9659
v 0.0303 0.9757 -1.9659
v 0.0303 0.9757 -1.9659
v 0.0303 1.0335 -1.9659
v 0.0303 1.0335 -1.9659
v 0.0303 1.0335 -1.9659
v 0.0303 1.0335 -1.9659
v 0.3350 1.0335 -2.1251
v 0.3350 1.0335 -2.1251
v 0.3350 1.0335 -2.1251
v 0.3350 1.0335 -2.1251
v 0.1453 1.0335 -2.1269
v 0.1453 1.0335 -2.1269
v 0.1453 1.0335 -2.1269
v 0.1453 0.9757 -2.1269
v 0.1453 0.9757 -2.1269
v 0.0726 0.9757 -2.0534
v 0.0726 0.9757 -2.0534
v 0.0726 0.9757 -2.0534
v 0.0726 1.0335 -2.0534
v 0.0303 0.9757 -1.9196
v 0.0303 0.9757 -1.9196
v 0.0303 0.9757 -1.9196
v 0.0303 0.9757 -1.9196
v 0.0303 1.0335 -1.9196
v 0.0303 1.0335 -1.9196
v 0.0303 1.0335 -1.9196
v 0.3486 0.9757 -2.1269
v 0.3486 0.9757 -2.1269
v 0.3486 0.9757 -2.1269
v 0.3350 1.0335 -1.9720
v 0.3350 1.0335 -1.9720
v 0.3350 1.0335 -1.9720
v 0.3350 1.0335 -1.9720
v 0.1453 1.0335 -1.9685
v 0.1453 1.0335 -1.9685
v 0.1453 1.0335 -1.9685
v 0.1453 1.0335 -1.9685
v 0.1453 0.9757 -1.9685
v 0.1453 0.9757 -1.9685
v 0.0726 0.9757 -1.9299
v 0.0726 0.9757 -1.9299
v 0.0726 1.0335 -1.9299
v 0.0726 1.0335 -1.9299
v 0.0726 1.0335 -1.9299
v 0.0303 0.9757 -1.8596
v 0.0303 0.9757 -1.8596
v 0.0303 0.9757 -1.8596
v 0.0303 1.0335 -1.8596
v 0.0303 1.0335 -1.8596
v 0.0303 1.0335 -1.8596
v 0.3486 0.9757 -1.9685
v 0.3486 0.9757 -1.9685
v 0.3486 0.9757 -1.9685
v 0.3486 0.9757 -1.9685
v 0.1453 1.0335 -2.4738
v 0.1453 1.0335 -2.4738
v 0.1453 1.0335 -2.4738
v 0.2659 1.0335 -2.4738
v 0.2659 1.0335 -2.4738
v 0.2659 1.0335 -2.4738
v 0.3486 1.0335 -1.9685
v 0.3486 1.0335 -1.9685
v 0.3486 1.0335 -1.9685
v 0.2783 1.0335 -1.8407
v 0.2783 1.0335 -1.8407
v 0.2783 1.0335 -1.8407
v 0.2783 1.0335 -1.8407
v 0.0303 1.0335 -1.7932
v 0.0726 1.0335 -2.3239
v 0.0726 1.0335 -2.3239
v 0.0726 1.0335 -2.3239
v 0.0726 1.0335 -2.3239
v 0.1453 1.0335 -1.7932
v 0.1453 1.0335 -1.7932
v 0.1453 1.0335 -1.7932
v 0.0726 1.0335 -1.7932
v 0.0303 1.0335 -2.0511
v 0.0303 1.0335 -2.0511
v 0.0303 1.0335 -2.0511
v 0.0303 1.0335 -2.0511
v 0.3155 1.0335 -2.2490
v 0.3155 1.0335 -2.2490
v 0.3155 1.0335 -2.2490
v 0.3155 1.0335 -2.2490
v 0.3486 1.0335 -2.1269
v 0.3486 1.0335 -2.1269
v 0.3486 1.0335 -2.1269
v 0.1453 1.0505 -2.4738
v 0.1453 1.0505 -2.4738
v 0.1453 1.0505 -2.4738
v 0.2659 1.0505 -2.4738
v 0.2659 1.0505 -2.4738
v 0.2659 1.0505 -2.4738
v 0.2659 1.0505 -2.4738
v 0.3486 1.0505 -1.9685
v 0.3486 1.0505 -1.9685
v 0.3486 1.0505 -1.9685
v 0.2783 1.0505 -1.8407
v 0.2783 1.0505 -1.8407
v 0.2783 1.0505 -1.8407
v 0.0303 1.0505 -1.7932
v 0.0303 1.0505 -1.7932
v 0.0726 1.0505 -2.3239
v 0.0726 1.0505 -2.3239
v 0.0726 1.0505 -2.3239
v 0.1453 1.0505 -1.7932
v 0.1453 1.0505 -1.7932
v 0.1453 1.0505 -1.7932
v 0.0726 1.0505 -1.7932
v 0.0726 1.0505 -1.7932
v 0.0303 1.0505 -2.0511
v 0.0303 1.0505 -2.0511
v 0.0303 1.0505 -2.0511
v 0.0303 1.0505 -2.0511
v 0.3155 1.0505 -2.2490
v 0.3155 1.0505 -2.2490
v 0.3155 1.0505 -2.2490
v 0.3155 1.0505 -2.2490
v 0.3486 1.0505 -2.1269
v 0.3486 1.0505 -2.1269
v 0.3486 1.0505 -2.1269
v 0.3486 1.0505 -2.1269
v 0.1538 1.0505 -2.4602
v 0.1538 1.0505 -2.4602
v 0.1538 1.0505 -2.4602
v 0.2550 1.0505 -2.4602
v 0.2550 1.0505 -2.4602
v 0.2550 1.0505 -2.4602
v 0.2550 1.0505 -2.4602
v 0.3350 1.0505 -1.9720
v 0.3350 1.0505 -1.9720
v 0.3350 1.0505 -1.9720
v 0.2689 1.0505 -1.8518
v 0.2689 1.0505 -1.8518
v 0.2689 1.0505 -1.8518
v 0.0303 1.0505 -1.8068
v 0.0303 1.0505 -1.8068
v 0.0858 1.0505 -2.3198
v 0.0858 1.0505 -2.3198
v 0.0858 1.0505 -2.3198
v 0.1429 1.0505 -1.8068
v 0.1429 1.0505 -1.8068
v 0.1429 1.0505 -1.8068
v 0.0726 1.0505 -1.8068
v 0.0726 1.0505 -1.8068
v 0.0423 1.0505 -2.0394
v 0.0423 1.0505 -2.0394
v 0.0423 1.0505 -2.0394
v 0.0423 1.0505 -2.0394
v 0.3023 1.0505 -2.2458
v 0.3023 1.0505 -2.2458
v 0.3023 1.0505 -2.2458
v 0.3023 1.0505 -2.2458
v 0.3350 1.0505 -2.1251
v 0.3350 1.0505 -2.1251
v 0.3350 1.0505 -2.1251
v 0.3350 1.0505 -2.1251
v -0.2783 0.9757 -1.8407
v -0.2783 0.9757 -1.8407
v -0.2783 0.9757 -1.8407
v -0.2689 1.0335 -1.8518
v -0.2689 1.0335 -1.8518
v -0.2689 1.0335 -1.8518
v -0.2659 0.9757 -2.4738
v -0.2659 0.9757 -2.4738
v -0.2659 0.9757 -2.4738
v -0.2550 1.0335 -2.4602
v -0.2550 1.0335 -2.4602
v -0.2550 1.0335 -2.4602
v 0.0000 0.9757 -2.0458
v 0.0000 0.9757 -2.0458
v 0.0000 0.9757 -2.0458
v 0.0000 0.9757 -2.0458
v 0.0000 1.0335 -2.0320
v 0.0000 1.0335 -2.0320
v 0.0000 1.0335 -2.0320
v 0.0000 1.0335 -2.0320
v 0.0000 0.9757 -1.7932
v 0.0000 0.9757 -1.7932
v 0.0000 1.0335 -1.8068
v 0.0000 1.0335 -1.8068
v -0.1538 1.0335 -2.4602
v -0.1538 1.0335 -2.4602
v -0.1538 1.0335 -2.4602
v -0.1538 1.0335 -2.4602
v -0.1453 0.9757 -1.7932
v -0.1453 0.9757 -1.7932
v -0.1453 0.9757 -1.7932
v -0.1453 0.9757 -1.7932
v -0.1453 0.9757 -2.4738
v -0.1453 0.9757 -2.4738
v -0.1453 0.9757 -2.4738
v -0.1429 1.0335 -1.8068
v -0.1429 1.0335 -1.8068
v -0.1429 1.0335 -1.8068
v -0.1429 1.0335 -1.8068
v -0.0726 0.9757 -2.3239
v -0.0726 0.9757 -2.3239
v -0.0726 0.9757 -2.3239
v -0.0726 1.0335 -1.8068
v -0.0726 1.0335 -1.8068
v -0.0726 1.0335 -1.8068
v -0.0858 1.0335 -2.3198
v -0.0858 1.0335 -2.3198
v -0.0858 1.0335 -2.3198
v -0.0858 1.0335 -2.3198
v -0.0726 0.9757 -1.7932
v -0.0726 0.9757 -1.7932
v -0.0303 0.9757 -2.0511
v -0.0303 0.9757 -2.0511
v -0.0303 0.9757 -2.0511
v -0.0303 1.0335 -1.8068
v -0.0303 1.0335 -1.8068
v -0.0303 1.0335 -1.8068
v -0.0423 1.0335 -2.0394
v -0.0423 1.0335 -2.0394
v -0.0423 1.0335 -2.0394
v -0.0423 1.0335 -2.0394
v -0.0303 0.9757 -1.7932
v -0.0303 0.9757 -1.7932
v -0.3155 0.9757 -2.2490
v -0.3155 0.9757 -2.2490
v -0.3155 0.9757 -2.2490
v -0.3023 1.0335 -2.2458
v -0.3023 1.0335 -2.2458
v -0.3023 1.0335 -2.2458
v 0.0000 1.0335 -1.9624
v 0.0000 1.0335 -1.9624
v 0.0000 1.0335 -1.9624
v 0.0000 1.0335 -1.9624
v 0.0000 0.9757 -1.9624
v 0.0000 0.9757 -1.9624
v 0.0000 0.9757 -1.9624
v -0.1453 1.0335 -2.2490
v -0.1453 1.0335 -2.2490
v -0.1453 0.9757 -2.2490
v -0.1453 0.9757 -2.2490
v -0.0726 0.9757 -2.1486
v -0.0726 0.9757 -2.1486
v -0.0726 0.9757 -2.1486
v -0.0726 1.0335 -2.1486
v -0.0726 1.0335 -2.1486
v -0.0726 1.0335 -2.1486
v -0.0303 0.9757 -1.9659
v -0.0303 0.9757 -1.9659
v -0.0303 1.0335 -1.9659
v -0.0303 1.0335 -1.9659
v -0.0303 1.0335 -1.9659
v -0.0303 1.0335 -1.9659
v -0.3350 1.0335 -2.1251
v -0.3350 1.0335 -2.1251
v -0.3350 1.0335 -2.1251
v -0.3350 1.0335 -2.1251
v 0.0000 1.0335 -1.9170
v 0.0000 1.0335 -1.9170
v 0.0000 1.0335 -1.9170
v 0.0000 1.0335 -1.9170
v 0.0000 0.9757 -1.9170
v 0.0000 0.9757 -1.9170
v 0.0000 0.9757 -1.9170
v 0.0000 0.9757 -1.9170
v -0.1453 1.0335 -2.1269
v -0.1453 1.0335 -2.1269
v -0.1453 0.9757 -2.1269
v -0.1453 0.9757 -2.1269
v -0.0726 0.9757 -2.0534
v -0.0726 0.9757 -2.0534
v -0.0726 0.9757 -2.0534
v -0.0726 0.9757 -2.0534
v -0.0726 1.0335 -2.0534
v -0.0303 0.9757 -1.9196
v -0.0303 0.9757 -1.9196
v -0.0303 0.9757 -1.9196
v -0.0303 0.9757 -1.9196
v -0.0303 1.0335 -1.9196
v -0.0303 1.0335 -1.9196
v -0.3486 0.9757 -2.1269
v -0.3486 0.9757 -2.1269
v -0.3486 0.9757 -2.1269
v -0.3350 1.0335 -1.9720
v -0.3350 1.0335 -1.9720
v -0.3350 1.0335 -1.9720
v -0.3350 1.0335 -1.9720
v 0.0000 1.0335 -1.8582
v 0.0000 1.0335 -1.8582
v 0.0000 0.9757 -1.8582
v 0.0000 0.9757 -1.8582
v 0.0000 0.9757 -1.8582
v -0.1453 1.0335 -1.9685
v -0.1453 1.0335 -1.9685
v -0.1453 1.0335 -1.9685
v -0.1453 1.0335 -1.9685
v -0.1453 0.9757 -1.9685
v -0.1453 0.9757 -1.9685
v -0.0726 0.9757 -1.9299
v -0.0726 0.9757 -1.9299
v -0.0726 1.0335 -1.9299
v -0.0726 1.0335 -1.9299
v -0.0726 1.0335 -1.9299
v -0.0303 0.9757 -1.8596
v -0.0303 0.9757 -1.8596
v -0.0303 0.9757 -1.8596
v -0.0303 1.0335 -1.8596
v -0.0303 1.0335 -1.8596
v -0.3486 0.9757 -1.9685
v -0.3486 0.9757 -1.9685
v -0.3486 0.9757 -1.9685
v -0.3486 0.9757 -1.9685
v -0.1453 1.0335 -2.4738
v -0.1453 1.0335 -2.4738
v -0.1453 1.0335 -2.4738
v -0.2659 1.0335 -2.4738
v -0.2659 1.0335 -2.4738
v -0.2659 1.0335 -2.4738
v -0.3486 1.0335 -1.9685
v -0.3486 1.0335 -1.9685
v -0.3486 1.0335 -1.9685
v -0.2783 1.0335 -1.8407
v -0.2783 1.0335 -1.8407
v -0.2783 1.0335 -1.8407
v -0.2783 1.0335 -1.8407
v -0.0303 1.0335 -1.7932
v 0.0000 1.0335 -1.7932
v -0.0726 1.0335 -2.3239
v -0.0726 1.0335 -2.3239
v -0.0726 1.0335 -2.3239
v -0.0726 1.0335 -2.3239
v -0.1453 1.0335 -1.7932
v -0.1453 1.0335 -1.7932
v -0.1453 1.0335 -1.7932
v -0.0726 1.0335 -1.7932
v -0.0303 1.0335 -2.0511
v -0.0303 1.0335 -2.0511
v -0.0303 1.0335 -2.0511
v -0.0303 1.0335 -2.0511
v 0.0000 1.0335 -2.0458
v 0.0000 1.0335 -2.0458
v 0.0000 1.0335 -2.0458
v 0.0000 1.0335 -2.0458
v -0.3155 1.0335 -2.2490
v -0.3155 1.0335 -2.2490
v -0.3155 1.0335 -2.2490
v -0.3155 1.0335 -2.2490
v -0.3486 1.0335 -2.1269
v -0.3486 1.0335 -2.1269
v -0.3486 1.0335 -2.1269
v -0.1453 1.0505 -2.4738
v -0.1453 1.0505 -2.4738
v -0.1453 1.0505 -2.4738
v -0.1453 1.0505 -2.4738
v -0.2659 1.0505 -2.4738
v -0.2659 1.0505 -2.4738
v -0.2659 1.0505 -2.4738
v -0.2659 1.0505 -2.4738
v -0.3486 1.0505 -1.9685
v -0.3486 1.0505 -1.9685
v -0.3486 1.0505 -1.9685
v -0.3486 1.0505 -1.9685
v -0.2783 1.0505 -1.8407
v -0.2783 1.0505 -1.8407
v -0.2783 1.0505 -1.8407
v -0.2783 1.0505 -1.8407
v -0.0303 1.0505 -1.7932
v -0.0303 1.0505 -1.7932
v 0.0000 1.0505 -1.7932
v 0.0000 1.0505 -1.7932
v -0.0726 1.0505 -2.3239
v -0.0726 1.0505 -2.3239
v -0.0726 1.0505 -2.3239
v -0.0726 1.0505 -2.3239
v -0.1453 1.0505 -1.7932
v -0.1453 1.0505 -1.7932
v -0.1453 1.0505 -1.7932
v -0.1453 1.0505 -1.7932
v -0.0726 1.0505 -1.7932
v -0.0726 1.0505 -1.7932
v -0.0303 1.0505 -2.0511
v -0.0303 1.0505 -2.0511
v -0.0303 1.0505 -2.0511
v -0.0303 1.0505 -2.0511
v 0.0000 1.0505 -2.0458
v 0.0000 1.0505 -2.0458
v 0.0000 1.0505 -2.0458
v 0.0000 1.0505 -2.0458
v -0.3155 1.0505 -2.2490
v -0.3155 1.0505 -2.2490
v -0.3155 1.0505 -2.2490
v -0.3155 1.0505 -2.2490
v -0.3486 1.0505 -2.1269
v -0.3486 1.0505 -2.1269
v -0.3486 1.0505 -2.1269
v -0.3486 1.0505 -2.1269
v -0.1538 1.0505 -2.4602
v -0.1538 1.0505 -2.4602
v -0.1538 1.0505 -2.4602
v -0.1538 1.0505 -2.4602
v -0.2550 1.0505 -2.4602
v -0.2550 1.0505 -2.4602
v -0.2550 1.0505 -2.4602
v -0.2550 1.0505 -2.4602
v -0.3350 1.0505 -1.9720
v -0.3350 1.0505 -1.9720
v -0.3350 1.0505 -1.9720
v -0.3350 1.0505 -1.9720
v -0.2689 1.0505 -1.8518
v -0.2689 1.0505 -1.8518
v -0.2689 1.0505 -1.8518
v -0.2689 1.0505 -1.8518
v -0.0303 1.0505 -1.8068
v -0.0303 1.0505 -1.8068
v 0.0000 1.0505 -1.8068
v 0.0000 1.0505 -1.8068
v -0.0858 1.0505 -2.3198
v -0.0858 1.0505 -2.3198
v -0.0858 1.0505 -2.3198
v -0.0858 1.0505 -2.3198
v -0.1429 1.0505 -1.8068
v -0.1429 1.0505 -1.8068
v -0.1429 1.0505 -1.8068
v -0.1429 1.0505 -1.8068
v -0.0726 1.0505 -1.8068
v -0.0726 1.0505 -1.8068
v -0.0423 1.0505 -2.0394
v -0.0423 1.0505 -2.0394
v -0.0423 1.0505 -2.0394
v -0.0423 1.0505 -2.0394
v 0.0000 1.0505 -2.0320
v 0.0000 1.0505 -2.0320
v 0.0000 1.0505 -2.0320
v 0.0000 1.0505 -2.0320
v -0.3023 1.0505 -2.2458
v -0.3023 1.0505 -2.2458
v -0.3023 1.0505 -2.2458
v -0.3023 1.0505 -2.2458
v -0.3350 1.0505 -2.1251
v -0.3350 1.0505 -2.1251
v -0.3350 1.0505 -2.1251
v -0.3350 1.0505 -2.1251
v -0.3801 0.9345 -0.3892
v -0.3801 0.9345 -0.3892
v -0.3801 0.9345 -0.3892
v -0.3801 1.3520 -0.3892
v -0.3801 1.3520 -0.3892
v -0.3801 1.3520 -0.3892
v -0.3801 1.3520 -0.3892
v -0.3712 0.9345 -0.3872
v -0.3712 0.9345 -0.3872
v -0.3712 0.9345 -0.3872
v -0.3712 1.3520 -0.3872
v -0.3712 1.3520 -0.3872
v -0.3712 1.3520 -0.3872
v -0.3712 1.3520 -0.3872
v -0.3640 0.9345 -0.3815
v -0.3640 0.9345 -0.3815
v -0.3640 0.9345 -0.3815
v -0.3640 1.3520 -0.3815
v -0.3640 1.3520 -0.3815
v -0.3640 1.3520 -0.3815
v -0.3640 1.3520 -0.3815
v -0.3600 0.9345 -0.3733
v -0.3600 0.9345 -0.3733
v -0.3600 0.9345 -0.3733
v -0.3600 1.3520 -0.3733
v -0.3600 1.3520 -0.3733
v -0.3600 1.3520 -0.3733
v -0.3600 1.3520 -0.3733
v -0.3600 0.9345 -0.3641
v -0.3600 0.9345 -0.3641
v -0.3600 0.9345 -0.3641
v -0.3600 1.3520 -0.3641
v -0.3600 1.3520 -0.3641
v -0.3600 1.3520 -0.3641
v -0.3600 1.3520 -0.3641
v -0.3640 0.9345 -0.3559
v -0.3640 0.9345 -0.3559
v -0.3640 0.9345 -0.3559
v -0.3640 1.3520 -0.3559
v -0.3640 1.3520 -0.3559
v -0.3640 1.3520 -0.3559
v -0.3640 1.3520 -0.3559
v -0.3712 0.9345 -0.3502
v -0.3712 0.9345 -0.3502
v -0.3712 0.9345 -0.3502
v -0.3712 1.3520 -0.3502
v -0.3712 1.3520 -0.3502
v -0.3712 1.3520 -0.3502
v -0.3712 1.3520 -0.3502
v -0.3801 0.9345 -0.3482
v -0.3801 0.9345 -0.3482
v -0.3801 0.9345 -0.3482
v -0.3801 1.3520 -0.3482
v -0.3801 1.3520 -0.3482
v -0.3801 1.3520 -0.3482
v -0.3801 1.3520 -0.3482
v -0.3890 0.9345 -0.3502
v -0.3890 0.9345 -0.3502
v -0.3890 0.9345 -0.3502
v -0.3890 1.3520 -0.3502
v -0.3890 1.3520 -0.3502
v -0.3890 1.3520 -0.3502
v -0.3890 1.3520 -0.3502
v -0.3961 0.9345 -0.3559
v -0.3961 0.9345 -0.3559
v -0.3961 0.9345 -0.3559
v -0.3961 1.3520 -0.3559
v -0.3961 1.3520 -0.3559
v -0.3961 1.3520 -0.3559
v -0.3961 1.3520 -0.3559
v -0.4001 0.9345 -0.3641
v -0.4001 0.9345 -0.3641
v -0.4001 0.9345 -0.3641
v -0.4001 1.3520 -0.3641
v -0.4001 1.3520 -0.3641
v -0.4001 1.3520 -0.3641
v -0.4001 1.3520 -0.3641
v -0.4001 0.9345 -0.3733
v -0.4001 0.9345 -0.3733
v -0.4001 0.9345 -0.3733
v -0.4001 1.3520 -0.3733
v -0.4001 1.3520 -0.3733
v -0.4001 1.3520 -0.3733
v -0.4001 1.3520 -0.3733
v -0.3961 0.9345 -0.3815
v -0.3961 0.9345 -0.3815
v -0.3961 0.9345 -0.3815
v -0.3961 1.3520 -0.3815
v -0.3961 1.3520 -0.3815
v -0.3961 1.3520 -0.3815
v -0.3961 1.3520 -0.3815
v -0.3890 0.9345 -0.3872
v -0.3890 0.9345 -0.3872
v -0.3890 0.9345 -0.3872
v -0.3890 1.3520 -0.3872
v -0.3890 1.3520 -0.3872
v -0.3890 1.3520 -0.3872
v -0.3890 1.3520 -0.3872
v -0.3610 1.3810 -0.3872
v -0.3610 1.3810 -0.3872
v -0.3610 1.3810 -0.3872
v -0.3610 1.3810 -0.3872
v -0.3694 1.3839 -0.3892
v -0.3694 1.3839 -0.3892
v -0.3694 1.3839 -0.3892
v -0.3694 1.3839 -0.3892
v -0.3543 1.3786 -0.3815
v -0.3543 1.3786 -0.3815
v -0.3543 1.3786 -0.3815
v -0.3543 1.3786 -0.3815
v -0.3506 1.3772 -0.3733
v -0.3506 1.3772 -0.3733
v -0.3506 1.3772 -0.3733
v -0.3506 1.3772 -0.3733
v -0.3506 1.3772 -0.3641
v -0.3506 1.3772 -0.3641
v -0.3506 1.3772 -0.3641
v -0.3506 1.3772 -0.3641
v -0.3543 1.3786 -0.3559
v -0.3543 1.3786 -0.3559
v -0.3543 1.3786 -0.3559
v -0.3543 1.3786 -0.3559
v -0.3610 1.3810 -0.3502
v -0.3610 1.3810 -0.3502
v -0.3610 1.3810 -0.3502
v -0.3610 1.3810 -0.3502
v -0.3694 1.3839 -0.3482
v -0.3694 1.3839 -0.3482
v -0.3694 1.3839 -0.3482
v -0.3694 1.3839 -0.3482
v -0.3778 1.3869 -0.3502
v -0.3778 1.3869 -0.3502
v -0.3778 1.3869 -0.3502
v -0.3778 1.3869 -0.3502
v -0.3846 1.3893 -0.3559
v -0.3846 1.3893 -0.3559
v -0.3846 1.3893 -0.3559
v -0.3846 1.3893 -0.3559
v -0.3883 1.3906 -0.3641
v -0.3883 1.3906 -0.3641
v -0.3883 1.3906 -0.3641
v -0.3883 1.3906 -0.3641
v -0.3883 1.3906 -0.3733
v -0.3883 1.3906 -0.3733
v -0.3883 1.3906 -0.3733
v -0.3883 1.3906 -0.3733
v -0.3846 1.3893 -0.3815
v -0.3846 1.3893 -0.3815
v -0.3846 1.3893 -0.3815
v -0.3846 1.3893 -0.3815
v -0.3778 1.3869 -0.3872
v -0.3778 1.3869 -0.3872
v -0.3778 1.3869 -0.3872
v -0.3778 1.3869 -0.3872
v -0.3394 1.4039 -0.3872
v -0.3394 1.4039 -0.3872
v -0.3394 1.4039 -0.3872
v -0.3394 1.4039 -0.3872
v -0.3446 1.4111 -0.3892
v -0.3446 1.4111 -0.3892
v -0.3446 1.4111 -0.3892
v -0.3446 1.4111 -0.3892
v -0.3352 1.3981 -0.3815
v -0.3352 1.3981 -0.3815
v -0.3352 1.3981 -0.3815
v -0.3352 1.3981 -0.3815
v -0.3329 1.3949 -0.3733
v -0.3329 1.3949 -0.3733
v -0.3329 1.3949 -0.3733
v -0.3329 1.3949 -0.3733
v -0.3329 1.3949 -0.3641
v -0.3329 1.3949 -0.3641
v -0.3329 1.3949 -0.3641
v -0.3329 1.3949 -0.3641
v -0.3352 1.3981 -0.3559
v -0.3352 1.3981 -0.3559
v -0.3352 1.3981 -0.3559
v -0.3352 1.3981 -0.3559
v -0.3394 1.4039 -0.3502
v -0.3394 1.4039 -0.3502
v -0.3394 1.4039 -0.3502
v -0.3394 1.4039 -0.3502
v -0.3446 1.4111 -0.3482
v -0.3446 1.4111 -0.3482
v -0.3446 1.4111 -0.3482
v -0.3446 1.4111 -0.3482
v -0.3499 1.4183 -0.3502
v -0.3499 1.4183 -0.3502
v -0.3499 1.4183 -0.3502
v -0.3499 1.4183 -0.3502
v -0.3541 1.4240 -0.3559
v -0.3541 1.4240 -0.3559
v -0.3541 1.4240 -0.3559
v -0.3541 1.4240 -0.3559
v -0.3564 1.4272 -0.3641
v -0.3564 1.4272 -0.3641
v -0.3564 1.4272 -0.3641
v -0.3564 1.4272 -0.3641
v -0.3564 1.4272 -0.3733
v -0.3564 1.4272 -0.3733
v -0.3564 1.4272 -0.3733
v -0.3564 1.4272 -0.3733
v -0.3541 1.4240 -0.3815
v -0.3541 1.4240 -0.3815
v -0.3541 1.4240 -0.3815
v -0.3541 1.4240 -0.3815
v -0.3499 1.4183 -0.3872
v -0.3499 1.4183 -0.3872
v -0.3499 1.4183 -0.3872
v -0.3499 1.4183 -0.3872
v -0.3093 1.4138 -0.3872
v -0.3093 1.4138 -0.3872
v -0.3093 1.4138 -0.3872
v -0.3093 1.4138 -0.3872
v -0.3093 1.4227 -0.3892
v -0.3093 1.4227 -0.3892
v -0.3093 1.4227 -0.3892
v -0.3093 1.4227 -0.3892
v -0.3093 1.4067 -0.3815
v -0.3093 1.4067 -0.3815
v -0.3093 1.4067 -0.3815
v -0.3093 1.4067 -0.3815
v -0.3093 1.4027 -0.3733
v -0.3093 1.4027 -0.3733
v -0.3093 1.4027 -0.3733
v -0.3093 1.4027 -0.3733
v -0.3093 1.4027 -0.3641
v -0.3093 1.4027 -0.3641
v -0.3093 1.4027 -0.3641
v -0.3093 1.4027 -0.3641
v -0.3093 1.4067 -0.3559
v -0.3093 1.4067 -0.3559
v -0.3093 1.4067 -0.3559
v -0.3093 1.4067 -0.3559
v -0.3093 1.4138 -0.3502
v -0.3093 1.4138 -0.3502
v -0.3093 1.4138 -0.3502
v -0.3093 1.4138 -0.3502
v -0.3093 1.4227 -0.3482
v -0.3093 1.4227 -0.3482
v -0.3093 1.4227 -0.3482
v -0.3093 1.4227 -0.3482
v -0.3093 1.4316 -0.3502
v -0.3093 1.4316 -0.3502
v -0.3093 1.4316 -0.3502
v -0.3093 1.4316 -0.3502
v -0.3093 1.4387 -0.3559
v -0.3093 1.4387 -0.3559
v -0.3093 1.4387 -0.3559
v -0.3093 1.4387 -0.3559
v -0.3093 1.4427 -0.3641
v -0.3093 1.4427 -0.3641
v -0.3093 1.4427 -0.3641
v -0.3093 1.4427 -0.3641
v -0.3093 1.4427 -0.3733
v -0.3093 1.4427 -0.3733
v -0.3093 1.4427 -0.3733
v -0.3093 1.4427 -0.3733
v -0.3093 1.4387 -0.3815
v -0.3093 1.4387 -0.3815
v -0.3093 1.4387 -0.3815
v -0.3093 1.4387 -0.3815
v -0.3093 1.4316 -0.3872
v -0.3093 1.4316 -0.3872
v -0.3093 1.4316 -0.3872
v -0.3093 1.4316 -0.3872
v -0.3794 1.1843 -0.3587
v -0.3794 1.1843 -0.3587
v -0.3794 1.1843 -0.3587
v -0.3794 1.3096 -0.3587
v -0.3794 1.3096 -0.3587
v -0.3794 1.3096 -0.3587
v -0.3794 1.1843 -0.3714
v -0.3794 1.1843 -0.3714
v -0.3794 1.1843 -0.3714
v -0.3794 1.3096 -0.3714
v -0.3794 1.3096 -0.3714
v -0.3794 1.3096 -0.3714
v 0.3794 1.1843 -0.3587
v 0.3794 1.1843 -0.3587
v 0.3794 1.1843 -0.3587
v 0.3794 1.3096 -0.3587
v 0.3794 1.3096 -0.3587
v 0.3794 1.3096 -0.3587
v 0.3794 1.1843 -0.3714
v 0.3794 1.1843 -0.3714
v 0.3794 1.1843 -0.3714
v 0.3794 1.3096 -0.3714
v 0.3794 1.3096 -0.3714
v 0.3794 1.3096 -0.3714
v 0.3801 0.9345 -0.3892
v 0.3801 0.9345 -0.3892
v 0.3801 0.9345 -0.3892
v 0.3801 1.3520 -0.3892
v 0.3801 1.3520 -0.3892
v 0.3801 1.3520 -0.3892
v 0.3801 1.3520 -0.3892
v 0.3712 0.9345 -0.3872
v 0.3712 0.9345 -0.3872
v 0.3712 0.9345 -0.3872
v 0.3712 1.3520 -0.3872
v 0.3712 1.3520 -0.3872
v 0.3712 1.3520 -0.3872
v 0.3712 1.3520 -0.3872
v 0.3640 0.9345 -0.3815
v 0.3640 0.9345 -0.3815
v 0.3640 0.9345 -0.3815
v 0.3640 1.3520 -0.3815
v 0.3640 1.3520 -0.3815
v 0.3640 1.3520 -0.3815
v 0.3640 1.3520 -0.3815
v 0.3600 0.9345 -0.3733
v 0.3600 0.9345 -0.3733
v 0.3600 0.9345 -0.3733
v 0.3600 1.3520 -0.3733
v 0.3600 1.3520 -0.3733
v 0.3600 1.3520 -0.3733
v 0.3600 1.3520 -0.3733
v 0.3600 0.9345 -0.3641
v 0.3600 0.9345 -0.3641
v 0.3600 0.9345 -0.3641
v 0.3600 1.3520 -0.3641
v 0.3600 1.3520 -0.3641
v 0.3600 1.3520 -0.3641
v 0.3600 1.3520 -0.3641
v 0.3640 0.9345 -0.3559
v 0.3640 0.9345 -0.3559
v 0.3640 0.9345 -0.3559
v 0.3640 1.3520 -0.3559
v 0.3640 1.3520 -0.3559
v 0.3640 1.3520 -0.3559
v 0.3640 1.3520 -0.3559
v 0.3712 0.9345 -0.3502
v 0.3712 0.9345 -0.3502
v 0.3712 0.9345 -0.3502
v 0.3712 1.3520 -0.3502
v 0.3712 1.3520 -0.3502
v 0.3712 1.3520 -0.3502
v 0.3712 1.3520 -0.3502
v 0.3801 0.9345 -0.3482
v 0.3801 0.9345 -0.3482
v 0.3801 0.9345 -0.3482
v 0.3801 1.3520 -0.3482
v 0.3801 1.3520 -0.3482
v 0.3801 1.3520 -0.3482
v 0.3801 1.3520 -0.3482
v 0.3890 0.9345 -0.3502
v 0.3890 0.9345 -0.3502
v 0.3890 0.9345 -0.3502
v 0.3890 1.3520 -0.3502
v 0.3890 1.3520 -0.3502
v 0.3890 1.3520 -0.3502
v 0.3890 1.3520 -0.3502
v 0.3961 0.9345 -0.3559
v 0.3961 0.9345 -0.3559
v 0.3961 0.9345 -0.3559
v 0.3961 1.3520 -0.3559
v 0.3961 1.3520 -0.3559
v 0.3961 1.3520 -0.3559
v 0.3961 1.3520 -0.3559
v 0.4001 0.9345 -0.3641
v 0.4001 0.9345 -0.3641
v 0.4001 0.9345 -0.3641
v 0.4001 1.3520 -0.3641
v 0.4001 1.3520 -0.3641
v 0.4001 1.3520 -0.3641
v 0.4001 1.3520 -0.3641
v 0.4001 0.9345 -0.3733
v 0.4001 0.9345 -0.3733
v 0.4001 0.9345 -0.3733
v 0.4001 1.3520 -0.3733
v 0.4001 1.3520 -0.3733
v 0.4001 1.3520 -0.3733
v 0.4001 1.3520 -0.3733
v 0.3961 0.9345 -0.3815
v 0.3961 0.9345 -0.3815
v 0.3961 0.9345 -0.3815
v 0.3961 1.3520 -0.3815
v 0.3961 1.3520 -0.3815
v 0.3961 1.3520 -0.3815
v 0.3961 1.3520 -0.3815
v 0.3890 0.9345 -0.3872
v 0.3890 0.9345 -0.3872
v 0.3890 0.9345 -0.3872
v 0.3890 1.3520 -0.3872
v 0.3890 1.3520 -0.3872
v 0.3890 1.3520 -0.3872
v 0.3890 1.3520 -0.3872
v 0.3610 1.3810 -0.3872
v 0.3610 1.3810 -0.3872
v 0.3610 1.3810 -0.3872
v 0.3610 1.3810 -0.3872
v 0.3694 1.3839 -0.3892
v 0.3694 1.3839 -0.3892
v 0.3694 1.3839 -0.3892
v 0.3694 1.3839 -0.3892
v 0.3543 1.3786 -0.3815
v 0.3543 1.3786 -0.3815
v 0.3543 1.3786 -0.3815
v 0.3543 1.3786 -0.3815
v 0.3506 1.3772 -0.3733
v 0.3506 1.3772 -0.3733
v 0.3506 1.3772 -0.3733
v 0.3506 1.3772 -0.3733
v 0.3506 1.3772 -0.3641
v 0.3506 1.3772 -0.3641
v 0.3506 1.3772 -0.3641
v 0.3506 1.3772 -0.3641
v 0.3543 1.3786 -0.3559
v 0.3543 1.3786 -0.3559
v 0.3543 1.3786 -0.3559
v 0.3543 1.3786 -0.3559
v 0.3610 1.3810 -0.3502
v 0.3610 1.3810 -0.3502
v 0.3610 1.3810 -0.3502
v 0.3610 1.3810 -0.3502
v 0.3694 1.3839 -0.3482
v 0.3694 1.3839 -0.3482
v 0.3694 1.3839 -0.3482
v 0.3694 1.3839 -0.3482
v 0.3778 1.3869 -0.3502
v 0.3778 1.3869 -0.3502
v 0.3778 1.3869 -0.3502
v 0.3778 1.3869 -0.3502
v 0.3846 1.3893 -0.3559
v 0.3846 1.3893 -0.3559
v 0.3846 1.3893 -0.3559
v 0.3846 1.3893 -0.3559
v 0.3883 1.3906 -0.3641
v 0.3883 1.3906 -0.3641
v 0.3883 1.3906 -0.3641
v 0.3883 1.3906 -0.3641
v 0.3883 1.3906 -0.3733
v 0.3883 1.3906 -0.3733
v 0.3883 1.3906 -0.3733
v 0.3883 1.3906 -0.3733
v 0.3846 1.3893 -0.3815
v 0.3846 1.3893 -0.3815
v 0.3846 1.3893 -0.3815
v 0.3846 1.3893 -0.3815
v 0.3778 1.3869 -0.3872
v 0.3778 1.3869 -0.3872
v 0.3778 1.3869 -0.3872
v 0.3778 1.3869 -0.3872
v 0.3394 1.4039 -0.3872
v 0.3394 1.4039 -0.3872
v 0.3394 1.4039 -0.3872
v 0.3394 1.4039 -0.3872
v 0.3446 1.4111 -0.3892
v 0.3446 1.4111 -0.3892
v 0.3446 1.4111 -0.3892
v 0.3446 1.4111 -0.3892
v 0.3352 1.3981 -0.3815
v 0.3352 1.3981 -0.3815
v 0.3352 1.3981 -0.3815
v 0.3352 1.3981 -0.3815
v 0.3329 1.3949 -0.3733
v 0.3329 1.3949 -0.3733
v 0.3329 1.3949 -0.3733
v 0.3329 1.3949 -0.3733
v 0.3329 1.3949 -0.3641
v 0.3329 1.3949 -0.3641
v 0.3329 1.3949 -0.3641
v 0.3329 1.3949 -0.3641
v 0.3352 1.3981 -0.3559
v 0.3352 1.3981 -0.3559
v 0.3352 1.3981 -0.3559
v 0.3352 1.3981 -0.3559
v 0.3394 1.4039 -0.3502
v 0.3394 1.4039 -0.3502
v 0.3394 1.4039 -0.3502
v 0.3394 1.4039 -0.3502
v 0.3446 1.4111 -0.3482
v 0.3446 1.4111 -0.3482
v 0.3446 1.4111 -0.3482
v 0.3446 1.4111 -0.3482
v 0.3499 1.4183 -0.3502
v 0.3499 1.4183 -0.3502
v 0.3499 1.4183 -0.3502
v 0.3499 1.4183 -0.3502
v 0.3541 1.4240 -0.3559
v 0.3541 1.4240 -0.3559
v 0.3541 1.4240 -0.3559
v 0.3541 1.4240 -0.3559
v 0.3564 1.4272 -0.3641
v 0.3564 1.4272 -0.3641
v 0.3564 1.4272 -0.3641
v 0.3564 1.4272 -0.3641
v 0.3564 1.4272 -0.3733
v 0.3564 1.4272 -0.3733
v 0.3564 1.4272 -0.3733
v 0.3564 1.4272 -0.3733
v 0.3541 1.4240 -0.3815
v 0.3541 1.4240 -0.3815
v 0.3541 1.4240 -0.3815
v 0.3541 1.4240 -0.3815
v 0.3499 1.4183 -0.3872
v 0.3499 1.4183 -0.3872
v 0.3499 1.4183 -0.3872
v 0.3499 1.4183 -0.3872
v 0.3093 1.4138 -0.3872
v 0.3093 1.4138 -0.3872
v 0.3093 1.4138 -0.3872
v 0.3093 1.4138 -0.3872
v 0.3093 1.4227 -0.3892
v 0.3093 1.4227 -0.3892
v 0.3093 1.4227 -0.3892
v 0.3093 1.4227 -0.3892
v 0.3093 1.4067 -0.3815
v 0.3093 1.4067 -0.3815
v 0.3093 1.4067 -0.3815
v 0.3093 1.4067 -0.3815
v 0.3093 1.4027 -0.3733
v 0.3093 1.4027 -0.3733
v 0.3093 1.4027 -0.3733
v 0.3093 1.4027 -0.3733
v 0.3093 1.4027 -0.3641
v 0.3093 1.4027 -0.3641
v 0.3093 1.4027 -0.3641
v 0.3093 1.4027 -0.3641
v 0.3093 1.4067 -0.3559
v 0.3093 1.4067 -0.3559
v 0.3093 1.4067 -0.3559
v 0.3093 1.4067 -0.3559
v 0.3093 1.4138 -0.3502
v 0.3093 1.4138 -0.3502
v 0.3093 1.4138 -0.3502
v 0.3093 1.4138 -0.3502
v 0.3093 1.4227 -0.3482
v 0.3093 1.4227 -0.3482
v 0.3093 1.4227 -0.3482
v 0.3093 1.4227 -0.3482
v 0.3093 1.4316 -0.3502
v 0.3093 1.4316 -0.3502
v 0.3093 1.4316 -0.3502
v 0.3093 1.4316 -0.3502
v 0.3093 1.4387 -0.3559
v 0.3093 1.4387 -0.3559
v 0.3093 1.4387 -0.3559
v 0.3093 1.4387 -0.3559
v 0.3093 1.4427 -0.3641
v 0.3093 1.4427 -0.3641
v 0.3093 1.4427 -0.3641
v 0.3093 1.4427 -0.3641
v 0.3093 1.4427 -0.3733
v 0.3093 1.4427 -0.3733
v 0.3093 1.4427 -0.3733
v 0.3093 1.4427 -0.3733
v 0.3093 1.4387 -0.3815
v 0.3093 1.4387 -0.3815
v 0.3093 1.4387 -0.3815
v 0.3093 1.4387 -0.3815
v 0.3093 1.4316 -0.3872
v 0.3093 1.4316 -0.3872
v 0.3093 1.4316 -0.3872
v 0.3093 1.4316 -0.3872
v 0.0000 1.4138 -0.3872
v 0.0000 1.4138 -0.3872
v 0.0000 1.4138 -0.3872
v 0.0000 1.4138 -0.3872
v 0.0000 1.4138 -0.3872
v 0.0000 1.4227 -0.3892
v 0.0000 1.4227 -0.3892
v 0.0000 1.4227 -0.3892
v 0.0000 1.4227 -0.3892
v 0.0000 1.4067 -0.3815
v 0.0000 1.4067 -0.3815
v 0.0000 1.4067 -0.3815
v 0.0000 1.4067 -0.3815
v 0.0000 1.4027 -0.3733
v 0.0000 1.4027 -0.3733
v 0.0000 1.4027 -0.3733
v 0.0000 1.4027 -0.3641
v 0.0000 1.4027 -0.3641
v 0.0000 1.4027 -0.3641
v 0.0000 1.4067 -0.3559
v 0.0000 1.4067 -0.3559
v 0.0000 1.4067 -0.3559
v 0.0000 1.4067 -0.3559
v 0.0000 1.4138 -0.3502
v 0.0000 1.4138 -0.3502
v 0.0000 1.4138 -0.3502
v 0.0000 1.4138 -0.3502
v 0.0000 1.4227 -0.3482
v 0.0000 1.4227 -0.3482
v 0.0000 1.4227 -0.3482
v 0.0000 1.4316 -0.3502
v 0.0000 1.4316 -0.3502
v 0.0000 1.4316 -0.3502
v 0.0000 1.4316 -0.3502
v 0.0000 1.4387 -0.3559
v 0.0000 1.4387 -0.3559
v 0.0000 1.4387 -0.3559
v 0.0000 1.4387 -0.3559
v 0.0000 1.4427 -0.3641
v 0.0000 1.4427 -0.3641
v 0.0000 1.4427 -0.3641
v 0.0000 1.4427 -0.3733
v 0.0000 1.4427 -0.3733
v 0.0000 1.4427 -0.3733
v 0.0000 1.4387 -0.3815
v 0.0000 1.4387 -0.3815
v 0.0000 1.4387 -0.3815
v 0.0000 1.4387 -0.3815
v 0.0000 1.4316 -0.3872
v 0.0000 1.4316 -0.3872
v 0.0000 1.4316 -0.3872
v 0.0000 1.4316 -0.3872
v 0.4158 0.6955 2.0944
v 0.4158 0.6955 2.0944
v 0.4158 0.6955 2.0944
v 0.4158 0.9399 2.0944
v 0.4158 0.9399 2.0944
v 0.4158 0.9399 2.0944
v 0.4158 0.6955 -3.7036
v 0.4158 0.6955 -3.7036
v 0.4158 0.9399 -3.7036
v 0.4158 0.9399 -3.7036
v 0.4158 0.9399 -3.7036
v 0.3465 0.7053 -3.5879
v 0.3465 0.7053 -3.5879
v 0.3465 0.7053 -3.5879
v 0.3465 0.7053 -3.5879
v 0.3465 0.9302 -3.5879
v 0.3465 0.9302 -3.5879
v 0.3465 0.9302 -3.5879
v 0.3465 0.9302 -3.5879
v 0.3465 0.7053 2.0746
v 0.3465 0.7053 2.0746
v 0.3465 0.7053 2.0746
v 0.3465 0.7053 2.0746
v 0.3465 0.9302 2.0746
v 0.3465 0.9302 2.0746
v 0.3465 0.9302 2.0746
v 0.3465 0.9302 2.0746
v 0.3465 0.9399 -3.7036
v 0.3465 0.9399 -3.7036
v 0.3465 0.9399 -3.7036
v 0.3465 0.9399 -3.7036
v 0.3465 0.9399 -3.7036
v 0.3465 0.9399 2.0944
v 0.3465 0.9399 2.0944
v 0.3465 0.9399 2.0944
v 0.3465 0.9399 2.0944
v 0.3465 0.6955 -3.7036
v 0.3465 0.6955 -3.7036
v 0.3465 0.6955 -3.7036
v 0.3465 0.6955 -3.7036
v 0.3465 0.6955 2.0944
v 0.3465 0.6955 2.0944
v 0.3465 0.6955 2.0944
v 0.3465 0.6955 2.0944
v 0.4010 0.9302 -3.5879
v 0.4010 0.9302 -3.5879
v 0.4010 0.9302 -3.5879
v 0.4010 0.9302 2.0746
v 0.4010 0.9302 2.0746
v 0.4010 0.9302 2.0746
v 0.4010 0.7053 -3.5879
v 0.4010 0.7053 -3.5879
v 0.4010 0.7053 -3.5879
v 0.4010 0.7053 2.0746
v 0.4010 0.7053 2.0746
v 0.4010 0.7053 2.0746
v 0.3465 0.8563 -4.0267
v 0.3465 0.8563 -4.0267
v 0.3465 0.8563 -4.0267
v 0.3465 0.8563 -4.0267
v 0.4158 0.8563 -4.0267
v 0.4158 0.8563 -4.0267
v 0.4158 0.8563 -4.0267
v 0.4158 0.6955 -4.0267
v 0.4158 0.6955 -4.0267
v 0.4158 0.6955 -4.0267
v 0.3465 0.6955 -4.0267
v 0.3465 0.6955 -4.0267
v 0.3465 0.6955 -4.0267
v 0.4158 0.8924 -3.7036
v 0.4158 0.8924 2.0944
v 0.4158 0.8924 2.0944
v 0.4158 0.8924 2.0944
v 0.3465 0.8924 2.0944
v 0.3465 0.8924 2.0944
v 0.3465 0.8924 2.0944
v 0.3465 0.8924 2.0944
v 0.3465 0.8924 -3.7036
v 0.3465 0.8924 -3.7036
v 0.3465 0.8924 -3.7036
v 0.3465 0.8924 -3.7036
v 0.3465 0.8865 2.0746
v 0.3465 0.8865 2.0746
v 0.3465 0.8865 2.0746
v 0.3465 0.8865 2.0746
v 0.3465 0.8865 -3.5879
v 0.3465 0.8865 -3.5879
v 0.3465 0.8865 -3.5879
v 0.3465 0.8865 -3.5879
v 0.4010 0.8865 2.0746
v 0.4010 0.8865 2.0746
v 0.4010 0.8865 2.0746
v 0.4010 0.8865 2.0746
v 0.4010 0.8865 -3.5879
v 0.4010 0.8865 -3.5879
v 0.4010 0.8865 -3.5879
v 0.4010 0.8865 -3.5879
v 0.4158 0.8251 -4.0267
v 0.4158 0.8251 -4.0267
v 0.4158 0.8251 -4.0267
v 0.3465 0.8251 -4.0267
v 0.3465 0.8251 -4.0267
v 0.3465 0.8251 -4.0267
v 0.3465 0.8251 -4.0267
v 0.3465 0.8251 -4.0267
v 0.3465 0.8251 -4.0267
v 0.3465 0.8563 -4.0855
v 0.3465 0.8563 -4.0855
v 0.3465 0.8563 -4.0855
v 0.4158 0.8563 -4.0562
v 0.4158 0.8563 -4.0562
v 0.4158 0.8563 -4.0562
v 0.4158 0.8251 -4.0562
v 0.4158 0.8251 -4.0562
v 0.4158 0.8251 -4.0562
v 0.3465 0.8251 -4.0855
v 0.3465 0.8251 -4.0855
v 0.3465 0.8251 -4.0855
v 0.3465 0.8251 -4.0855
v -0.4158 0.6955 2.0944
v -0.4158 0.6955 2.0944
v -0.4158 0.6955 2.0944
v -0.4158 0.9399 2.0944
v -0.4158 0.9399 2.0944
v -0.4158 0.9399 2.0944
v -0.4158 0.6955 -3.7036
v -0.4158 0.6955 -3.7036
v -0.4158 0.9399 -3.7036
v -0.4158 0.9399 -3.7036
v -0.4158 0.9399 -3.7036
v -0.3465 0.7053 -3.5879
v -0.3465 0.7053 -3.5879
v -0.3465 0.7053 -3.5879
v -0.3465 0.7053 -3.5879
v -0.3465 0.9302 -3.5879
v -0.3465 0.9302 -3.5879
v -0.3465 0.9302 -3.5879
v -0.3465 0.9302 -3.5879
v -0.3465 0.7053 2.0746
v -0.3465 0.7053 2.0746
v -0.3465 0.7053 2.0746
v -0.3465 0.7053 2.0746
v -0.3465 0.9302 2.0746
v -0.3465 0.9302 2.0746
v -0.3465 0.9302 2.0746
v -0.3465 0.9302 2.0746
v -0.3465 0.9399 -3.7036
v -0.3465 0.9399 -3.7036
v -0.3465 0.9399 -3.7036
v -0.3465 0.9399 -3.7036
v -0.3465 0.9399 -3.7036
v -0.3465 0.9399 2.0944
v -0.3465 0.9399 2.0944
v -0.3465 0.9399 2.0944
v -0.3465 0.9399 2.0944
v -0.3465 0.6955 -3.7036
v -0.3465 0.6955 -3.7036
v -0.3465 0.6955 -3.7036
v -0.3465 0.6955 -3.7036
v -0.3465 0.6955 2.0944
v -0.3465 0.6955 2.0944
v -0.3465 0.6955 2.0944
v -0.3465 0.6955 2.0944
v -0.4010 0.9302 -3.5879
v -0.4010 0.9302 -3.5879
v -0.4010 0.9302 -3.5879
v -0.4010 0.9302 2.0746
v -0.4010 0.9302 2.0746
v -0.4010 0.9302 2.0746
v -0.4010 0.7053 -3.5879
v -0.4010 0.7053 -3.5879
v -0.4010 0.7053 -3.5879
v -0.4010 0.7053 2.0746
v -0.4010 0.7053 2.0746
v -0.4010 0.7053 2.0746
v -0.3465 0.8563 -4.0267
v -0.3465 0.8563 -4.0267
v -0.3465 0.8563 -4.0267
v -0.3465 0.8563 -4.0267
v -0.4158 0.8563 -4.0267
v -0.4158 0.8563 -4.0267
v -0.4158 0.8563 -4.0267
v -0.4158 0.6955 -4.0267
v -0.4158 0.6955 -4.0267
v -0.4158 0.6955 -4.0267
v -0.3465 0.6955 -4.0267
v -0.3465 0.6955 -4.0267
v -0.3465 0.6955 -4.0267
v -0.4158 0.8924 -3.7036
v -0.4158 0.8924 2.0944
v -0.4158 0.8924 2.0944
v -0.3465 0.8924 2.0944
v -0.3465 0.8924 2.0944
v -0.3465 0.8924 2.0944
v -0.3465 0.8924 -3.7036
v -0.3465 0.8924 -3.7036
v -0.3465 0.8924 -3.7036
v -0.3465 0.8924 -3.7036
v -0.3465 0.8865 2.0746
v -0.3465 0.8865 2.0746
v -0.3465 0.8865 2.0746
v -0.3465 0.8865 -3.5879
v -0.3465 0.8865 -3.5879
v -0.3465 0.8865 -3.5879
v -0.3465 0.8865 -3.5879
v -0.4010 0.8865 2.0746
v -0.4010 0.8865 2.0746
v -0.4010 0.8865 2.0746
v -0.4010 0.8865 -3.5879
v -0.4010 0.8865 -3.5879
v -0.4010 0.8865 -3.5879
v -0.4010 0.8865 -3.5879
v -0.4158 0.8251 -4.0267
v -0.4158 0.8251 -4.0267
v -0.4158 0.8251 -4.0267
v -0.3465 0.8251 -4.0267
v -0.3465 0.8251 -4.0267
v -0.3465 0.8251 -4.0267
v -0.3465 0.8251 -4.0267
v -0.3465 0.8251 -4.0267
v -0.3465 0.8563 -4.0855
v -0.3465 0.8563 -4.0855
v -0.3465 0.8563 -4.0855
v -0.4158 0.8563 -4.0562
v -0.4158 0.8563 -4.0562
v -0.4158 0.8563 -4.0562
v -0.4158 0.8251 -4.0562
v -0.4158 0.8251 -4.0562
v -0.4158 0.8251 -4.0562
v -0.3465 0.8251 -4.0855
v -0.3465 0.8251 -4.0855
v -0.3465 0.8251 -4.0855
v 0.0000 0.8563 -4.0267
v 0.0000 0.8563 -4.0267
v 0.0000 0.8251 -4.0267
v 0.0000 0.8251 -4.0267
v 0.0000 0.8563 -4.0855
v 0.0000 0.8563 -4.0855
v 0.0000 0.8251 -4.0855
v 0.0000 0.8251 -4.0855
v 0.7303 1.3533 2.7934
v 0.7303 1.3533 2.7934
v 0.7303 1.3533 2.7934
v 0.7663 1.3533 2.7934
v 0.7663 1.3533 2.7934
v 0.7663 1.3533 2.7934
v 0.7663 1.3533 2.7934
v 0.7303 1.3337 2.7979
v 0.7303 1.3337 2.7979
v 0.7303 1.3337 2.7979
v 0.7663 1.3337 2.7979
v 0.7663 1.3337 2.7979
v 0.7663 1.3337 2.7979
v 0.7663 1.3337 2.7979
v 0.7303 1.3179 2.8104
v 0.7303 1.3179 2.8104
v 0.7303 1.3179 2.8104
v 0.7663 1.3179 2.8104
v 0.7663 1.3179 2.8104
v 0.7663 1.3179 2.8104
v 0.7663 1.3179 2.8104
v 0.7303 1.3091 2.8286
v 0.7303 1.3091 2.8286
v 0.7303 1.3091 2.8286
v 0.7663 1.3091 2.8286
v 0.7663 1.3091 2.8286
v 0.7663 1.3091 2.8286
v 0.7663 1.3091 2.8286
v 0.7303 1.3091 2.8488
v 0.7303 1.3091 2.8488
v 0.7303 1.3091 2.8488
v 0.7663 1.3091 2.8488
v 0.7663 1.3091 2.8488
v 0.7663 1.3091 2.8488
v 0.7663 1.3091 2.8488
v 0.7303 1.3179 2.8670
v 0.7303 1.3179 2.8670
v 0.7303 1.3179 2.8670
v 0.7663 1.3179 2.8670
v 0.7663 1.3179 2.8670
v 0.7663 1.3179 2.8670
v 0.7663 1.3179 2.8670
v 0.7303 1.3337 2.8796
v 0.7303 1.3337 2.8796
v 0.7303 1.3337 2.8796
v 0.7663 1.3337 2.8796
v 0.7663 1.3337 2.8796
v 0.7663 1.3337 2.8796
v 0.7663 1.3337 2.8796
v 0.7303 1.3533 2.8841
v 0.7303 1.3533 2.8841
v 0.7303 1.3533 2.8841
v 0.7663 1.3533 2.8841
v 0.7663 1.3533 2.8841
v 0.7663 1.3533 2.8841
v 0.7663 1.3533 2.8841
v 0.7303 1.3730 2.8796
v 0.7303 1.3730 2.8796
v 0.7303 1.3730 2.8796
v 0.7663 1.3730 2.8796
v 0.7663 1.3730 2.8796
v 0.7663 1.3730 2.8796
v 0.7663 1.3730 2.8796
v 0.7303 1.3888 2.8670
v 0.7303 1.3888 2.8670
v 0.7303 1.3888 2.8670
v 0.7663 1.3888 2.8670
v 0.7663 1.3888 2.8670
v 0.7663 1.3888 2.8670
v 0.7663 1.3888 2.8670
v 0.7303 1.3976 2.8488
v 0.7303 1.3976 2.8488
v 0.7303 1.3976 2.8488
v 0.7663 1.3976 2.8488
v 0.7663 1.3976 2.8488
v 0.7663 1.3976 2.8488
v 0.7303 1.3976 2.8286
v 0.7303 1.3976 2.8286
v 0.7303 1.3976 2.8286
v 0.7663 1.3976 2.8286
v 0.7663 1.3976 2.8286
v 0.7663 1.3976 2.8286
v 0.7303 1.3888 2.8104
v 0.7303 1.3888 2.8104
v 0.7303 1.3888 2.8104
v 0.7663 1.3888 2.8104
v 0.7663 1.3888 2.8104
v 0.7663 1.3888 2.8104
v 0.7663 1.3888 2.8104
v 0.7303 1.3730 2.7979
v 0.7303 1.3730 2.7979
v 0.7303 1.3730 2.7979
v 0.7663 1.3730 2.7979
v 0.7663 1.3730 2.7979
v 0.7663 1.3730 2.7979
v 0.7663 1.3730 2.7979
v 0.7981 1.3337 2.7883
v 0.7981 1.3337 2.7883
v 0.7981 1.3337 2.7883
v 0.7981 1.3337 2.7883
v 0.7965 1.3533 2.7841
v 0.7965 1.3533 2.7841
v 0.7965 1.3533 2.7841
v 0.7965 1.3533 2.7841
v 0.8028 1.3179 2.7999
v 0.8028 1.3179 2.7999
v 0.8028 1.3179 2.7999
v 0.8028 1.3179 2.7999
v 0.8096 1.3091 2.8168
v 0.8096 1.3091 2.8168
v 0.8096 1.3091 2.8168
v 0.8096 1.3091 2.8168
v 0.8171 1.3091 2.8356
v 0.8171 1.3091 2.8356
v 0.8171 1.3091 2.8356
v 0.8171 1.3091 2.8356
v 0.8239 1.3179 2.8524
v 0.8239 1.3179 2.8524
v 0.8239 1.3179 2.8524
v 0.8239 1.3179 2.8524
v 0.8285 1.3337 2.8641
v 0.8285 1.3337 2.8641
v 0.8285 1.3337 2.8641
v 0.8285 1.3337 2.8641
v 0.8302 1.3533 2.8683
v 0.8302 1.3533 2.8683
v 0.8302 1.3533 2.8683
v 0.8302 1.3533 2.8683
v 0.8285 1.3730 2.8641
v 0.8285 1.3730 2.8641
v 0.8285 1.3730 2.8641
v 0.8285 1.3730 2.8641
v 0.8239 1.3888 2.8524
v 0.8239 1.3888 2.8524
v 0.8239 1.3888 2.8524
v 0.8239 1.3888 2.8524
v 0.8171 1.3976 2.8356
v 0.8171 1.3976 2.8356
v 0.8171 1.3976 2.8356
v 0.8171 1.3976 2.8356
v 0.8096 1.3976 2.8168
v 0.8096 1.3976 2.8168
v 0.8096 1.3976 2.8168
v 0.8096 1.3976 2.8168
v 0.8028 1.3888 2.7999
v 0.8028 1.3888 2.7999
v 0.8028 1.3888 2.7999
v 0.8028 1.3888 2.7999
v 0.7981 1.3730 2.7883
v 0.7981 1.3730 2.7883
v 0.7981 1.3730 2.7883
v 0.7981 1.3730 2.7883
v 0.8262 1.3337 2.7703
v 0.8262 1.3337 2.7703
v 0.8262 1.3337 2.7703
v 0.8262 1.3337 2.7703
v 0.8230 1.3533 2.7671
v 0.8230 1.3533 2.7671
v 0.8230 1.3533 2.7671
v 0.8230 1.3533 2.7671
v 0.8350 1.3179 2.7792
v 0.8350 1.3179 2.7792
v 0.8350 1.3179 2.7792
v 0.8350 1.3179 2.7792
v 0.8478 1.3091 2.7922
v 0.8478 1.3091 2.7922
v 0.8478 1.3091 2.7922
v 0.8478 1.3091 2.7922
v 0.8620 1.3091 2.8065
v 0.8620 1.3091 2.8065
v 0.8620 1.3091 2.8065
v 0.8620 1.3091 2.8065
v 0.8748 1.3179 2.8195
v 0.8748 1.3179 2.8195
v 0.8748 1.3179 2.8195
v 0.8748 1.3179 2.8195
v 0.8836 1.3337 2.8284
v 0.8836 1.3337 2.8284
v 0.8836 1.3337 2.8284
v 0.8836 1.3337 2.8284
v 0.8868 1.3533 2.8316
v 0.8868 1.3533 2.8316
v 0.8868 1.3533 2.8316
v 0.8868 1.3533 2.8316
v 0.8836 1.3730 2.8284
v 0.8836 1.3730 2.8284
v 0.8836 1.3730 2.8284
v 0.8836 1.3730 2.8284
v 0.8748 1.3888 2.8195
v 0.8748 1.3888 2.8195
v 0.8748 1.3888 2.8195
v 0.8748 1.3888 2.8195
v 0.8620 1.3976 2.8065
v 0.8620 1.3976 2.8065
v 0.8620 1.3976 2.8065
v 0.8620 1.3976 2.8065
v 0.8478 1.3976 2.7922
v 0.8478 1.3976 2.7922
v 0.8478 1.3976 2.7922
v 0.8478 1.3976 2.7922
v 0.8350 1.3888 2.7792
v 0.8350 1.3888 2.7792
v 0.8350 1.3888 2.7792
v 0.8350 1.3888 2.7792
v 0.8262 1.3730 2.7703
v 0.8262 1.3730 2.7703
v 0.8262 1.3730 2.7703
v 0.8262 1.3730 2.7703
v 0.8443 1.3337 2.7408
v 0.8443 1.3337 2.7408
v 0.8443 1.3337 2.7408
v 0.8443 1.3337 2.7408
v 0.8399 1.3533 2.7398
v 0.8399 1.3533 2.7398
v 0.8399 1.3533 2.7398
v 0.8399 1.3533 2.7398
v 0.8566 1.3179 2.7437
v 0.8566 1.3179 2.7437
v 0.8566 1.3179 2.7437
v 0.8566 1.3179 2.7437
v 0.8743 1.3091 2.7479
v 0.8743 1.3091 2.7479
v 0.8743 1.3091 2.7479
v 0.8743 1.3091 2.7479
v 0.8939 1.3091 2.7525
v 0.8939 1.3091 2.7525
v 0.8939 1.3091 2.7525
v 0.8939 1.3091 2.7525
v 0.9116 1.3179 2.7567
v 0.9116 1.3179 2.7567
v 0.9116 1.3179 2.7567
v 0.9116 1.3179 2.7567
v 0.9239 1.3337 2.7596
v 0.9239 1.3337 2.7596
v 0.9239 1.3337 2.7596
v 0.9239 1.3337 2.7596
v 0.9282 1.3533 2.7606
v 0.9282 1.3533 2.7606
v 0.9282 1.3533 2.7606
v 0.9282 1.3533 2.7606
v 0.9239 1.3730 2.7596
v 0.9239 1.3730 2.7596
v 0.9239 1.3730 2.7596
v 0.9239 1.3730 2.7596
v 0.9116 1.3888 2.7567
v 0.9116 1.3888 2.7567
v 0.9116 1.3888 2.7567
v 0.9116 1.3888 2.7567
v 0.8939 1.3976 2.7525
v 0.8939 1.3976 2.7525
v 0.8939 1.3976 2.7525
v 0.8939 1.3976 2.7525
v 0.8743 1.3976 2.7479
v 0.8743 1.3976 2.7479
v 0.8743 1.3976 2.7479
v 0.8743 1.3976 2.7479
v 0.8566 1.3888 2.7437
v 0.8566 1.3888 2.7437
v 0.8566 1.3888 2.7437
v 0.8566 1.3888 2.7437
v 0.8443 1.3730 2.7408
v 0.8443 1.3730 2.7408
v 0.8443 1.3730 2.7408
v 0.8443 1.3730 2.7408
v 0.8487 1.3333 2.6993
v 0.8487 1.3333 2.6993
v 0.8487 1.3333 2.6993
v 0.8442 1.3533 2.6993
v 0.8442 1.3533 2.6993
v 0.8442 1.3533 2.6993
v 0.8616 1.3172 2.6993
v 0.8616 1.3172 2.6993
v 0.8616 1.3172 2.6993
v 0.8801 1.3083 2.6993
v 0.8801 1.3083 2.6993
v 0.8801 1.3083 2.6993
v 0.9006 1.3083 2.6993
v 0.9006 1.3083 2.6993
v 0.9006 1.3083 2.6993
v 0.9192 1.3172 2.6993
v 0.9192 1.3172 2.6993
v 0.9192 1.3172 2.6993
v 0.9320 1.3333 2.6993
v 0.9320 1.3333 2.6993
v 0.9320 1.3333 2.6993
v 0.9365 1.3533 2.6993
v 0.9365 1.3533 2.6993
v 0.9365 1.3533 2.6993
v 0.9320 1.3734 2.6993
v 0.9320 1.3734 2.6993
v 0.9320 1.3734 2.6993
v 0.9192 1.3895 2.6993
v 0.9192 1.3895 2.6993
v 0.9192 1.3895 2.6993
v 0.9006 1.3984 2.6993
v 0.9006 1.3984 2.6993
v 0.9006 1.3984 2.6993
v 0.8801 1.3984 2.6993
v 0.8801 1.3984 2.6993
v 0.8801 1.3984 2.6993
v 0.8616 1.3895 2.6993
v 0.8616 1.3895 2.6993
v 0.8616 1.3895 2.6993
v 0.8487 1.3734 2.6993
v 0.8487 1.3734 2.6993
v 0.8487 1.3734 2.6993
v 0.8848 1.2246 2.5595
v 0.8848 1.2246 2.5595
v 0.8848 1.2246 2.5595
v 0.8848 1.4994 2.5595
v 0.8848 1.4994 2.5595
v 0.8848 1.4994 2.5595
v 0.9150 1.2246 2.5664
v 0.9150 1.2246 2.5664
v 0.9150 1.2246 2.5664
v 0.9150 1.4994 2.5664
v 0.9150 1.4994 2.5664
v 0.9150 1.4994 2.5664
v 0.9391 1.2246 2.5856
v 0.9391 1.2246 2.5856
v 0.9391 1.2246 2.5856
v 0.9391 1.4994 2.5856
v 0.9391 1.4994 2.5856
v 0.9391 1.4994 2.5856
v 0.9525 1.2246 2.6135
v 0.9525 1.2246 2.6135
v 0.9525 1.2246 2.6135
v 0.9525 1.4994 2.6135
v 0.9525 1.4994 2.6135
v 0.9525 1.4994 2.6135
v 0.9525 1.2246 2.6444
v 0.9525 1.2246 2.6444
v 0.9525 1.2246 2.6444
v 0.9525 1.4994 2.6444
v 0.9525 1.4994 2.6444
v 0.9525 1.4994 2.6444
v 0.9391 1.2246 2.6722
v 0.9391 1.2246 2.6722
v 0.9391 1.2246 2.6722
v 0.9391 1.4994 2.6722
v 0.9391 1.4994 2.6722
v 0.9391 1.4994 2.6722
v 0.9150 1.2246 2.6915
v 0.9150 1.2246 2.6915
v 0.9150 1.2246 2.6915
v 0.9150 1.4994 2.6915
v 0.9150 1.4994 2.6915
v 0.9150 1.4994 2.6915
v 0.8848 1.2246 2.6983
v 0.8848 1.2246 2.6983
v 0.8848 1.2246 2.6983
v 0.8848 1.4994 2.6983
v 0.8848 1.4994 2.6983
v 0.8848 1.4994 2.6983
v 0.8547 1.2246 2.6915
v 0.8547 1.2246 2.6915
v 0.8547 1.2246 2.6915
v 0.8547 1.4994 2.6915
v 0.8547 1.4994 2.6915
v 0.8547 1.4994 2.6915
v 0.8306 1.2246 2.6722
v 0.8306 1.2246 2.6722
v 0.8306 1.2246 2.6722
v 0.8306 1.4994 2.6722
v 0.8306 1.4994 2.6722
v 0.8306 1.4994 2.6722
v 0.8172 1.2246 2.6444
v 0.8172 1.2246 2.6444
v 0.8172 1.2246 2.6444
v 0.8172 1.4994 2.6444
v 0.8172 1.4994 2.6444
v 0.8172 1.4994 2.6444
v 0.8172 1.2246 2.6135
v 0.8172 1.2246 2.6135
v 0.8172 1.2246 2.6135
v 0.8172 1.4994 2.6135
v 0.8172 1.4994 2.6135
v 0.8172 1.4994 2.6135
v 0.8306 1.2246 2.5856
v 0.8306 1.2246 2.5856
v 0.8306 1.2246 2.5856
v 0.8306 1.4994 2.5856
v 0.8306 1.4994 2.5856
v 0.8306 1.4994 2.5856
v 0.8547 1.2246 2.5664
v 0.8547 1.2246 2.5664
v 0.8547 1.2246 2.5664
v 0.8547 1.4994 2.5664
v 0.8547 1.4994 2.5664
v 0.8547 1.4994 2.5664
v -0.7303 1.3533 2.7934
v -0.7303 1.3533 2.7934
v -0.7303 1.3533 2.7934
v -0.7663 1.3533 2.7934
v -0.7663 1.3533 2.7934
v -0.7663 1.3533 2.7934
v -0.7663 1.3533 2.7934
v -0.7303 1.3337 2.7979
v -0.7303 1.3337 2.7979
v -0.7303 1.3337 2.7979
v -0.7663 1.3337 2.7979
v -0.7663 1.3337 2.7979
v -0.7663 1.3337 2.7979
v -0.7663 1.3337 2.7979
v -0.7303 1.3179 2.8104
v -0.7303 1.3179 2.8104
v -0.7303 1.3179 2.8104
v -0.7663 1.3179 2.8104
v -0.7663 1.3179 2.8104
v -0.7663 1.3179 2.8104
v -0.7663 1.3179 2.8104
v -0.7303 1.3091 2.8286
v -0.7303 1.3091 2.8286
v -0.7303 1.3091 2.8286
v -0.7663 1.3091 2.8286
v -0.7663 1.3091 2.8286
v -0.7663 1.3091 2.8286
v -0.7663 1.3091 2.8286
v -0.7303 1.3091 2.8488
v -0.7303 1.3091 2.8488
v -0.7303 1.3091 2.8488
v -0.7663 1.3091 2.8488
v -0.7663 1.3091 2.8488
v -0.7663 1.3091 2.8488
v -0.7663 1.3091 2.8488
v -0.7303 1.3179 2.8670
v -0.7303 1.3179 2.8670
v -0.7303 1.3179 2.8670
v -0.7663 1.3179 2.8670
v -0.7663 1.3179 2.8670
v -0.7663 1.3179 2.8670
v -0.7663 1.3179 2.8670
v -0.7303 1.3337 2.8796
v -0.7303 1.3337 2.8796
v -0.7303 1.3337 2.8796
v -0.7663 1.3337 2.8796
v -0.7663 1.3337 2.8796
v -0.7663 1.3337 2.8796
v -0.7663 1.3337 2.8796
v -0.7303 1.3533 2.8841
v -0.7303 1.3533 2.8841
v -0.7303 1.3533 2.8841
v -0.7663 1.3533 2.8841
v -0.7663 1.3533 2.8841
v -0.7663 1.3533 2.8841
v -0.7663 1.3533 2.8841
v -0.7303 1.3730 2.8796
v -0.7303 1.3730 2.8796
v -0.7303 1.3730 2.8796
v -0.7663 1.3730 2.8796
v -0.7663 1.3730 2.8796
v -0.7663 1.3730 2.8796
v -0.7663 1.3730 2.8796
v -0.7303 1.3888 2.8670
v -0.7303 1.3888 2.8670
v -0.7303 1.3888 2.8670
v -0.7663 1.3888 2.8670
v -0.7663 1.3888 2.8670
v -0.7663 1.3888 2.8670
v -0.7663 1.3888 2.8670
v -0.7303 1.3976 2.8488
v -0.7303 1.3976 2.8488
v -0.7303 1.3976 2.8488
v -0.7663 1.3976 2.8488
v -0.7663 1.3976 2.8488
v -0.7663 1.3976 2.8488
v -0.7303 1.3976 2.8286
v -0.7303 1.3976 2.8286
v -0.7303 1.3976 2.8286
v -0.7663 1.3976 2.8286
v -0.7663 1.3976 2.8286
v -0.7663 1.3976 2.8286
v -0.7303 1.3888 2.8104
v -0.7303 1.3888 2.8104
v -0.7303 1.3888 2.8104
v -0.7663 1.3888 2.8104
v -0.7663 1.3888 2.8104
v -0.7663 1.3888 2.8104
v -0.7663 1.3888 2.8104
v -0.7303 1.3730 2.7979
v -0.7303 1.3730 2.7979
v -0.7303 1.3730 2.7979
v -0.7663 1.3730 2.7979
v -0.7663 1.3730 2.7979
v -0.7663 1.3730 2.7979
v -0.7663 1.3730 2.7979
v -0.7981 1.3337 2.7883
v -0.7981 1.3337 2.7883
v -0.7981 1.3337 2.7883
v -0.7981 1.3337 2.7883
v -0.7965 1.3533 2.7841
v -0.7965 1.3533 2.7841
v -0.7965 1.3533 2.7841
v -0.7965 1.3533 2.7841
v -0.8028 1.3179 2.7999
v -0.8028 1.3179 2.7999
v -0.8028 1.3179 2.7999
v -0.8028 1.3179 2.7999
v -0.8096 1.3091 2.8168
v -0.8096 1.3091 2.8168
v -0.8096 1.3091 2.8168
v -0.8096 1.3091 2.8168
v -0.8171 1.3091 2.8356
v -0.8171 1.3091 2.8356
v -0.8171 1.3091 2.8356
v -0.8171 1.3091 2.8356
v -0.8239 1.3179 2.8524
v -0.8239 1.3179 2.8524
v -0.8239 1.3179 2.8524
v -0.8239 1.3179 2.8524
v -0.8285 1.3337 2.8641
v -0.8285 1.3337 2.8641
v -0.8285 1.3337 2.8641
v -0.8285 1.3337 2.8641
v -0.8302 1.3533 2.8683
v -0.8302 1.3533 2.8683
v -0.8302 1.3533 2.8683
v -0.8302 1.3533 2.8683
v -0.8285 1.3730 2.8641
v -0.8285 1.3730 2.8641
v -0.8285 1.3730 2.8641
v -0.8285 1.3730 2.8641
v -0.8239 1.3888 2.8524
v -0.8239 1.3888 2.8524
v -0.8239 1.3888 2.8524
v -0.8239 1.3888 2.8524
v -0.8171 1.3976 2.8356
v -0.8171 1.3976 2.8356
v -0.8171 1.3976 2.8356
v -0.8096 1.3976 2.8168
v -0.8096 1.3976 2.8168
v -0.8096 1.3976 2.8168
v -0.8028 1.3888 2.7999
v -0.8028 1.3888 2.7999
v -0.8028 1.3888 2.7999
v -0.8028 1.3888 2.7999
v -0.7981 1.3730 2.7883
v -0.7981 1.3730 2.7883
v -0.7981 1.3730 2.7883
v -0.7981 1.3730 2.7883
v -0.8262 1.3337 2.7703
v -0.8262 1.3337 2.7703
v -0.8262 1.3337 2.7703
v -0.8262 1.3337 2.7703
v -0.8230 1.3533 2.7671
v -0.8230 1.3533 2.7671
v -0.8230 1.3533 2.7671
v -0.8230 1.3533 2.7671
v -0.8350 1.3179 2.7792
v -0.8350 1.3179 2.7792
v -0.8350 1.3179 2.7792
v -0.8350 1.3179 2.7792
v -0.8478 1.3091 2.7922
v -0.8478 1.3091 2.7922
v -0.8478 1.3091 2.7922
v -0.8620 1.3091 2.8065
v -0.8620 1.3091 2.8065
v -0.8620 1.3091 2.8065
v -0.8748 1.3179 2.8195
v -0.8748 1.3179 2.8195
v -0.8748 1.3179 2.8195
v -0.8748 1.3179 2.8195
v -0.8836 1.3337 2.8284
v -0.8836 1.3337 2.8284
v -0.8836 1.3337 2.8284
v -0.8836 1.3337 2.8284
v -0.8868 1.3533 2.8316
v -0.8868 1.3533 2.8316
v -0.8868 1.3533 2.8316
v -0.8868 1.3533 2.8316
v -0.8836 1.3730 2.8284
v -0.8836 1.3730 2.8284
v -0.8836 1.3730 2.8284
v -0.8836 1.3730 2.8284
v -0.8748 1.3888 2.8195
v -0.8748 1.3888 2.8195
v -0.8748 1.3888 2.8195
v -0.8748 1.3888 2.8195
v -0.8620 1.3976 2.8065
v -0.8620 1.3976 2.8065
v -0.8620 1.3976 2.8065
v -0.8478 1.3976 2.7922
v -0.8478 1.3976 2.7922
v -0.8478 1.3976 2.7922
v -0.8350 1.3888 2.7792
v -0.8350 1.3888 2.7792
v -0.8350 1.3888 2.7792
v -0.8350 1.3888 2.7792
v -0.8262 1.3730 2.7703
v -0.8262 1.3730 2.7703
v -0.8262 1.3730 2.7703
v -0.8262 1.3730 2.7703
v -0.8443 1.3337 2.7408
v -0.8443 1.3337 2.7408
v -0.8443 1.3337 2.7408
v -0.8443 1.3337 2.7408
v -0.8399 1.3533 2.7398
v -0.8399 1.3533 2.7398
v -0.8399 1.3533 2.7398
v -0.8399 1.3533 2.7398
v -0.8566 1.3179 2.7437
v -0.8566 1.3179 2.7437
v -0.8566 1.3179 2.7437
v -0.8566 1.3179 2.7437
v -0.8743 1.3091 2.7479
v -0.8743 1.3091 2.7479
v -0.8743 1.3091 2.7479
v -0.8743 1.3091 2.7479
v -0.8939 1.3091 2.7525
v -0.8939 1.3091 2.7525
v -0.8939 1.3091 2.7525
v -0.8939 1.3091 2.7525
v -0.9116 1.3179 2.7567
v -0.9116 1.3179 2.7567
v -0.9116 1.3179 2.7567
v -0.9116 1.3179 2.7567
v -0.9239 1.3337 2.7596
v -0.9239 1.3337 2.7596
v -0.9239 1.3337 2.7596
v -0.9239 1.3337 2.7596
v -0.9282 1.3533 2.7606
v -0.9282 1.3533 2.7606
v -0.9282 1.3533 2.7606
v -0.9282 1.3533 2.7606
v -0.9239 1.3730 2.7596
v -0.9239 1.3730 2.7596
v -0.9239 1.3730 2.7596
v -0.9239 1.3730 2.7596
v -0.9116 1.3888 2.7567
v -0.9116 1.3888 2.7567
v -0.9116 1.3888 2.7567
v -0.9116 1.3888 2.7567
v -0.8939 1.3976 2.7525
v -0.8939 1.3976 2.7525
v -0.8939 1.3976 2.7525
v -0.8939 1.3976 2.7525
v -0.8743 1.3976 2.7479
v -0.8743 1.3976 2.7479
v -0.8743 1.3976 2.7479
v -0.8743 1.3976 2.7479
v -0.8566 1.3888 2.7437
v -0.8566 1.3888 2.7437
v -0.8566 1.3888 2.7437
v -0.8566 1.3888 2.7437
v -0.8443 1.3730 2.7408
v -0.8443 1.3730 2.7408
v -0.8443 1.3730 2.7408
v -0.8443 1.3730 2.7408
v -0.8487 1.3333 2.6993
v -0.8487 1.3333 2.6993
v -0.8487 1.3333 2.6993
v -0.8442 1.3533 2.6993
v -0.8442 1.3533 2.6993
v -0.8442 1.3533 2.6993
v -0.8616 1.3172 2.6993
v -0.8616 1.3172 2.6993
v -0.8616 1.3172 2.6993
v -0.8801 1.3083 2.6993
v -0.8801 1.3083 2.6993
v -0.8801 1.3083 2.6993
v -0.9006 1.3083 2.6993
v -0.9006 1.3083 2.6993
v -0.9006 1.3083 2.6993
v -0.9192 1.3172 2.6993
v -0.9192 1.3172 2.6993
v -0.9192 1.3172 2.6993
v -0.9320 1.3333 2.6993
v -0.9320 1.3333 2.6993
v -0.9320 1.3333 2.6993
v -0.9365 1.3533 2.6993
v -0.9365 1.3533 2.6993
v -0.9365 1.3533 2.6993
v -0.9320 1.3734 2.6993
v -0.9320 1.3734 2.6993
v -0.9320 1.3734 2.6993
v -0.9192 1.3895 2.6993
v -0.9192 1.3895 2.6993
v -0.9192 1.3895 2.6993
v -0.9006 1.3984 2.6993
v -0.9006 1.3984 2.6993
v -0.9006 1.3984 2.6993
v -0.8801 1.3984 2.6993
v -0.8801 1.3984 2.6993
v -0.8801 1.3984 2.6993
v -0.8616 1.3895 2.6993
v -0.8616 1.3895 2.6993
v -0.8616 1.3895 2.6993
v -0.8487 1.3734 2.6993
v -0.8487 1.3734 2.6993
v -0.8487 1.3734 2.6993
v -0.8848 1.2246 2.5595
v -0.8848 1.2246 2.5595
v -0.8848 1.2246 2.5595
v -0.8848 1.4994 2.5595
v -0.8848 1.4994 2.5595
v -0.8848 1.4994 2.5595
v -0.9150 1.2246 2.5664
v -0.9150 1.2246 2.5664
v -0.9150 1.2246 2.5664
v -0.9150 1.4994 2.5664
v -0.9150 1.4994 2.5664
v -0.9150 1.4994 2.5664
v -0.9391 1.2246 2.5856
v -0.9391 1.2246 2.5856
v -0.9391 1.2246 2.5856
v -0.9391 1.4994 2.5856
v -0.9391 1.4994 2.5856
v -0.9391 1.4994 2.5856
v -0.9525 1.2246 2.6135
v -0.9525 1.2246 2.6135
v -0.9525 1.2246 2.6135
v -0.9525 1.4994 2.6135
v -0.9525 1.4994 2.6135
v -0.9525 1.4994 2.6135
v -0.9525 1.2246 2.6444
v -0.9525 1.2246 2.6444
v -0.9525 1.2246 2.6444
v -0.9525 1.4994 2.6444
v -0.9525 1.4994 2.6444
v -0.9525 1.4994 2.6444
v -0.9391 1.2246 2.6722
v -0.9391 1.2246 2.6722
v -0.9391 1.2246 2.6722
v -0.9391 1.4994 2.6722
v -0.9391 1.4994 2.6722
v -0.9391 1.4994 2.6722
v -0.9150 1.2246 2.6915
v -0.9150 1.2246 2.6915
v -0.9150 1.2246 2.6915
v -0.9150 1.4994 2.6915
v -0.9150 1.4994 2.6915
v -0.9150 1.4994 2.6915
v -0.8848 1.2246 2.6983
v -0.8848 1.2246 2.6983
v -0.8848 1.2246 2.6983
v -0.8848 1.4994 2.6983
v -0.8848 1.4994 2.6983
v -0.8848 1.4994 2.6983
v -0.8547 1.2246 2.6915
v -0.8547 1.2246 2.6915
v -0.8547 1.2246 2.6915
v -0.8547 1.4994 2.6915
v -0.8547 1.4994 2.6915
v -0.8547 1.4994 2.6915
v -0.8306 1.2246 2.6722
v -0.8306 1.2246 2.6722
v -0.8306 1.2246 2.6722
v -0.8306 1.4994 2.6722
v -0.8306 1.4994 2.6722
v -0.8306 1.4994 2.6722
v -0.8172 1.2246 2.6444
v -0.8172 1.2246 2.6444
v -0.8172 1.2246 2.6444
v -0.8172 1.4994 2.6444
v -0.8172 1.4994 2.6444
v -0.8172 1.4994 2.6444
v -0.8172 1.2246 2.6135
v -0.8172 1.2246 2.6135
v -0.8172 1.2246 2.6135
v -0.8172 1.4994 2.6135
v -0.8172 1.4994 2.6135
v -0.8172 1.4994 2.6135
v -0.8306 1.2246 2.5856
v -0.8306 1.2246 2.5856
v -0.8306 1.2246 2.5856
v -0.8306 1.4994 2.5856
v -0.8306 1.4994 2.5856
v -0.8306 1.4994 2.5856
v -0.8547 1.2246 2.5664
v -0.8547 1.2246 2.5664
v -0.8547 1.2246 2.5664
v -0.8547 1.4994 2.5664
v -0.8547 1.4994 2.5664
v -0.8547 1.4994 2.5664
v -0.3914 0.7049 -0.4299
v -0.3914 0.7049 -0.4299
v -0.3914 0.7049 -0.4299
v -0.3914 0.9244 -0.4299
v -0.3914 0.9244 -0.4299
v -0.3914 0.9244 -0.4299
v -0.3914 0.7049 -0.5307
v -0.3914 0.7049 -0.5307
v -0.3914 0.7049 -0.5307
v -0.3914 0.9244 -0.5307
v -0.3914 0.9244 -0.5307
v -0.3914 0.9244 -0.5307
v 0.3914 0.7049 -0.4299
v 0.3914 0.7049 -0.4299
v 0.3914 0.7049 -0.4299
v 0.3914 0.9244 -0.4299
v 0.3914 0.9244 -0.4299
v 0.3914 0.9244 -0.4299
v 0.3914 0.7049 -0.5307
v 0.3914 0.7049 -0.5307
v 0.3914 0.7049 -0.5307
v 0.3914 0.9244 -0.5307
v 0.3914 0.9244 -0.5307
v 0.3914 0.9244 -0.5307
v -0.3914 0.7049 -1.6923
v -0.3914 0.7049 -1.6923
v -0.3914 0.7049 -1.6923
v -0.3914 0.9244 -1.6923
v -0.3914 0.9244 -1.6923
v -0.3914 0.9244 -1.6923
v -0.3914 0.7049 -1.7931
v -0.3914 0.7049 -1.7931
v -0.3914 0.7049 -1.7931
v -0.3914 0.9244 -1.7931
v -0.3914 0.9244 -1.7931
v -0.3914 0.9244 -1.7931
v 0.3914 0.7049 -1.6923
v 0.3914 0.7049 -1.6923
v 0.3914 0.7049 -1.6923
v 0.3914 0.9244 -1.6923
v 0.3914 0.9244 -1.6923
v 0.3914 0.9244 -1.6923
v 0.3914 0.7049 -1.7931
v 0.3914 0.7049 -1.7931
v 0.3914 0.7049 -1.7931
v 0.3914 0.9244 -1.7931
v 0.3914 0.9244 -1.7931
v 0.3914 0.9244 -1.7931
v -0.3914 0.7049 -1.4452
v -0.3914 0.7049 -1.4452
v -0.3914 0.7049 -1.4452
v -0.3914 0.9244 -1.4452
v -0.3914 0.9244 -1.4452
v -0.3914 0.9244 -1.4452
v -0.3914 0.7049 -1.5460
v -0.3914 0.7049 -1.5460
v -0.3914 0.7049 -1.5460
v -0.3914 0.9244 -1.5460
v -0.3914 0.9244 -1.5460
v -0.3914 0.9244 -1.5460
v 0.3914 0.7049 -1.4452
v 0.3914 0.7049 -1.4452
v 0.3914 0.7049 -1.4452
v 0.3914 0.9244 -1.4452
v 0.3914 0.9244 -1.4452
v 0.3914 0.9244 -1.4452
v 0.3914 0.7049 -1.5460
v 0.3914 0.7049 -1.5460
v 0.3914 0.7049 -1.5460
v 0.3914 0.9244 -1.5460
v 0.3914 0.9244 -1.5460
v 0.3914 0.9244 -1.5460
v -0.3914 0.7049 -2.5107
v -0.3914 0.7049 -2.5107
v -0.3914 0.7049 -2.5107
v -0.3914 0.9244 -2.5107
v -0.3914 0.9244 -2.5107
v -0.3914 0.9244 -2.5107
v -0.3914 0.7049 -2.6116
v -0.3914 0.7049 -2.6116
v -0.3914 0.7049 -2.6116
v -0.3914 0.9244 -2.6116
v -0.3914 0.9244 -2.6116
v -0.3914 0.9244 -2.6116
v 0.3914 0.7049 -2.5107
v 0.3914 0.7049 -2.5107
v 0.3914 0.7049 -2.5107
v 0.3914 0.9244 -2.5107
v 0.3914 0.9244 -2.5107
v 0.3914 0.9244 -2.5107
v 0.3914 0.7049 -2.6116
v 0.3914 0.7049 -2.6116
v 0.3914 0.7049 -2.6116
v 0.3914 0.9244 -2.6116
v 0.3914 0.9244 -2.6116
v 0.3914 0.9244 -2.6116
v 0.3863 0.7058 -4.0139
v 0.3863 0.7058 -4.0139
v 0.3863 0.7058 -4.0139
v 0.3863 0.8389 -4.0139
v 0.3863 0.8389 -4.0139
v 0.3863 0.8389 -4.0139
v 0.3863 0.7058 -4.0631
v 0.3863 0.7058 -4.0631
v 0.3863 0.7058 -4.0631
v 0.3863 0.8389 -4.0631
v 0.3863 0.8389 -4.0631
v 0.3863 0.8389 -4.0631
v -0.3863 0.7058 -4.0139
v -0.3863 0.7058 -4.0139
v -0.3863 0.7058 -4.0139
v -0.3863 0.8389 -4.0139
v -0.3863 0.8389 -4.0139
v -0.3863 0.8389 -4.0139
v -0.3863 0.7058 -4.0631
v -0.3863 0.7058 -4.0631
v -0.3863 0.7058 -4.0631
v -0.3863 0.8389 -4.0631
v -0.3863 0.8389 -4.0631
v -0.3863 0.8389 -4.0631
v 0.0000 0.7058 -4.0631
v 0.0000 0.7058 -4.0631
v 0.0000 0.8389 -4.0631
v 0.0000 0.8389 -4.0631
v 0.0000 0.7058 -4.0139
v 0.0000 0.7058 -4.0139
v 0.0000 0.8389 -4.0139
v 0.0000 0.8389 -4.0139
v -0.3914 0.7049 2.0737
v -0.3914 0.7049 2.0737
v -0.3914 0.7049 2.0737
v -0.3914 0.9244 2.0737
v -0.3914 0.9244 2.0737
v -0.3914 0.9244 2.0737
v -0.3914 0.7049 1.9729
v -0.3914 0.7049 1.9729
v -0.3914 0.7049 1.9729
v -0.3914 0.9244 1.9729
v -0.3914 0.9244 1.9729
v -0.3914 0.9244 1.9729
v 0.3914 0.7049 2.0737
v 0.3914 0.7049 2.0737
v 0.3914 0.7049 2.0737
v 0.3914 0.9244 2.0737
v 0.3914 0.9244 2.0737
v 0.3914 0.9244 2.0737
v 0.3914 0.7049 1.9729
v 0.3914 0.7049 1.9729
v 0.3914 0.7049 1.9729
v 0.3914 0.9244 1.9729
v 0.3914 0.9244 1.9729
v 0.3914 0.9244 1.9729
v -0.3914 0.7049 0.9555
v -0.3914 0.7049 0.9555
v -0.3914 0.7049 0.9555
v -0.3914 0.9244 0.9555
v -0.3914 0.9244 0.9555
v -0.3914 0.9244 0.9555
v -0.3914 0.7049 0.8547
v -0.3914 0.7049 0.8547
v -0.3914 0.7049 0.8547
v -0.3914 0.9244 0.8547
v -0.3914 0.9244 0.8547
v -0.3914 0.9244 0.8547
v 0.3914 0.7049 0.9555
v 0.3914 0.7049 0.9555
v 0.3914 0.7049 0.9555
v 0.3914 0.9244 0.9555
v 0.3914 0.9244 0.9555
v 0.3914 0.9244 0.9555
v 0.3914 0.7049 0.8547
v 0.3914 0.7049 0.8547
v 0.3914 0.7049 0.8547
v 0.3914 0.9244 0.8547
v 0.3914 0.9244 0.8547
v 0.3914 0.9244 0.8547
v -0.3914 0.7049 0.2123
v -0.3914 0.7049 0.2123
v -0.3914 0.7049 0.2123
v -0.3914 0.9244 0.2123
v -0.3914 0.9244 0.2123
v -0.3914 0.9244 0.2123
v -0.3914 0.7049 0.1115
v -0.3914 0.7049 0.1115
v -0.3914 0.7049 0.1115
v -0.3914 0.9244 0.1115
v -0.3914 0.9244 0.1115
v -0.3914 0.9244 0.1115
v 0.3914 0.7049 0.2123
v 0.3914 0.7049 0.2123
v 0.3914 0.7049 0.2123
v 0.3914 0.9244 0.2123
v 0.3914 0.9244 0.2123
v 0.3914 0.9244 0.2123
v 0.3914 0.7049 0.1115
v 0.3914 0.7049 0.1115
v 0.3914 0.7049 0.1115
v 0.3914 0.9244 0.1115
v 0.3914 0.9244 0.1115
v 0.3914 0.9244 0.1115
v 0.3122 0.8160 -4.0716
v 0.3122 0.8160 -4.0716
v 0.3122 0.8160 -4.0716
v 0.3122 0.8215 -4.0397
v 0.3122 0.8215 -4.0397
v 0.3122 0.8215 -4.0397
v 0.3316 0.8116 -4.0716
v 0.3316 0.8116 -4.0716
v 0.3316 0.8116 -4.0716
v 0.3316 0.8116 -4.0716
v 0.3340 0.8166 -4.0397
v 0.3340 0.8166 -4.0397
v 0.3340 0.8166 -4.0397
v 0.3472 0.7992 -4.0716
v 0.3472 0.7992 -4.0716
v 0.3472 0.7992 -4.0716
v 0.3472 0.7992 -4.0716
v 0.3515 0.8026 -4.0397
v 0.3515 0.8026 -4.0397
v 0.3515 0.8026 -4.0397
v 0.3559 0.7812 -4.0716
v 0.3559 0.7812 -4.0716
v 0.3559 0.7812 -4.0716
v 0.3559 0.7812 -4.0716
v 0.3613 0.7824 -4.0397
v 0.3613 0.7824 -4.0397
v 0.3613 0.7824 -4.0397
v 0.3559 0.7613 -4.0716
v 0.3559 0.7613 -4.0716
v 0.3559 0.7613 -4.0716
v 0.3559 0.7613 -4.0716
v 0.3613 0.7601 -4.0397
v 0.3613 0.7601 -4.0397
v 0.3613 0.7601 -4.0397
v 0.3472 0.7433 -4.0716
v 0.3472 0.7433 -4.0716
v 0.3472 0.7433 -4.0716
v 0.3472 0.7433 -4.0716
v 0.3515 0.7399 -4.0397
v 0.3515 0.7399 -4.0397
v 0.3515 0.7399 -4.0397
v 0.3316 0.7309 -4.0716
v 0.3316 0.7309 -4.0716
v 0.3316 0.7309 -4.0716
v 0.3316 0.7309 -4.0716
v 0.3340 0.7259 -4.0397
v 0.3340 0.7259 -4.0397
v 0.3340 0.7259 -4.0397
v 0.3122 0.7265 -4.0716
v 0.3122 0.7265 -4.0716
v 0.3122 0.7265 -4.0716
v 0.3122 0.7209 -4.0397
v 0.3122 0.7209 -4.0397
v 0.3122 0.7209 -4.0397
v 0.2928 0.7309 -4.0716
v 0.2928 0.7309 -4.0716
v 0.2928 0.7309 -4.0716
v 0.2928 0.7309 -4.0716
v 0.2904 0.7259 -4.0397
v 0.2904 0.7259 -4.0397
v 0.2904 0.7259 -4.0397
v 0.2772 0.7433 -4.0716
v 0.2772 0.7433 -4.0716
v 0.2772 0.7433 -4.0716
v 0.2772 0.7433 -4.0716
v 0.2729 0.7399 -4.0397
v 0.2729 0.7399 -4.0397
v 0.2729 0.7399 -4.0397
v 0.2686 0.7613 -4.0716
v 0.2686 0.7613 -4.0716
v 0.2686 0.7613 -4.0716
v 0.2686 0.7613 -4.0716
v 0.2632 0.7601 -4.0397
v 0.2632 0.7601 -4.0397
v 0.2632 0.7601 -4.0397
v 0.2686 0.7812 -4.0716
v 0.2686 0.7812 -4.0716
v 0.2686 0.7812 -4.0716
v 0.2686 0.7812 -4.0716
v 0.2632 0.7824 -4.0397
v 0.2632 0.7824 -4.0397
v 0.2632 0.7824 -4.0397
v 0.2772 0.7992 -4.0716
v 0.2772 0.7992 -4.0716
v 0.2772 0.7992 -4.0716
v 0.2772 0.7992 -4.0716
v 0.2729 0.8026 -4.0397
v 0.2729 0.8026 -4.0397
v 0.2729 0.8026 -4.0397
v 0.2928 0.8116 -4.0716
v 0.2928 0.8116 -4.0716
v 0.2928 0.8116 -4.0716
v 0.2928 0.8116 -4.0716
v 0.2904 0.8166 -4.0397
v 0.2904 0.8166 -4.0397
v 0.2904 0.8166 -4.0397
v 0.3122 0.8215 -4.0716
v 0.3122 0.8215 -4.0716
v 0.3122 0.8215 -4.0716
v 0.3340 0.8166 -4.0716
v 0.3340 0.8166 -4.0716
v 0.3340 0.8166 -4.0716
v 0.3340 0.8166 -4.0716
v 0.3515 0.8026 -4.0716
v 0.3515 0.8026 -4.0716
v 0.3515 0.8026 -4.0716
v 0.3515 0.8026 -4.0716
v 0.3613 0.7824 -4.0716
v 0.3613 0.7824 -4.0716
v 0.3613 0.7824 -4.0716
v 0.3613 0.7824 -4.0716
v 0.3613 0.7601 -4.0716
v 0.3613 0.7601 -4.0716
v 0.3613 0.7601 -4.0716
v 0.3613 0.7601 -4.0716
v 0.3515 0.7399 -4.0716
v 0.3515 0.7399 -4.0716
v 0.3515 0.7399 -4.0716
v 0.3515 0.7399 -4.0716
v 0.3340 0.7259 -4.0716
v 0.3340 0.7259 -4.0716
v 0.3340 0.7259 -4.0716
v 0.3340 0.7259 -4.0716
v 0.3122 0.7209 -4.0716
v 0.3122 0.7209 -4.0716
v 0.3122 0.7209 -4.0716
v 0.2904 0.7259 -4.0716
v 0.2904 0.7259 -4.0716
v 0.2904 0.7259 -4.0716
v 0.2904 0.7259 -4.0716
v 0.2729 0.7399 -4.0716
v 0.2729 0.7399 -4.0716
v 0.2729 0.7399 -4.0716
v 0.2729 0.7399 -4.0716
v 0.2632 0.7601 -4.0716
v 0.2632 0.7601 -4.0716
v 0.2632 0.7601 -4.0716
v 0.2632 0.7601 -4.0716
v 0.2632 0.7824 -4.0716
v 0.2632 0.7824 -4.0716
v 0.2632 0.7824 -4.0716
v 0.2632 0.7824 -4.0716
v 0.2729 0.8026 -4.0716
v 0.2729 0.8026 -4.0716
v 0.2729 0.8026 -4.0716
v 0.2729 0.8026 -4.0716
v 0.2904 0.8166 -4.0716
v 0.2904 0.8166 -4.0716
v 0.2904 0.8166 -4.0716
v 0.2904 0.8166 -4.0716
v 0.3122 0.8130 -4.0759
v 0.3122 0.8130 -4.0759
v 0.3122 0.8130 -4.0759
v 0.3122 0.8130 -4.0759
v 0.3304 0.8089 -4.0759
v 0.3304 0.8089 -4.0759
v 0.3304 0.8089 -4.0759
v 0.3304 0.8089 -4.0759
v 0.3449 0.7973 -4.0759
v 0.3449 0.7973 -4.0759
v 0.3449 0.7973 -4.0759
v 0.3449 0.7973 -4.0759
v 0.3530 0.7805 -4.0759
v 0.3530 0.7805 -4.0759
v 0.3530 0.7805 -4.0759
v 0.3530 0.7805 -4.0759
v 0.3530 0.7619 -4.0759
v 0.3530 0.7619 -4.0759
v 0.3530 0.7619 -4.0759
v 0.3530 0.7619 -4.0759
v 0.3449 0.7452 -4.0759
v 0.3449 0.7452 -4.0759
v 0.3449 0.7452 -4.0759
v 0.3449 0.7452 -4.0759
v 0.3304 0.7336 -4.0759
v 0.3304 0.7336 -4.0759
v 0.3304 0.7336 -4.0759
v 0.3304 0.7336 -4.0759
v 0.3122 0.7295 -4.0759
v 0.3122 0.7295 -4.0759
v 0.3122 0.7295 -4.0759
v 0.3122 0.7295 -4.0759
v 0.2941 0.7336 -4.0759
v 0.2941 0.7336 -4.0759
v 0.2941 0.7336 -4.0759
v 0.2941 0.7336 -4.0759
v 0.2795 0.7452 -4.0759
v 0.2795 0.7452 -4.0759
v 0.2795 0.7452 -4.0759
v 0.2795 0.7452 -4.0759
v 0.2715 0.7619 -4.0759
v 0.2715 0.7619 -4.0759
v 0.2715 0.7619 -4.0759
v 0.2715 0.7619 -4.0759
v 0.2715 0.7805 -4.0759
v 0.2715 0.7805 -4.0759
v 0.2715 0.7805 -4.0759
v 0.2715 0.7805 -4.0759
v 0.2795 0.7973 -4.0759
v 0.2795 0.7973 -4.0759
v 0.2795 0.7973 -4.0759
v 0.2795 0.7973 -4.0759
v 0.2941 0.8089 -4.0759
v 0.2941 0.8089 -4.0759
v 0.2941 0.8089 -4.0759
v 0.2941 0.8089 -4.0759
v 0.3122 0.8068 -4.0794
v 0.3122 0.8068 -4.0794
v 0.3122 0.8068 -4.0794
v 0.3122 0.8068 -4.0794
v 0.3276 0.8032 -4.0794
v 0.3276 0.8032 -4.0794
v 0.3276 0.8032 -4.0794
v 0.3276 0.8032 -4.0794
v 0.3400 0.7934 -4.0794
v 0.3400 0.7934 -4.0794
v 0.3400 0.7934 -4.0794
v 0.3400 0.7934 -4.0794
v 0.3468 0.7791 -4.0794
v 0.3468 0.7791 -4.0794
v 0.3468 0.7791 -4.0794
v 0.3468 0.7791 -4.0794
v 0.3468 0.7633 -4.0794
v 0.3468 0.7633 -4.0794
v 0.3468 0.7633 -4.0794
v 0.3468 0.7633 -4.0794
v 0.3400 0.7491 -4.0794
v 0.3400 0.7491 -4.0794
v 0.3400 0.7491 -4.0794
v 0.3400 0.7491 -4.0794
v 0.3276 0.7393 -4.0794
v 0.3276 0.7393 -4.0794
v 0.3276 0.7393 -4.0794
v 0.3276 0.7393 -4.0794
v 0.3122 0.7357 -4.0794
v 0.3122 0.7357 -4.0794
v 0.3122 0.7357 -4.0794
v 0.3122 0.7357 -4.0794
v 0.2968 0.7393 -4.0794
v 0.2968 0.7393 -4.0794
v 0.2968 0.7393 -4.0794
v 0.2968 0.7393 -4.0794
v 0.2845 0.7491 -4.0794
v 0.2845 0.7491 -4.0794
v 0.2845 0.7491 -4.0794
v 0.2845 0.7491 -4.0794
v 0.2776 0.7633 -4.0794
v 0.2776 0.7633 -4.0794
v 0.2776 0.7633 -4.0794
v 0.2776 0.7633 -4.0794
v 0.2776 0.7791 -4.0794
v 0.2776 0.7791 -4.0794
v 0.2776 0.7791 -4.0794
v 0.2776 0.7791 -4.0794
v 0.2845 0.7934 -4.0794
v 0.2845 0.7934 -4.0794
v 0.2845 0.7934 -4.0794
v 0.2845 0.7934 -4.0794
v 0.2968 0.8032 -4.0794
v 0.2968 0.8032 -4.0794
v 0.2968 0.8032 -4.0794
v 0.2968 0.8032 -4.0794
v 0.3122 0.7972 -4.0821
v 0.3122 0.7972 -4.0821
v 0.3122 0.7972 -4.0821
v 0.3235 0.7946 -4.0821
v 0.3235 0.7946 -4.0821
v 0.3235 0.7946 -4.0821
v 0.3325 0.7874 -4.0821
v 0.3325 0.7874 -4.0821
v 0.3325 0.7874 -4.0821
v 0.3375 0.7770 -4.0821
v 0.3375 0.7770 -4.0821
v 0.3375 0.7770 -4.0821
v 0.3375 0.7655 -4.0821
v 0.3375 0.7655 -4.0821
v 0.3375 0.7655 -4.0821
v 0.3325 0.7551 -4.0821
v 0.3325 0.7551 -4.0821
v 0.3325 0.7551 -4.0821
v 0.3235 0.7479 -4.0821
v 0.3235 0.7479 -4.0821
v 0.3235 0.7479 -4.0821
v 0.3122 0.7453 -4.0821
v 0.3122 0.7453 -4.0821
v 0.3122 0.7453 -4.0821
v 0.3010 0.7479 -4.0821
v 0.3010 0.7479 -4.0821
v 0.3010 0.7479 -4.0821
v 0.2919 0.7551 -4.0821
v 0.2919 0.7551 -4.0821
v 0.2919 0.7551 -4.0821
v 0.2869 0.7655 -4.0821
v 0.2869 0.7655 -4.0821
v 0.2869 0.7655 -4.0821
v 0.2869 0.7770 -4.0821
v 0.2869 0.7770 -4.0821
v 0.2869 0.7770 -4.0821
v 0.2919 0.7874 -4.0821
v 0.2919 0.7874 -4.0821
v 0.2919 0.7874 -4.0821
v 0.3010 0.7946 -4.0821
v 0.3010 0.7946 -4.0821
v 0.3010 0.7946 -4.0821
v -0.3122 0.8160 -4.0716
v -0.3122 0.8160 -4.0716
v -0.3122 0.8160 -4.0716
v -0.3122 0.8160 -4.0716
v -0.3122 0.8215 -4.0397
v -0.3122 0.8215 -4.0397
v -0.3122 0.8215 -4.0397
v -0.3316 0.8116 -4.0716
v -0.3316 0.8116 -4.0716
v -0.3316 0.8116 -4.0716
v -0.3316 0.8116 -4.0716
v -0.3340 0.8166 -4.0397
v -0.3340 0.8166 -4.0397
v -0.3340 0.8166 -4.0397
v -0.3472 0.7992 -4.0716
v -0.3472 0.7992 -4.0716
v -0.3472 0.7992 -4.0716
v -0.3472 0.7992 -4.0716
v -0.3515 0.8026 -4.0397
v -0.3515 0.8026 -4.0397
v -0.3515 0.8026 -4.0397
v -0.3559 0.7812 -4.0716
v -0.3559 0.7812 -4.0716
v -0.3559 0.7812 -4.0716
v -0.3559 0.7812 -4.0716
v -0.3613 0.7824 -4.0397
v -0.3613 0.7824 -4.0397
v -0.3613 0.7824 -4.0397
v -0.3559 0.7613 -4.0716
v -0.3559 0.7613 -4.0716
v -0.3559 0.7613 -4.0716
v -0.3559 0.7613 -4.0716
v -0.3613 0.7601 -4.0397
v -0.3613 0.7601 -4.0397
v -0.3613 0.7601 -4.0397
v -0.3472 0.7433 -4.0716
v -0.3472 0.7433 -4.0716
v -0.3472 0.7433 -4.0716
v -0.3472 0.7433 -4.0716
v -0.3515 0.7399 -4.0397
v -0.3515 0.7399 -4.0397
v -0.3515 0.7399 -4.0397
v -0.3316 0.7309 -4.0716
v -0.3316 0.7309 -4.0716
v -0.3316 0.7309 -4.0716
v -0.3316 0.7309 -4.0716
v -0.3340 0.7259 -4.0397
v -0.3340 0.7259 -4.0397
v -0.3340 0.7259 -4.0397
v -0.3122 0.7265 -4.0716
v -0.3122 0.7265 -4.0716
v -0.3122 0.7265 -4.0716
v -0.3122 0.7265 -4.0716
v -0.3122 0.7209 -4.0397
v -0.3122 0.7209 -4.0397
v -0.3122 0.7209 -4.0397
v -0.2928 0.7309 -4.0716
v -0.2928 0.7309 -4.0716
v -0.2928 0.7309 -4.0716
v -0.2928 0.7309 -4.0716
v -0.2904 0.7259 -4.0397
v -0.2904 0.7259 -4.0397
v -0.2904 0.7259 -4.0397
v -0.2772 0.7433 -4.0716
v -0.2772 0.7433 -4.0716
v -0.2772 0.7433 -4.0716
v -0.2772 0.7433 -4.0716
v -0.2729 0.7399 -4.0397
v -0.2729 0.7399 -4.0397
v -0.2729 0.7399 -4.0397
v -0.2686 0.7613 -4.0716
v -0.2686 0.7613 -4.0716
v -0.2686 0.7613 -4.0716
v -0.2686 0.7613 -4.0716
v -0.2632 0.7601 -4.0397
v -0.2632 0.7601 -4.0397
v -0.2632 0.7601 -4.0397
v -0.2686 0.7812 -4.0716
v -0.2686 0.7812 -4.0716
v -0.2686 0.7812 -4.0716
v -0.2686 0.7812 -4.0716
v -0.2632 0.7824 -4.0397
v -0.2632 0.7824 -4.0397
v -0.2632 0.7824 -4.0397
v -0.2772 0.7992 -4.0716
v -0.2772 0.7992 -4.0716
v -0.2772 0.7992 -4.0716
v -0.2772 0.7992 -4.0716
v -0.2729 0.8026 -4.0397
v -0.2729 0.8026 -4.0397
v -0.2729 0.8026 -4.0397
v -0.2928 0.8116 -4.0716
v -0.2928 0.8116 -4.0716
v -0.2928 0.8116 -4.0716
v -0.2928 0.8116 -4.0716
v -0.2904 0.8166 -4.0397
v -0.2904 0.8166 -4.0397
v -0.2904 0.8166 -4.0397
v -0.3122 0.8215 -4.0716
v -0.3122 0.8215 -4.0716
v -0.3122 0.8215 -4.0716
v -0.3122 0.8215 -4.0716
v -0.3340 0.8166 -4.0716
v -0.3340 0.8166 -4.0716
v -0.3340 0.8166 -4.0716
v -0.3340 0.8166 -4.0716
v -0.3515 0.8026 -4.0716
v -0.3515 0.8026 -4.0716
v -0.3515 0.8026 -4.0716
v -0.3515 0.8026 -4.0716
v -0.3613 0.7824 -4.0716
v -0.3613 0.7824 -4.0716
v -0.3613 0.7824 -4.0716
v -0.3613 0.7824 -4.0716
v -0.3613 0.7601 -4.0716
v -0.3613 0.7601 -4.0716
v -0.3613 0.7601 -4.0716
v -0.3613 0.7601 -4.0716
v -0.3515 0.7399 -4.0716
v -0.3515 0.7399 -4.0716
v -0.3515 0.7399 -4.0716
v -0.3515 0.7399 -4.0716
v -0.3340 0.7259 -4.0716
v -0.3340 0.7259 -4.0716
v -0.3340 0.7259 -4.0716
v -0.3340 0.7259 -4.0716
v -0.3122 0.7209 -4.0716
v -0.3122 0.7209 -4.0716
v -0.3122 0.7209 -4.0716
v -0.3122 0.7209 -4.0716
v -0.2904 0.7259 -4.0716
v -0.2904 0.7259 -4.0716
v -0.2904 0.7259 -4.0716
v -0.2904 0.7259 -4.0716
v -0.2729 0.7399 -4.0716
v -0.2729 0.7399 -4.0716
v -0.2729 0.7399 -4.0716
v -0.2729 0.7399 -4.0716
v -0.2632 0.7601 -4.0716
v -0.2632 0.7601 -4.0716
v -0.2632 0.7601 -4.0716
v -0.2632 0.7601 -4.0716
v -0.2632 0.7824 -4.0716
v -0.2632 0.7824 -4.0716
v -0.2632 0.7824 -4.0716
v -0.2632 0.7824 -4.0716
v -0.2729 0.8026 -4.0716
v -0.2729 0.8026 -4.0716
v -0.2729 0.8026 -4.0716
v -0.2729 0.8026 -4.0716
v -0.2904 0.8166 -4.0716
v -0.2904 0.8166 -4.0716
v -0.2904 0.8166 -4.0716
v -0.2904 0.8166 -4.0716
v -0.3122 0.8130 -4.0759
v -0.3122 0.8130 -4.0759
v -0.3122 0.8130 -4.0759
v -0.3122 0.8130 -4.0759
v -0.3304 0.8089 -4.0759
v -0.3304 0.8089 -4.0759
v -0.3304 0.8089 -4.0759
v -0.3304 0.8089 -4.0759
v -0.3449 0.7973 -4.0759
v -0.3449 0.7973 -4.0759
v -0.3449 0.7973 -4.0759
v -0.3449 0.7973 -4.0759
v -0.3530 0.7805 -4.0759
v -0.3530 0.7805 -4.0759
v -0.3530 0.7805 -4.0759
v -0.3530 0.7805 -4.0759
v -0.3530 0.7619 -4.0759
v -0.3530 0.7619 -4.0759
v -0.3530 0.7619 -4.0759
v -0.3530 0.7619 -4.0759
v -0.3449 0.7452 -4.0759
v -0.3449 0.7452 -4.0759
v -0.3449 0.7452 -4.0759
v -0.3449 0.7452 -4.0759
v -0.3304 0.7336 -4.0759
v -0.3304 0.7336 -4.0759
v -0.3304 0.7336 -4.0759
v -0.3304 0.7336 -4.0759
v -0.3122 0.7295 -4.0759
v -0.3122 0.7295 -4.0759
v -0.3122 0.7295 -4.0759
v -0.3122 0.7295 -4.0759
v -0.2941 0.7336 -4.0759
v -0.2941 0.7336 -4.0759
v -0.2941 0.7336 -4.0759
v -0.2941 0.7336 -4.0759
v -0.2795 0.7452 -4.0759
v -0.2795 0.7452 -4.0759
v -0.2795 0.7452 -4.0759
v -0.2795 0.7452 -4.0759
v -0.2715 0.7619 -4.0759
v -0.2715 0.7619 -4.0759
v -0.2715 0.7619 -4.0759
v -0.2715 0.7619 -4.0759
v -0.2715 0.7805 -4.0759
v -0.2715 0.7805 -4.0759
v -0.2715 0.7805 -4.0759
v -0.2715 0.7805 -4.0759
v -0.2795 0.7973 -4.0759
v -0.2795 0.7973 -4.0759
v -0.2795 0.7973 -4.0759
v -0.2795 0.7973 -4.0759
v -0.2941 0.8089 -4.0759
v -0.2941 0.8089 -4.0759
v -0.2941 0.8089 -4.0759
v -0.2941 0.8089 -4.0759
v -0.3122 0.8068 -4.0794
v -0.3122 0.8068 -4.0794
v -0.3122 0.8068 -4.0794
v -0.3122 0.8068 -4.0794
v -0.3276 0.8032 -4.0794
v -0.3276 0.8032 -4.0794
v -0.3276 0.8032 -4.0794
v -0.3276 0.8032 -4.0794
v -0.3400 0.7934 -4.0794
v -0.3400 0.7934 -4.0794
v -0.3400 0.7934 -4.0794
v -0.3400 0.7934 -4.0794
v -0.3468 0.7791 -4.0794
v -0.3468 0.7791 -4.0794
v -0.3468 0.7791 -4.0794
v -0.3468 0.7791 -4.0794
v -0.3468 0.7633 -4.0794
v -0.3468 0.7633 -4.0794
v -0.3468 0.7633 -4.0794
v -0.3468 0.7633 -4.0794
v -0.3400 0.7491 -4.0794
v -0.3400 0.7491 -4.0794
v -0.3400 0.7491 -4.0794
v -0.3400 0.7491 -4.0794
v -0.3276 0.7393 -4.0794
v -0.3276 0.7393 -4.0794
v -0.3276 0.7393 -4.0794
v -0.3276 0.7393 -4.0794
v -0.3122 0.7357 -4.0794
v -0.3122 0.7357 -4.0794
v -0.3122 0.7357 -4.0794
v -0.3122 0.7357 -4.0794
v -0.2968 0.7393 -4.0794
v -0.2968 0.7393 -4.0794
v -0.2968 0.7393 -4.0794
v -0.2968 0.7393 -4.0794
v -0.2845 0.7491 -4.0794
v -0.2845 0.7491 -4.0794
v -0.2845 0.7491 -4.0794
v -0.2845 0.7491 -4.0794
v -0.2776 0.7633 -4.0794
v -0.2776 0.7633 -4.0794
v -0.2776 0.7633 -4.0794
v -0.2776 0.7633 -4.0794
v -0.2776 0.7791 -4.0794
v -0.2776 0.7791 -4.0794
v -0.2776 0.7791 -4.0794
v -0.2776 0.7791 -4.0794
v -0.2845 0.7934 -4.0794
v -0.2845 0.7934 -4.0794
v -0.2845 0.7934 -4.0794
v -0.2845 0.7934 -4.0794
v -0.2968 0.8032 -4.0794
v -0.2968 0.8032 -4.0794
v -0.2968 0.8032 -4.0794
v -0.2968 0.8032 -4.0794
v -0.3122 0.7972 -4.0821
v -0.3122 0.7972 -4.0821
v -0.3122 0.7972 -4.0821
v -0.3235 0.7946 -4.0821
v -0.3235 0.7946 -4.0821
v -0.3235 0.7946 -4.0821
v -0.3325 0.7874 -4.0821
v -0.3325 0.7874 -4.0821
v -0.3325 0.7874 -4.0821
v -0.3375 0.7770 -4.0821
v -0.3375 0.7770 -4.0821
v -0.3375 0.7770 -4.0821
v -0.3375 0.7655 -4.0821
v -0.3375 0.7655 -4.0821
v -0.3375 0.7655 -4.0821
v -0.3325 0.7551 -4.0821
v -0.3325 0.7551 -4.0821
v -0.3325 0.7551 -4.0821
v -0.3235 0.7479 -4.0821
v -0.3235 0.7479 -4.0821
v -0.3235 0.7479 -4.0821
v -0.3122 0.7453 -4.0821
v -0.3122 0.7453 -4.0821
v -0.3122 0.7453 -4.0821
v -0.3010 0.7479 -4.0821
v -0.3010 0.7479 -4.0821
v -0.3010 0.7479 -4.0821
v -0.2919 0.7551 -4.0821
v -0.2919 0.7551 -4.0821
v -0.2919 0.7551 -4.0821
v -0.2869 0.7655 -4.0821
v -0.2869 0.7655 -4.0821
v -0.2869 0.7655 -4.0821
v -0.2869 0.7770 -4.0821
v -0.2869 0.7770 -4.0821
v -0.2869 0.7770 -4.0821
v -0.2919 0.7874 -4.0821
v -0.2919 0.7874 -4.0821
v -0.2919 0.7874 -4.0821
v -0.3010 0.7946 -4.0821
v -0.3010 0.7946 -4.0821
v -0.3010 0.7946 -4.0821
v 0.0481 2.2006 1.7570
v 0.0481 2.2006 1.7570
v 0.0481 2.2006 1.7570
v 0.0481 2.2572 1.7004
v 0.0481 2.2572 1.7004
v 0.0481 2.2572 1.7004
v 0.0481 2.2572 1.7004
v 0.0506 2.2590 1.6986
v 0.0506 2.2590 1.6986
v 0.0506 2.1988 1.7588
v 0.0465 2.2599 1.7055
v 0.0465 2.2599 1.7055
v 0.0465 2.2599 1.7055
v 0.0465 2.2599 1.7055
v 0.0465 2.2057 1.7597
v 0.0465 2.2057 1.7597
v 0.0465 2.2057 1.7597
v 0.0465 2.2057 1.7597
v 0.0424 2.2593 1.7106
v 0.0424 2.2593 1.7106
v 0.0424 2.2593 1.7106
v 0.0424 2.2593 1.7106
v 0.0424 2.2108 1.7591
v 0.0424 2.2108 1.7591
v 0.0424 2.2108 1.7591
v 0.0424 2.2108 1.7591
v 0.0373 2.2589 1.7173
v 0.0373 2.2589 1.7173
v 0.0373 2.2589 1.7173
v 0.0373 2.2175 1.7587
v 0.0373 2.2175 1.7587
v 0.0373 2.2175 1.7587
v 0.3893 2.2006 1.7570
v 0.3893 2.2006 1.7570
v 0.3893 2.2006 1.7570
v 0.3893 2.2572 1.7004
v 0.3893 2.2572 1.7004
v 0.3893 2.2572 1.7004
v 0.3893 2.2572 1.7004
v 0.4694 2.2006 1.7570
v 0.4694 2.2006 1.7570
v 0.4694 2.2006 1.7570
v 0.4694 2.2572 1.7004
v 0.4694 2.2572 1.7004
v 0.4694 2.2572 1.7004
v 0.4694 2.2572 1.7004
v 0.3868 2.1988 1.7588
v 0.3868 2.2590 1.6986
v 0.3868 2.2590 1.6986
v 0.4719 2.2590 1.6986
v 0.4719 2.2590 1.6986
v 0.4719 2.1988 1.7588
v 0.3910 2.2057 1.7597
v 0.3910 2.2057 1.7597
v 0.3910 2.2057 1.7597
v 0.3910 2.2057 1.7597
v 0.3910 2.2599 1.7055
v 0.3910 2.2599 1.7055
v 0.3910 2.2599 1.7055
v 0.3910 2.2599 1.7055
v 0.4677 2.2599 1.7055
v 0.4677 2.2599 1.7055
v 0.4677 2.2599 1.7055
v 0.4677 2.2599 1.7055
v 0.4677 2.2057 1.7597
v 0.4677 2.2057 1.7597
v 0.4677 2.2057 1.7597
v 0.4677 2.2057 1.7597
v 0.3951 2.2108 1.7591
v 0.3951 2.2108 1.7591
v 0.3951 2.2108 1.7591
v 0.3951 2.2108 1.7591
v 0.3951 2.2593 1.7106
v 0.3951 2.2593 1.7106
v 0.3951 2.2593 1.7106
v 0.3951 2.2593 1.7106
v 0.4636 2.2593 1.7106
v 0.4636 2.2593 1.7106
v 0.4636 2.2593 1.7106
v 0.4636 2.2593 1.7106
v 0.4636 2.2108 1.7591
v 0.4636 2.2108 1.7591
v 0.4636 2.2108 1.7591
v 0.4636 2.2108 1.7591
v 0.4001 2.2175 1.7587
v 0.4001 2.2175 1.7587
v 0.4001 2.2175 1.7587
v 0.4001 2.2589 1.7173
v 0.4001 2.2589 1.7173
v 0.4001 2.2589 1.7173
v 0.4586 2.2589 1.7173
v 0.4586 2.2589 1.7173
v 0.4586 2.2589 1.7173
v 0.4586 2.2175 1.7587
v 0.4586 2.2175 1.7587
v 0.4586 2.2175 1.7587
v 0.6189 2.2006 1.7570
v 0.6189 2.2006 1.7570
v 0.6189 2.2006 1.7570
v 0.6189 2.2572 1.7004
v 0.6189 2.2572 1.7004
v 0.6189 2.2572 1.7004
v 0.6189 2.2572 1.7004
v 0.6989 2.2006 1.7570
v 0.6989 2.2006 1.7570
v 0.6989 2.2006 1.7570
v 0.6989 2.2572 1.7004
v 0.6989 2.2572 1.7004
v 0.6989 2.2572 1.7004
v 0.6989 2.2572 1.7004
v 0.6164 2.1988 1.7588
v 0.6164 2.2590 1.6986
v 0.6164 2.2590 1.6986
v 0.7014 2.2590 1.6986
v 0.7014 2.2590 1.6986
v 0.7014 2.1988 1.7588
v 0.6205 2.2057 1.7597
v 0.6205 2.2057 1.7597
v 0.6205 2.2057 1.7597
v 0.6205 2.2057 1.7597
v 0.6205 2.2599 1.7055
v 0.6205 2.2599 1.7055
v 0.6205 2.2599 1.7055
v 0.6205 2.2599 1.7055
v 0.6973 2.2599 1.7055
v 0.6973 2.2599 1.7055
v 0.6973 2.2599 1.7055
v 0.6973 2.2599 1.7055
v 0.6973 2.2057 1.7597
v 0.6973 2.2057 1.7597
v 0.6973 2.2057 1.7597
v 0.6973 2.2057 1.7597
v 0.6246 2.2108 1.7591
v 0.6246 2.2108 1.7591
v 0.6246 2.2108 1.7591
v 0.6246 2.2108 1.7591
v 0.6246 2.2593 1.7106
v 0.6246 2.2593 1.7106
v 0.6246 2.2593 1.7106
v 0.6246 2.2593 1.7106
v 0.6932 2.2593 1.7106
v 0.6932 2.2593 1.7106
v 0.6932 2.2593 1.7106
v 0.6932 2.2593 1.7106
v 0.6932 2.2108 1.7591
v 0.6932 2.2108 1.7591
v 0.6932 2.2108 1.7591
v 0.6932 2.2108 1.7591
v 0.6297 2.2175 1.7587
v 0.6297 2.2175 1.7587
v 0.6297 2.2175 1.7587
v 0.6297 2.2589 1.7173
v 0.6297 2.2589 1.7173
v 0.6297 2.2589 1.7173
v 0.6882 2.2589 1.7173
v 0.6882 2.2589 1.7173
v 0.6882 2.2589 1.7173
v 0.6882 2.2175 1.7587
v 0.6882 2.2175 1.7587
v 0.6882 2.2175 1.7587
v -0.0481 2.2006 1.7570
v -0.0481 2.2006 1.7570
v -0.0481 2.2006 1.7570
v -0.0481 2.2572 1.7004
v -0.0481 2.2572 1.7004
v -0.0481 2.2572 1.7004
v -0.0481 2.2572 1.7004
v -0.0506 2.2590 1.6986
v -0.0506 2.2590 1.6986
v -0.0506 2.1988 1.7588
v -0.0465 2.2599 1.7055
v -0.0465 2.2599 1.7055
v -0.0465 2.2599 1.7055
v -0.0465 2.2599 1.7055
v -0.0465 2.2057 1.7597
v -0.0465 2.2057 1.7597
v -0.0465 2.2057 1.7597
v -0.0465 2.2057 1.7597
v -0.0424 2.2593 1.7106
v -0.0424 2.2593 1.7106
v -0.0424 2.2593 1.7106
v -0.0424 2.2593 1.7106
v -0.0424 2.2108 1.7591
v -0.0424 2.2108 1.7591
v -0.0424 2.2108 1.7591
v -0.0424 2.2108 1.7591
v -0.0373 2.2589 1.7173
v -0.0373 2.2589 1.7173
v -0.0373 2.2589 1.7173
v -0.0373 2.2175 1.7587
v -0.0373 2.2175 1.7587
v -0.0373 2.2175 1.7587
v -0.3893 2.2006 1.7570
v -0.3893 2.2006 1.7570
v -0.3893 2.2006 1.7570
v -0.3893 2.2572 1.7004
v -0.3893 2.2572 1.7004
v -0.3893 2.2572 1.7004
v -0.3893 2.2572 1.7004
v -0.4694 2.2006 1.7570
v -0.4694 2.2006 1.7570
v -0.4694 2.2006 1.7570
v -0.4694 2.2572 1.7004
v -0.4694 2.2572 1.7004
v -0.4694 2.2572 1.7004
v -0.4694 2.2572 1.7004
v -0.3868 2.1988 1.7588
v -0.3868 2.2590 1.6986
v -0.3868 2.2590 1.6986
v -0.4719 2.2590 1.6986
v -0.4719 2.2590 1.6986
v -0.4719 2.1988 1.7588
v -0.3910 2.2057 1.7597
v -0.3910 2.2057 1.7597
v -0.3910 2.2057 1.7597
v -0.3910 2.2057 1.7597
v -0.3910 2.2599 1.7055
v -0.3910 2.2599 1.7055
v -0.3910 2.2599 1.7055
v -0.3910 2.2599 1.7055
v -0.4677 2.2599 1.7055
v -0.4677 2.2599 1.7055
v -0.4677 2.2599 1.7055
v -0.4677 2.2599 1.7055
v -0.4677 2.2057 1.7597
v -0.4677 2.2057 1.7597
v -0.4677 2.2057 1.7597
v -0.4677 2.2057 1.7597
v -0.3951 2.2108 1.7591
v -0.3951 2.2108 1.7591
v -0.3951 2.2108 1.7591
v -0.3951 2.2108 1.7591
v -0.3951 2.2593 1.7106
v -0.3951 2.2593 1.7106
v -0.3951 2.2593 1.7106
v -0.3951 2.2593 1.7106
v -0.4636 2.2593 1.7106
v -0.4636 2.2593 1.7106
v -0.4636 2.2593 1.7106
v -0.4636 2.2593 1.7106
v -0.4636 2.2108 1.7591
v -0.4636 2.2108 1.7591
v -0.4636 2.2108 1.7591
v -0.4636 2.2108 1.7591
v -0.4001 2.2175 1.7587
v -0.4001 2.2175 1.7587
v -0.4001 2.2175 1.7587
v -0.4001 2.2589 1.7173
v -0.4001 2.2589 1.7173
v -0.4001 2.2589 1.7173
v -0.4586 2.2589 1.7173
v -0.4586 2.2589 1.7173
v -0.4586 2.2589 1.7173
v -0.4586 2.2175 1.7587
v -0.4586 2.2175 1.7587
v -0.4586 2.2175 1.7587
v -0.6189 2.2006 1.7570
v -0.6189 2.2006 1.7570
v -0.6189 2.2006 1.7570
v -0.6189 2.2572 1.7004
v -0.6189 2.2572 1.7004
v -0.6189 2.2572 1.7004
v -0.6189 2.2572 1.7004
v -0.6989 2.2006 1.7570
v -0.6989 2.2006 1.7570
v -0.6989 2.2006 1.7570
v -0.6989 2.2572 1.7004
v -0.6989 2.2572 1.7004
v -0.6989 2.2572 1.7004
v -0.6989 2.2572 1.7004
v -0.6164 2.1988 1.7588
v -0.6164 2.2590 1.6986
v -0.6164 2.2590 1.6986
v -0.7014 2.2590 1.6986
v -0.7014 2.2590 1.6986
v -0.7014 2.1988 1.7588
v -0.6205 2.2057 1.7597
v -0.6205 2.2057 1.7597
v -0.6205 2.2057 1.7597
v -0.6205 2.2057 1.7597
v -0.6205 2.2599 1.7055
v -0.6205 2.2599 1.7055
v -0.6205 2.2599 1.7055
v -0.6205 2.2599 1.7055
v -0.6973 2.2599 1.7055
v -0.6973 2.2599 1.7055
v -0.6973 2.2599 1.7055
v -0.6973 2.2599 1.7055
v -0.6973 2.2057 1.7597
v -0.6973 2.2057 1.7597
v -0.6973 2.2057 1.7597
v -0.6973 2.2057 1.7597
v -0.6246 2.2108 1.7591
v -0.6246 2.2108 1.7591
v -0.6246 2.2108 1.7591
v -0.6246 2.2108 1.7591
v -0.6246 2.2593 1.7106
v -0.6246 2.2593 1.7106
v -0.6246 2.2593 1.7106
v -0.6246 2.2593 1.7106
v -0.6932 2.2593 1.7106
v -0.6932 2.2593 1.7106
v -0.6932 2.2593 1.7106
v -0.6932 2.2593 1.7106
v -0.6932 2.2108 1.7591
v -0.6932 2.2108 1.7591
v -0.6932 2.2108 1.7591
v -0.6932 2.2108 1.7591
v -0.6297 2.2175 1.7587
v -0.6297 2.2175 1.7587
v -0.6297 2.2175 1.7587
v -0.6297 2.2589 1.7173
v -0.6297 2.2589 1.7173
v -0.6297 2.2589 1.7173
v -0.6882 2.2589 1.7173
v -0.6882 2.2589 1.7173
v -0.6882 2.2589 1.7173
v -0.6882 2.2175 1.7587
v -0.6882 2.2175 1.7587
v -0.6882 2.2175 1.7587
v 0.0000 2.2590 1.6986
v 0.0000 2.2590 1.6986
v 0.0000 2.2572 1.7004
v 0.0000 2.2572 1.7004
v 0.0000 2.2572 1.7004
v 0.0000 2.2572 1.7004
v 0.0000 2.2006 1.7570
v 0.0000 2.2006 1.7570
v 0.0000 2.2599 1.7055
v 0.0000 2.2599 1.7055
v 0.0000 2.2599 1.7055
v 0.0000 2.2057 1.7597
v 0.0000 2.2057 1.7597
v 0.0000 2.2057 1.7597
v 0.0000 2.2057 1.7597
v 0.0000 2.2593 1.7106
v 0.0000 2.2593 1.7106
v 0.0000 2.2593 1.7106
v 0.0000 2.2108 1.7591
v 0.0000 2.2108 1.7591
v 0.0000 2.2108 1.7591
v 0.0000 2.2108 1.7591
v 0.0000 2.2589 1.7173
v 0.0000 2.2589 1.7173
v 0.0000 2.2589 1.7173
v 0.0000 2.2175 1.7587
v 0.0000 2.2175 1.7587
v 0.0000 2.2175 1.7587
v 0.2032 0.8084 -4.0689
v 0.2032 0.8084 -4.0689
v 0.2032 0.8084 -4.0689
v 0.2032 0.8130 -4.0425
v 0.2032 0.8130 -4.0425
v 0.2032 0.8130 -4.0425
v 0.2193 0.8047 -4.0689
v 0.2193 0.8047 -4.0689
v 0.2193 0.8047 -4.0689
v 0.2213 0.8088 -4.0425
v 0.2213 0.8088 -4.0425
v 0.2213 0.8088 -4.0425
v 0.2322 0.7944 -4.0689
v 0.2322 0.7944 -4.0689
v 0.2322 0.7944 -4.0689
v 0.2358 0.7973 -4.0425
v 0.2358 0.7973 -4.0425
v 0.2358 0.7973 -4.0425
v 0.2394 0.7795 -4.0689
v 0.2394 0.7795 -4.0689
v 0.2394 0.7795 -4.0689
v 0.2438 0.7805 -4.0425
v 0.2438 0.7805 -4.0425
v 0.2438 0.7805 -4.0425
v 0.2394 0.7630 -4.0689
v 0.2394 0.7630 -4.0689
v 0.2394 0.7630 -4.0689
v 0.2438 0.7620 -4.0425
v 0.2438 0.7620 -4.0425
v 0.2438 0.7620 -4.0425
v 0.2322 0.7481 -4.0689
v 0.2322 0.7481 -4.0689
v 0.2322 0.7481 -4.0689
v 0.2358 0.7452 -4.0425
v 0.2358 0.7452 -4.0425
v 0.2358 0.7452 -4.0425
v 0.2193 0.7378 -4.0689
v 0.2193 0.7378 -4.0689
v 0.2193 0.7378 -4.0689
v 0.2213 0.7337 -4.0425
v 0.2213 0.7337 -4.0425
v 0.2213 0.7337 -4.0425
v 0.2032 0.7341 -4.0689
v 0.2032 0.7341 -4.0689
v 0.2032 0.7341 -4.0689
v 0.2032 0.7295 -4.0425
v 0.2032 0.7295 -4.0425
v 0.2032 0.7295 -4.0425
v 0.1870 0.7378 -4.0689
v 0.1870 0.7378 -4.0689
v 0.1870 0.7378 -4.0689
v 0.1851 0.7337 -4.0425
v 0.1851 0.7337 -4.0425
v 0.1851 0.7337 -4.0425
v 0.1741 0.7481 -4.0689
v 0.1741 0.7481 -4.0689
v 0.1741 0.7481 -4.0689
v 0.1705 0.7452 -4.0425
v 0.1705 0.7452 -4.0425
v 0.1705 0.7452 -4.0425
v 0.1670 0.7630 -4.0689
v 0.1670 0.7630 -4.0689
v 0.1670 0.7630 -4.0689
v 0.1625 0.7620 -4.0425
v 0.1625 0.7620 -4.0425
v 0.1625 0.7620 -4.0425
v 0.1670 0.7795 -4.0689
v 0.1670 0.7795 -4.0689
v 0.1670 0.7795 -4.0689
v 0.1670 0.7795 -4.0689
v 0.1625 0.7805 -4.0425
v 0.1625 0.7805 -4.0425
v 0.1625 0.7805 -4.0425
v 0.1741 0.7944 -4.0689
v 0.1741 0.7944 -4.0689
v 0.1741 0.7944 -4.0689
v 0.1741 0.7944 -4.0689
v 0.1705 0.7973 -4.0425
v 0.1705 0.7973 -4.0425
v 0.1705 0.7973 -4.0425
v 0.1870 0.8047 -4.0689
v 0.1870 0.8047 -4.0689
v 0.1870 0.8047 -4.0689
v 0.1851 0.8088 -4.0425
v 0.1851 0.8088 -4.0425
v 0.1851 0.8088 -4.0425
v 0.2032 0.8130 -4.0689
v 0.2032 0.8130 -4.0689
v 0.2032 0.8130 -4.0689
v 0.2213 0.8088 -4.0689
v 0.2213 0.8088 -4.0689
v 0.2213 0.8088 -4.0689
v 0.2358 0.7973 -4.0689
v 0.2358 0.7973 -4.0689
v 0.2358 0.7973 -4.0689
v 0.2438 0.7805 -4.0689
v 0.2438 0.7805 -4.0689
v 0.2438 0.7805 -4.0689
v 0.2438 0.7620 -4.0689
v 0.2438 0.7620 -4.0689
v 0.2438 0.7620 -4.0689
v 0.2358 0.7452 -4.0689
v 0.2358 0.7452 -4.0689
v 0.2358 0.7452 -4.0689
v 0.2213 0.7337 -4.0689
v 0.2213 0.7337 -4.0689
v 0.2213 0.7337 -4.0689
v 0.2032 0.7295 -4.0689
v 0.2032 0.7295 -4.0689
v 0.2032 0.7295 -4.0689
v 0.1851 0.7337 -4.0689
v 0.1851 0.7337 -4.0689
v 0.1851 0.7337 -4.0689
v 0.1705 0.7452 -4.0689
v 0.1705 0.7452 -4.0689
v 0.1705 0.7452 -4.0689
v 0.1625 0.7620 -4.0689
v 0.1625 0.7620 -4.0689
v 0.1625 0.7620 -4.0689
v 0.1625 0.7805 -4.0689
v 0.1625 0.7805 -4.0689
v 0.1625 0.7805 -4.0689
v 0.1625 0.7805 -4.0689
v 0.1705 0.7973 -4.0689
v 0.1705 0.7973 -4.0689
v 0.1705 0.7973 -4.0689
v 0.1705 0.7973 -4.0689
v 0.1851 0.8088 -4.0689
v 0.1851 0.8088 -4.0689
v 0.1851 0.8088 -4.0689
v 0.2032 0.8059 -4.0724
v 0.2032 0.8059 -4.0724
v 0.2032 0.8059 -4.0724
v 0.2032 0.8059 -4.0724
v 0.2182 0.8025 -4.0724
v 0.2182 0.8025 -4.0724
v 0.2182 0.8025 -4.0724
v 0.2182 0.8025 -4.0724
v 0.2303 0.7929 -4.0724
v 0.2303 0.7929 -4.0724
v 0.2303 0.7929 -4.0724
v 0.2303 0.7929 -4.0724
v 0.2370 0.7790 -4.0724
v 0.2370 0.7790 -4.0724
v 0.2370 0.7790 -4.0724
v 0.2370 0.7790 -4.0724
v 0.2370 0.7635 -4.0724
v 0.2370 0.7635 -4.0724
v 0.2370 0.7635 -4.0724
v 0.2370 0.7635 -4.0724
v 0.2303 0.7496 -4.0724
v 0.2303 0.7496 -4.0724
v 0.2303 0.7496 -4.0724
v 0.2303 0.7496 -4.0724
v 0.2182 0.7400 -4.0724
v 0.2182 0.7400 -4.0724
v 0.2182 0.7400 -4.0724
v 0.2182 0.7400 -4.0724
v 0.2032 0.7366 -4.0724
v 0.2032 0.7366 -4.0724
v 0.2032 0.7366 -4.0724
v 0.2032 0.7366 -4.0724
v 0.1881 0.7400 -4.0724
v 0.1881 0.7400 -4.0724
v 0.1881 0.7400 -4.0724
v 0.1881 0.7400 -4.0724
v 0.1761 0.7496 -4.0724
v 0.1761 0.7496 -4.0724
v 0.1761 0.7496 -4.0724
v 0.1761 0.7496 -4.0724
v 0.1694 0.7635 -4.0724
v 0.1694 0.7635 -4.0724
v 0.1694 0.7635 -4.0724
v 0.1694 0.7635 -4.0724
v 0.1694 0.7790 -4.0724
v 0.1694 0.7790 -4.0724
v 0.1694 0.7790 -4.0724
v 0.1694 0.7790 -4.0724
v 0.1761 0.7929 -4.0724
v 0.1761 0.7929 -4.0724
v 0.1761 0.7929 -4.0724
v 0.1761 0.7929 -4.0724
v 0.1881 0.8025 -4.0724
v 0.1881 0.8025 -4.0724
v 0.1881 0.8025 -4.0724
v 0.1881 0.8025 -4.0724
v 0.2032 0.8007 -4.0754
v 0.2032 0.8007 -4.0754
v 0.2032 0.8007 -4.0754
v 0.2032 0.8007 -4.0754
v 0.2159 0.7978 -4.0754
v 0.2159 0.7978 -4.0754
v 0.2159 0.7978 -4.0754
v 0.2159 0.7978 -4.0754
v 0.2262 0.7896 -4.0754
v 0.2262 0.7896 -4.0754
v 0.2262 0.7896 -4.0754
v 0.2262 0.7896 -4.0754
v 0.2319 0.7778 -4.0754
v 0.2319 0.7778 -4.0754
v 0.2319 0.7778 -4.0754
v 0.2319 0.7778 -4.0754
v 0.2319 0.7647 -4.0754
v 0.2319 0.7647 -4.0754
v 0.2319 0.7647 -4.0754
v 0.2319 0.7647 -4.0754
v 0.2262 0.7529 -4.0754
v 0.2262 0.7529 -4.0754
v 0.2262 0.7529 -4.0754
v 0.2262 0.7529 -4.0754
v 0.2159 0.7447 -4.0754
v 0.2159 0.7447 -4.0754
v 0.2159 0.7447 -4.0754
v 0.2159 0.7447 -4.0754
v 0.2032 0.7418 -4.0754
v 0.2032 0.7418 -4.0754
v 0.2032 0.7418 -4.0754
v 0.2032 0.7418 -4.0754
v 0.1904 0.7447 -4.0754
v 0.1904 0.7447 -4.0754
v 0.1904 0.7447 -4.0754
v 0.1904 0.7447 -4.0754
v 0.1801 0.7529 -4.0754
v 0.1801 0.7529 -4.0754
v 0.1801 0.7529 -4.0754
v 0.1801 0.7529 -4.0754
v 0.1744 0.7647 -4.0754
v 0.1744 0.7647 -4.0754
v 0.1744 0.7647 -4.0754
v 0.1744 0.7647 -4.0754
v 0.1744 0.7778 -4.0754
v 0.1744 0.7778 -4.0754
v 0.1744 0.7778 -4.0754
v 0.1744 0.7778 -4.0754
v 0.1801 0.7896 -4.0754
v 0.1801 0.7896 -4.0754
v 0.1801 0.7896 -4.0754
v 0.1801 0.7896 -4.0754
v 0.1904 0.7978 -4.0754
v 0.1904 0.7978 -4.0754
v 0.1904 0.7978 -4.0754
v 0.1904 0.7978 -4.0754
v 0.2032 0.7928 -4.0776
v 0.2032 0.7928 -4.0776
v 0.2032 0.7928 -4.0776
v 0.2125 0.7906 -4.0776
v 0.2125 0.7906 -4.0776
v 0.2125 0.7906 -4.0776
v 0.2200 0.7847 -4.0776
v 0.2200 0.7847 -4.0776
v 0.2200 0.7847 -4.0776
v 0.2241 0.7760 -4.0776
v 0.2241 0.7760 -4.0776
v 0.2241 0.7760 -4.0776
v 0.2241 0.7665 -4.0776
v 0.2241 0.7665 -4.0776
v 0.2241 0.7665 -4.0776
v 0.2200 0.7578 -4.0776
v 0.2200 0.7578 -4.0776
v 0.2200 0.7578 -4.0776
v 0.2125 0.7518 -4.0776
v 0.2125 0.7518 -4.0776
v 0.2125 0.7518 -4.0776
v 0.2032 0.7497 -4.0776
v 0.2032 0.7497 -4.0776
v 0.2032 0.7497 -4.0776
v 0.1938 0.7518 -4.0776
v 0.1938 0.7518 -4.0776
v 0.1938 0.7518 -4.0776
v 0.1863 0.7578 -4.0776
v 0.1863 0.7578 -4.0776
v 0.1863 0.7578 -4.0776
v 0.1822 0.7665 -4.0776
v 0.1822 0.7665 -4.0776
v 0.1822 0.7665 -4.0776
v 0.1822 0.7760 -4.0776
v 0.1822 0.7760 -4.0776
v 0.1822 0.7760 -4.0776
v 0.1863 0.7847 -4.0776
v 0.1863 0.7847 -4.0776
v 0.1863 0.7847 -4.0776
v 0.1938 0.7906 -4.0776
v 0.1938 0.7906 -4.0776
v 0.1938 0.7906 -4.0776
v -0.2032 0.8084 -4.0689
v -0.2032 0.8084 -4.0689
v -0.2032 0.8084 -4.0689
v -0.2032 0.8084 -4.0689
v -0.2032 0.8130 -4.0425
v -0.2032 0.8130 -4.0425
v -0.2032 0.8130 -4.0425
v -0.2193 0.8047 -4.0689
v -0.2193 0.8047 -4.0689
v -0.2193 0.8047 -4.0689
v -0.2193 0.8047 -4.0689
v -0.2213 0.8088 -4.0425
v -0.2213 0.8088 -4.0425
v -0.2213 0.8088 -4.0425
v -0.2322 0.7944 -4.0689
v -0.2322 0.7944 -4.0689
v -0.2322 0.7944 -4.0689
v -0.2322 0.7944 -4.0689
v -0.2358 0.7973 -4.0425
v -0.2358 0.7973 -4.0425
v -0.2358 0.7973 -4.0425
v -0.2394 0.7795 -4.0689
v -0.2394 0.7795 -4.0689
v -0.2394 0.7795 -4.0689
v -0.2438 0.7805 -4.0425
v -0.2438 0.7805 -4.0425
v -0.2438 0.7805 -4.0425
v -0.2394 0.7630 -4.0689
v -0.2394 0.7630 -4.0689
v -0.2394 0.7630 -4.0689
v -0.2394 0.7630 -4.0689
v -0.2438 0.7620 -4.0425
v -0.2438 0.7620 -4.0425
v -0.2438 0.7620 -4.0425
v -0.2322 0.7481 -4.0689
v -0.2322 0.7481 -4.0689
v -0.2322 0.7481 -4.0689
v -0.2322 0.7481 -4.0689
v -0.2358 0.7452 -4.0425
v -0.2358 0.7452 -4.0425
v -0.2358 0.7452 -4.0425
v -0.2193 0.7378 -4.0689
v -0.2193 0.7378 -4.0689
v -0.2193 0.7378 -4.0689
v -0.2193 0.7378 -4.0689
v -0.2213 0.7337 -4.0425
v -0.2213 0.7337 -4.0425
v -0.2213 0.7337 -4.0425
v -0.2032 0.7341 -4.0689
v -0.2032 0.7341 -4.0689
v -0.2032 0.7341 -4.0689
v -0.2032 0.7341 -4.0689
v -0.2032 0.7295 -4.0425
v -0.2032 0.7295 -4.0425
v -0.2032 0.7295 -4.0425
v -0.1870 0.7378 -4.0689
v -0.1870 0.7378 -4.0689
v -0.1870 0.7378 -4.0689
v -0.1870 0.7378 -4.0689
v -0.1851 0.7337 -4.0425
v -0.1851 0.7337 -4.0425
v -0.1851 0.7337 -4.0425
v -0.1741 0.7481 -4.0689
v -0.1741 0.7481 -4.0689
v -0.1741 0.7481 -4.0689
v -0.1741 0.7481 -4.0689
v -0.1705 0.7452 -4.0425
v -0.1705 0.7452 -4.0425
v -0.1705 0.7452 -4.0425
v -0.1670 0.7630 -4.0689
v -0.1670 0.7630 -4.0689
v -0.1670 0.7630 -4.0689
v -0.1625 0.7620 -4.0425
v -0.1625 0.7620 -4.0425
v -0.1625 0.7620 -4.0425
v -0.1670 0.7795 -4.0689
v -0.1670 0.7795 -4.0689
v -0.1670 0.7795 -4.0689
v -0.1670 0.7795 -4.0689
v -0.1625 0.7805 -4.0425
v -0.1625 0.7805 -4.0425
v -0.1625 0.7805 -4.0425
v -0.1741 0.7944 -4.0689
v -0.1741 0.7944 -4.0689
v -0.1741 0.7944 -4.0689
v -0.1741 0.7944 -4.0689
v -0.1705 0.7973 -4.0425
v -0.1705 0.7973 -4.0425
v -0.1705 0.7973 -4.0425
v -0.1870 0.8047 -4.0689
v -0.1870 0.8047 -4.0689
v -0.1870 0.8047 -4.0689
v -0.1870 0.8047 -4.0689
v -0.1851 0.8088 -4.0425
v -0.1851 0.8088 -4.0425
v -0.1851 0.8088 -4.0425
v -0.2032 0.8130 -4.0689
v -0.2032 0.8130 -4.0689
v -0.2032 0.8130 -4.0689
v -0.2032 0.8130 -4.0689
v -0.2213 0.8088 -4.0689
v -0.2213 0.8088 -4.0689
v -0.2213 0.8088 -4.0689
v -0.2213 0.8088 -4.0689
v -0.2358 0.7973 -4.0689
v -0.2358 0.7973 -4.0689
v -0.2358 0.7973 -4.0689
v -0.2358 0.7973 -4.0689
v -0.2438 0.7805 -4.0689
v -0.2438 0.7805 -4.0689
v -0.2438 0.7805 -4.0689
v -0.2438 0.7620 -4.0689
v -0.2438 0.7620 -4.0689
v -0.2438 0.7620 -4.0689
v -0.2438 0.7620 -4.0689
v -0.2358 0.7452 -4.0689
v -0.2358 0.7452 -4.0689
v -0.2358 0.7452 -4.0689
v -0.2358 0.7452 -4.0689
v -0.2213 0.7337 -4.0689
v -0.2213 0.7337 -4.0689
v -0.2213 0.7337 -4.0689
v -0.2213 0.7337 -4.0689
v -0.2032 0.7295 -4.0689
v -0.2032 0.7295 -4.0689
v -0.2032 0.7295 -4.0689
v -0.2032 0.7295 -4.0689
v -0.1851 0.7337 -4.0689
v -0.1851 0.7337 -4.0689
v -0.1851 0.7337 -4.0689
v -0.1851 0.7337 -4.0689
v -0.1705 0.7452 -4.0689
v -0.1705 0.7452 -4.0689
v -0.1705 0.7452 -4.0689
v -0.1705 0.7452 -4.0689
v -0.1625 0.7620 -4.0689
v -0.1625 0.7620 -4.0689
v -0.1625 0.7620 -4.0689
v -0.1625 0.7805 -4.0689
v -0.1625 0.7805 -4.0689
v -0.1625 0.7805 -4.0689
v -0.1625 0.7805 -4.0689
v -0.1705 0.7973 -4.0689
v -0.1705 0.7973 -4.0689
v -0.1705 0.7973 -4.0689
v -0.1705 0.7973 -4.0689
v -0.1851 0.8088 -4.0689
v -0.1851 0.8088 -4.0689
v -0.1851 0.8088 -4.0689
v -0.1851 0.8088 -4.0689
v -0.2032 0.8059 -4.0724
v -0.2032 0.8059 -4.0724
v -0.2032 0.8059 -4.0724
v -0.2032 0.8059 -4.0724
v -0.2182 0.8025 -4.0724
v -0.2182 0.8025 -4.0724
v -0.2182 0.8025 -4.0724
v -0.2182 0.8025 -4.0724
v -0.2303 0.7929 -4.0724
v -0.2303 0.7929 -4.0724
v -0.2303 0.7929 -4.0724
v -0.2303 0.7929 -4.0724
v -0.2370 0.7790 -4.0724
v -0.2370 0.7790 -4.0724
v -0.2370 0.7790 -4.0724
v -0.2370 0.7790 -4.0724
v -0.2370 0.7635 -4.0724
v -0.2370 0.7635 -4.0724
v -0.2370 0.7635 -4.0724
v -0.2370 0.7635 -4.0724
v -0.2303 0.7496 -4.0724
v -0.2303 0.7496 -4.0724
v -0.2303 0.7496 -4.0724
v -0.2303 0.7496 -4.0724
v -0.2182 0.7400 -4.0724
v -0.2182 0.7400 -4.0724
v -0.2182 0.7400 -4.0724
v -0.2182 0.7400 -4.0724
v -0.2032 0.7366 -4.0724
v -0.2032 0.7366 -4.0724
v -0.2032 0.7366 -4.0724
v -0.2032 0.7366 -4.0724
v -0.1881 0.7400 -4.0724
v -0.1881 0.7400 -4.0724
v -0.1881 0.7400 -4.0724
v -0.1881 0.7400 -4.0724
v -0.1761 0.7496 -4.0724
v -0.1761 0.7496 -4.0724
v -0.1761 0.7496 -4.0724
v -0.1761 0.7496 -4.0724
v -0.1694 0.7635 -4.0724
v -0.1694 0.7635 -4.0724
v -0.1694 0.7635 -4.0724
v -0.1694 0.7635 -4.0724
v -0.1694 0.7790 -4.0724
v -0.1694 0.7790 -4.0724
v -0.1694 0.7790 -4.0724
v -0.1694 0.7790 -4.0724
v -0.1761 0.7929 -4.0724
v -0.1761 0.7929 -4.0724
v -0.1761 0.7929 -4.0724
v -0.1761 0.7929 -4.0724
v -0.1881 0.8025 -4.0724
v -0.1881 0.8025 -4.0724
v -0.1881 0.8025 -4.0724
v -0.1881 0.8025 -4.0724
v -0.2032 0.8007 -4.0754
v -0.2032 0.8007 -4.0754
v -0.2032 0.8007 -4.0754
v -0.2032 0.8007 -4.0754
v -0.2159 0.7978 -4.0754
v -0.2159 0.7978 -4.0754
v -0.2159 0.7978 -4.0754
v -0.2159 0.7978 -4.0754
v -0.2262 0.7896 -4.0754
v -0.2262 0.7896 -4.0754
v -0.2262 0.7896 -4.0754
v -0.2262 0.7896 -4.0754
v -0.2319 0.7778 -4.0754
v -0.2319 0.7778 -4.0754
v -0.2319 0.7778 -4.0754
v -0.2319 0.7778 -4.0754
v -0.2319 0.7647 -4.0754
v -0.2319 0.7647 -4.0754
v -0.2319 0.7647 -4.0754
v -0.2319 0.7647 -4.0754
v -0.2262 0.7529 -4.0754
v -0.2262 0.7529 -4.0754
v -0.2262 0.7529 -4.0754
v -0.2262 0.7529 -4.0754
v -0.2159 0.7447 -4.0754
v -0.2159 0.7447 -4.0754
v -0.2159 0.7447 -4.0754
v -0.2159 0.7447 -4.0754
v -0.2032 0.7418 -4.0754
v -0.2032 0.7418 -4.0754
v -0.2032 0.7418 -4.0754
v -0.2032 0.7418 -4.0754
v -0.1904 0.7447 -4.0754
v -0.1904 0.7447 -4.0754
v -0.1904 0.7447 -4.0754
v -0.1904 0.7447 -4.0754
v -0.1801 0.7529 -4.0754
v -0.1801 0.7529 -4.0754
v -0.1801 0.7529 -4.0754
v -0.1801 0.7529 -4.0754
v -0.1744 0.7647 -4.0754
v -0.1744 0.7647 -4.0754
v -0.1744 0.7647 -4.0754
v -0.1744 0.7647 -4.0754
v -0.1744 0.7778 -4.0754
v -0.1744 0.7778 -4.0754
v -0.1744 0.7778 -4.0754
v -0.1744 0.7778 -4.0754
v -0.1801 0.7896 -4.0754
v -0.1801 0.7896 -4.0754
v -0.1801 0.7896 -4.0754
v -0.1801 0.7896 -4.0754
v -0.1904 0.7978 -4.0754
v -0.1904 0.7978 -4.0754
v -0.1904 0.7978 -4.0754
v -0.1904 0.7978 -4.0754
v -0.2032 0.7928 -4.0776
v -0.2032 0.7928 -4.0776
v -0.2032 0.7928 -4.0776
v -0.2125 0.7906 -4.0776
v -0.2125 0.7906 -4.0776
v -0.2125 0.7906 -4.0776
v -0.2200 0.7847 -4.0776
v -0.2200 0.7847 -4.0776
v -0.2200 0.7847 -4.0776
v -0.2241 0.7760 -4.0776
v -0.2241 0.7760 -4.0776
v -0.2241 0.7760 -4.0776
v -0.2241 0.7665 -4.0776
v -0.2241 0.7665 -4.0776
v -0.2241 0.7665 -4.0776
v -0.2200 0.7578 -4.0776
v -0.2200 0.7578 -4.0776
v -0.2200 0.7578 -4.0776
v -0.2125 0.7518 -4.0776
v -0.2125 0.7518 -4.0776
v -0.2125 0.7518 -4.0776
v -0.2032 0.7497 -4.0776
v -0.2032 0.7497 -4.0776
v -0.2032 0.7497 -4.0776
v -0.1938 0.7518 -4.0776
v -0.1938 0.7518 -4.0776
v -0.1938 0.7518 -4.0776
v -0.1863 0.7578 -4.0776
v -0.1863 0.7578 -4.0776
v -0.1863 0.7578 -4.0776
v -0.1822 0.7665 -4.0776
v -0.1822 0.7665 -4.0776
v -0.1822 0.7665 -4.0776
v -0.1822 0.7760 -4.0776
v -0.1822 0.7760 -4.0776
v -0.1822 0.7760 -4.0776
v -0.1863 0.7847 -4.0776
v -0.1863 0.7847 -4.0776
v -0.1863 0.7847 -4.0776
v -0.1938 0.7906 -4.0776
v -0.1938 0.7906 -4.0776
v -0.1938 0.7906 -4.0776
v 0.7918 1.0793 3.2306
v 0.7918 1.0793 3.2306
v 0.7918 1.0793 3.2306
v 0.7918 1.0716 3.2989
v 0.7918 1.0716 3.2989
v 0.7918 1.0716 3.2989
v 0.8135 1.0744 3.2306
v 0.8135 1.0744 3.2306
v 0.8135 1.0744 3.2306
v 0.8102 1.0674 3.2989
v 0.8102 1.0674 3.2989
v 0.8102 1.0674 3.2989
v 0.8102 1.0674 3.2989
v 0.8309 1.0605 3.2306
v 0.8309 1.0605 3.2306
v 0.8309 1.0605 3.2306
v 0.8249 1.0557 3.2989
v 0.8249 1.0557 3.2989
v 0.8249 1.0557 3.2989
v 0.8249 1.0557 3.2989
v 0.8406 1.0404 3.2306
v 0.8406 1.0404 3.2306
v 0.8406 1.0404 3.2306
v 0.8331 1.0387 3.2989
v 0.8331 1.0387 3.2989
v 0.8331 1.0387 3.2989
v 0.8406 1.0182 3.2306
v 0.8406 1.0182 3.2306
v 0.8406 1.0182 3.2306
v 0.8331 1.0199 3.2989
v 0.8331 1.0199 3.2989
v 0.8331 1.0199 3.2989
v 0.8309 0.9981 3.2306
v 0.8309 0.9981 3.2306
v 0.8309 0.9981 3.2306
v 0.8249 1.0029 3.2989
v 0.8249 1.0029 3.2989
v 0.8249 1.0029 3.2989
v 0.8249 1.0029 3.2989
v 0.8135 0.9842 3.2306
v 0.8135 0.9842 3.2306
v 0.8135 0.9842 3.2306
v 0.8102 0.9911 3.2989
v 0.8102 0.9911 3.2989
v 0.8102 0.9911 3.2989
v 0.8102 0.9911 3.2989
v 0.7918 0.9792 3.2306
v 0.7918 0.9792 3.2306
v 0.7918 0.9792 3.2306
v 0.7918 0.9869 3.2989
v 0.7918 0.9869 3.2989
v 0.7918 0.9869 3.2989
v 0.7701 0.9842 3.2306
v 0.7701 0.9842 3.2306
v 0.7701 0.9842 3.2306
v 0.7734 0.9911 3.2989
v 0.7734 0.9911 3.2989
v 0.7734 0.9911 3.2989
v 0.7527 0.9981 3.2306
v 0.7527 0.9981 3.2306
v 0.7527 0.9981 3.2306
v 0.7587 1.0029 3.2989
v 0.7587 1.0029 3.2989
v 0.7587 1.0029 3.2989
v 0.7430 1.0182 3.2306
v 0.7430 1.0182 3.2306
v 0.7430 1.0182 3.2306
v 0.7505 1.0199 3.2989
v 0.7505 1.0199 3.2989
v 0.7505 1.0199 3.2989
v 0.7430 1.0404 3.2306
v 0.7430 1.0404 3.2306
v 0.7430 1.0404 3.2306
v 0.7505 1.0387 3.2989
v 0.7505 1.0387 3.2989
v 0.7505 1.0387 3.2989
v 0.7527 1.0605 3.2306
v 0.7527 1.0605 3.2306
v 0.7527 1.0605 3.2306
v 0.7587 1.0557 3.2989
v 0.7587 1.0557 3.2989
v 0.7587 1.0557 3.2989
v 0.7701 1.0744 3.2306
v 0.7701 1.0744 3.2306
v 0.7701 1.0744 3.2306
v 0.7734 1.0674 3.2989
v 0.7734 1.0674 3.2989
v 0.7734 1.0674 3.2989
v 0.8135 1.0744 3.2989
v 0.8135 1.0744 3.2989
v 0.8135 1.0744 3.2989
v 0.8135 1.0744 3.2989
v 0.7918 1.0793 3.2989
v 0.7918 1.0793 3.2989
v 0.7918 1.0793 3.2989
v 0.8309 1.0605 3.2989
v 0.8309 1.0605 3.2989
v 0.8309 1.0605 3.2989
v 0.8309 1.0605 3.2989
v 0.8406 1.0404 3.2989
v 0.8406 1.0404 3.2989
v 0.8406 1.0404 3.2989
v 0.8406 1.0182 3.2989
v 0.8406 1.0182 3.2989
v 0.8406 1.0182 3.2989
v 0.8309 0.9981 3.2989
v 0.8309 0.9981 3.2989
v 0.8309 0.9981 3.2989
v 0.8309 0.9981 3.2989
v 0.8135 0.9842 3.2989
v 0.8135 0.9842 3.2989
v 0.8135 0.9842 3.2989
v 0.8135 0.9842 3.2989
v 0.7918 0.9792 3.2989
v 0.7918 0.9792 3.2989
v 0.7918 0.9792 3.2989
v 0.7701 0.9842 3.2989
v 0.7701 0.9842 3.2989
v 0.7701 0.9842 3.2989
v 0.7527 0.9981 3.2989
v 0.7527 0.9981 3.2989
v 0.7527 0.9981 3.2989
v 0.7430 1.0182 3.2989
v 0.7430 1.0182 3.2989
v 0.7430 1.0182 3.2989
v 0.7430 1.0404 3.2989
v 0.7430 1.0404 3.2989
v 0.7430 1.0404 3.2989
v 0.7527 1.0605 3.2989
v 0.7527 1.0605 3.2989
v 0.7527 1.0605 3.2989
v 0.7701 1.0744 3.2989
v 0.7701 1.0744 3.2989
v 0.7701 1.0744 3.2989
v 0.8102 1.0674 3.3087
v 0.8102 1.0674 3.3087
v 0.8102 1.0674 3.3087
v 0.8102 1.0674 3.3087
v 0.7918 1.0716 3.3087
v 0.7918 1.0716 3.3087
v 0.7918 1.0716 3.3087
v 0.7918 1.0716 3.3087
v 0.8249 1.0557 3.3087
v 0.8249 1.0557 3.3087
v 0.8249 1.0557 3.3087
v 0.8249 1.0557 3.3087
v 0.8331 1.0387 3.3087
v 0.8331 1.0387 3.3087
v 0.8331 1.0387 3.3087
v 0.8331 1.0387 3.3087
v 0.8331 1.0199 3.3087
v 0.8331 1.0199 3.3087
v 0.8331 1.0199 3.3087
v 0.8331 1.0199 3.3087
v 0.8249 1.0029 3.3087
v 0.8249 1.0029 3.3087
v 0.8249 1.0029 3.3087
v 0.8249 1.0029 3.3087
v 0.8102 0.9911 3.3087
v 0.8102 0.9911 3.3087
v 0.8102 0.9911 3.3087
v 0.8102 0.9911 3.3087
v 0.7918 0.9869 3.3087
v 0.7918 0.9869 3.3087
v 0.7918 0.9869 3.3087
v 0.7918 0.9869 3.3087
v 0.7734 0.9911 3.3087
v 0.7734 0.9911 3.3087
v 0.7734 0.9911 3.3087
v 0.7734 0.9911 3.3087
v 0.7587 1.0029 3.3087
v 0.7587 1.0029 3.3087
v 0.7587 1.0029 3.3087
v 0.7587 1.0029 3.3087
v 0.7505 1.0199 3.3087
v 0.7505 1.0199 3.3087
v 0.7505 1.0199 3.3087
v 0.7505 1.0199 3.3087
v 0.7505 1.0387 3.3087
v 0.7505 1.0387 3.3087
v 0.7505 1.0387 3.3087
v 0.7505 1.0387 3.3087
v 0.7587 1.0557 3.3087
v 0.7587 1.0557 3.3087
v 0.7587 1.0557 3.3087
v 0.7587 1.0557 3.3087
v 0.7734 1.0674 3.3087
v 0.7734 1.0674 3.3087
v 0.7734 1.0674 3.3087
v 0.7734 1.0674 3.3087
v 0.8073 1.0615 3.3116
v 0.8073 1.0615 3.3116
v 0.8073 1.0615 3.3116
v 0.7918 1.0650 3.3116
v 0.7918 1.0650 3.3116
v 0.7918 1.0650 3.3116
v 0.8197 1.0516 3.3116
v 0.8197 1.0516 3.3116
v 0.8197 1.0516 3.3116
v 0.8266 1.0372 3.3116
v 0.8266 1.0372 3.3116
v 0.8266 1.0372 3.3116
v 0.8266 1.0213 3.3116
v 0.8266 1.0213 3.3116
v 0.8266 1.0213 3.3116
v 0.8197 1.0070 3.3116
v 0.8197 1.0070 3.3116
v 0.8197 1.0070 3.3116
v 0.8073 0.9971 3.3116
v 0.8073 0.9971 3.3116
v 0.8073 0.9971 3.3116
v 0.7918 0.9935 3.3116
v 0.7918 0.9935 3.3116
v 0.7918 0.9935 3.3116
v 0.7763 0.9971 3.3116
v 0.7763 0.9971 3.3116
v 0.7763 0.9971 3.3116
v 0.7638 1.0070 3.3116
v 0.7638 1.0070 3.3116
v 0.7638 1.0070 3.3116
v 0.7569 1.0213 3.3116
v 0.7569 1.0213 3.3116
v 0.7569 1.0213 3.3116
v 0.7569 1.0372 3.3116
v 0.7569 1.0372 3.3116
v 0.7569 1.0372 3.3116
v 0.7638 1.0516 3.3116
v 0.7638 1.0516 3.3116
v 0.7638 1.0516 3.3116
v 0.7763 1.0615 3.3116
v 0.7763 1.0615 3.3116
v 0.7763 1.0615 3.3116
v 0.8924 1.0793 3.2306
v 0.8924 1.0793 3.2306
v 0.8924 1.0793 3.2306
v 0.8924 1.0716 3.2989
v 0.8924 1.0716 3.2989
v 0.8924 1.0716 3.2989
v 0.9142 1.0744 3.2306
v 0.9142 1.0744 3.2306
v 0.9142 1.0744 3.2306
v 0.9108 1.0674 3.2989
v 0.9108 1.0674 3.2989
v 0.9108 1.0674 3.2989
v 0.9108 1.0674 3.2989
v 0.9316 1.0605 3.2306
v 0.9316 1.0605 3.2306
v 0.9316 1.0605 3.2306
v 0.9256 1.0557 3.2989
v 0.9256 1.0557 3.2989
v 0.9256 1.0557 3.2989
v 0.9256 1.0557 3.2989
v 0.9412 1.0404 3.2306
v 0.9412 1.0404 3.2306
v 0.9412 1.0404 3.2306
v 0.9337 1.0387 3.2989
v 0.9337 1.0387 3.2989
v 0.9337 1.0387 3.2989
v 0.9412 1.0182 3.2306
v 0.9412 1.0182 3.2306
v 0.9412 1.0182 3.2306
v 0.9337 1.0199 3.2989
v 0.9337 1.0199 3.2989
v 0.9337 1.0199 3.2989
v 0.9337 1.0199 3.2989
v 0.9316 0.9981 3.2306
v 0.9316 0.9981 3.2306
v 0.9316 0.9981 3.2306
v 0.9256 1.0029 3.2989
v 0.9256 1.0029 3.2989
v 0.9256 1.0029 3.2989
v 0.9256 1.0029 3.2989
v 0.9142 0.9842 3.2306
v 0.9142 0.9842 3.2306
v 0.9142 0.9842 3.2306
v 0.9108 0.9911 3.2989
v 0.9108 0.9911 3.2989
v 0.9108 0.9911 3.2989
v 0.9108 0.9911 3.2989
v 0.8924 0.9792 3.2306
v 0.8924 0.9792 3.2306
v 0.8924 0.9792 3.2306
v 0.8924 0.9869 3.2989
v 0.8924 0.9869 3.2989
v 0.8924 0.9869 3.2989
v 0.8924 0.9869 3.2989
v 0.8707 0.9842 3.2306
v 0.8707 0.9842 3.2306
v 0.8707 0.9842 3.2306
v 0.8741 0.9911 3.2989
v 0.8741 0.9911 3.2989
v 0.8741 0.9911 3.2989
v 0.8741 0.9911 3.2989
v 0.8533 0.9981 3.2306
v 0.8533 0.9981 3.2306
v 0.8533 0.9981 3.2306
v 0.8593 1.0029 3.2989
v 0.8593 1.0029 3.2989
v 0.8593 1.0029 3.2989
v 0.8593 1.0029 3.2989
v 0.8437 1.0182 3.2306
v 0.8437 1.0182 3.2306
v 0.8437 1.0182 3.2306
v 0.8512 1.0199 3.2989
v 0.8512 1.0199 3.2989
v 0.8512 1.0199 3.2989
v 0.8437 1.0404 3.2306
v 0.8437 1.0404 3.2306
v 0.8437 1.0404 3.2306
v 0.8512 1.0387 3.2989
v 0.8512 1.0387 3.2989
v 0.8512 1.0387 3.2989
v 0.8512 1.0387 3.2989
v 0.8533 1.0605 3.2306
v 0.8533 1.0605 3.2306
v 0.8533 1.0605 3.2306
v 0.8593 1.0557 3.2989
v 0.8593 1.0557 3.2989
v 0.8593 1.0557 3.2989
v 0.8593 1.0557 3.2989
v 0.8707 1.0744 3.2306
v 0.8707 1.0744 3.2306
v 0.8707 1.0744 3.2306
v 0.8741 1.0674 3.2989
v 0.8741 1.0674 3.2989
v 0.8741 1.0674 3.2989
v 0.8741 1.0674 3.2989
v 0.9142 1.0744 3.2989
v 0.9142 1.0744 3.2989
v 0.9142 1.0744 3.2989
v 0.9142 1.0744 3.2989
v 0.8924 1.0793 3.2989
v 0.8924 1.0793 3.2989
v 0.8924 1.0793 3.2989
v 0.9316 1.0605 3.2989
v 0.9316 1.0605 3.2989
v 0.9316 1.0605 3.2989
v 0.9316 1.0605 3.2989
v 0.9412 1.0404 3.2989
v 0.9412 1.0404 3.2989
v 0.9412 1.0404 3.2989
v 0.9412 1.0182 3.2989
v 0.9412 1.0182 3.2989
v 0.9412 1.0182 3.2989
v 0.9412 1.0182 3.2989
v 0.9316 0.9981 3.2989
v 0.9316 0.9981 3.2989
v 0.9316 0.9981 3.2989
v 0.9316 0.9981 3.2989
v 0.9142 0.9842 3.2989
v 0.9142 0.9842 3.2989
v 0.9142 0.9842 3.2989
v 0.9142 0.9842 3.2989
v 0.8924 0.9792 3.2989
v 0.8924 0.9792 3.2989
v 0.8924 0.9792 3.2989
v 0.8924 0.9792 3.2989
v 0.8707 0.9842 3.2989
v 0.8707 0.9842 3.2989
v 0.8707 0.9842 3.2989
v 0.8707 0.9842 3.2989
v 0.8533 0.9981 3.2989
v 0.8533 0.9981 3.2989
v 0.8533 0.9981 3.2989
v 0.8533 0.9981 3.2989
v 0.8437 1.0182 3.2989
v 0.8437 1.0182 3.2989
v 0.8437 1.0182 3.2989
v 0.8437 1.0404 3.2989
v 0.8437 1.0404 3.2989
v 0.8437 1.0404 3.2989
v 0.8437 1.0404 3.2989
v 0.8533 1.0605 3.2989
v 0.8533 1.0605 3.2989
v 0.8533 1.0605 3.2989
v 0.8533 1.0605 3.2989
v 0.8707 1.0744 3.2989
v 0.8707 1.0744 3.2989
v 0.8707 1.0744 3.2989
v 0.8707 1.0744 3.2989
v 0.9108 1.0674 3.3087
v 0.9108 1.0674 3.3087
v 0.9108 1.0674 3.3087
v 0.9108 1.0674 3.3087
v 0.8924 1.0716 3.3087
v 0.8924 1.0716 3.3087
v 0.8924 1.0716 3.3087
v 0.8924 1.0716 3.3087
v 0.9256 1.0557 3.3087
v 0.9256 1.0557 3.3087
v 0.9256 1.0557 3.3087
v 0.9256 1.0557 3.3087
v 0.9337 1.0387 3.3087
v 0.9337 1.0387 3.3087
v 0.9337 1.0387 3.3087
v 0.9337 1.0387 3.3087
v 0.9337 1.0199 3.3087
v 0.9337 1.0199 3.3087
v 0.9337 1.0199 3.3087
v 0.9337 1.0199 3.3087
v 0.9256 1.0029 3.3087
v 0.9256 1.0029 3.3087
v 0.9256 1.0029 3.3087
v 0.9256 1.0029 3.3087
v 0.9108 0.9911 3.3087
v 0.9108 0.9911 3.3087
v 0.9108 0.9911 3.3087
v 0.9108 0.9911 3.3087
v 0.8924 0.9869 3.3087
v 0.8924 0.9869 3.3087
v 0.8924 0.9869 3.3087
v 0.8924 0.9869 3.3087
v 0.8741 0.9911 3.3087
v 0.8741 0.9911 3.3087
v 0.8741 0.9911 3.3087
v 0.8741 0.9911 3.3087
v 0.8593 1.0029 3.3087
v 0.8593 1.0029 3.3087
v 0.8593 1.0029 3.3087
v 0.8593 1.0029 3.3087
v 0.8512 1.0199 3.3087
v 0.8512 1.0199 3.3087
v 0.8512 1.0199 3.3087
v 0.8512 1.0199 3.3087
v 0.8512 1.0387 3.3087
v 0.8512 1.0387 3.3087
v 0.8512 1.0387 3.3087
v 0.8512 1.0387 3.3087
v 0.8593 1.0557 3.3087
v 0.8593 1.0557 3.3087
v 0.8593 1.0557 3.3087
v 0.8593 1.0557 3.3087
v 0.8741 1.0674 3.3087
v 0.8741 1.0674 3.3087
v 0.8741 1.0674 3.3087
v 0.8741 1.0674 3.3087
v 0.9080 1.0615 3.3116
v 0.9080 1.0615 3.3116
v 0.9080 1.0615 3.3116
v 0.8924 1.0650 3.3116
v 0.8924 1.0650 3.3116
v 0.8924 1.0650 3.3116
v 0.9204 1.0516 3.3116
v 0.9204 1.0516 3.3116
v 0.9204 1.0516 3.3116
v 0.9273 1.0372 3.3116
v 0.9273 1.0372 3.3116
v 0.9273 1.0372 3.3116
v 0.9273 1.0213 3.3116
v 0.9273 1.0213 3.3116
v 0.9273 1.0213 3.3116
v 0.9204 1.0070 3.3116
v 0.9204 1.0070 3.3116
v 0.9204 1.0070 3.3116
v 0.9080 0.9971 3.3116
v 0.9080 0.9971 3.3116
v 0.9080 0.9971 3.3116
v 0.8924 0.9935 3.3116
v 0.8924 0.9935 3.3116
v 0.8924 0.9935 3.3116
v 0.8769 0.9971 3.3116
v 0.8769 0.9971 3.3116
v 0.8769 0.9971 3.3116
v 0.8645 1.0070 3.3116
v 0.8645 1.0070 3.3116
v 0.8645 1.0070 3.3116
v 0.8576 1.0213 3.3116
v 0.8576 1.0213 3.3116
v 0.8576 1.0213 3.3116
v 0.8576 1.0372 3.3116
v 0.8576 1.0372 3.3116
v 0.8576 1.0372 3.3116
v 0.8645 1.0516 3.3116
v 0.8645 1.0516 3.3116
v 0.8645 1.0516 3.3116
v 0.8769 1.0615 3.3116
v 0.8769 1.0615 3.3116
v 0.8769 1.0615 3.3116
v -0.7918 1.0793 3.2306
v -0.7918 1.0793 3.2306
v -0.7918 1.0793 3.2306
v -0.7918 1.0716 3.2989
v -0.7918 1.0716 3.2989
v -0.7918 1.0716 3.2989
v -0.7918 1.0716 3.2989
v -0.8135 1.0744 3.2306
v -0.8135 1.0744 3.2306
v -0.8135 1.0744 3.2306
v -0.8102 1.0674 3.2989
v -0.8102 1.0674 3.2989
v -0.8102 1.0674 3.2989
v -0.8102 1.0674 3.2989
v -0.8309 1.0605 3.2306
v -0.8309 1.0605 3.2306
v -0.8309 1.0605 3.2306
v -0.8249 1.0557 3.2989
v -0.8249 1.0557 3.2989
v -0.8249 1.0557 3.2989
v -0.8249 1.0557 3.2989
v -0.8406 1.0404 3.2306
v -0.8406 1.0404 3.2306
v -0.8406 1.0404 3.2306
v -0.8331 1.0387 3.2989
v -0.8331 1.0387 3.2989
v -0.8331 1.0387 3.2989
v -0.8406 1.0182 3.2306
v -0.8406 1.0182 3.2306
v -0.8406 1.0182 3.2306
v -0.8331 1.0199 3.2989
v -0.8331 1.0199 3.2989
v -0.8331 1.0199 3.2989
v -0.8309 0.9981 3.2306
v -0.8309 0.9981 3.2306
v -0.8309 0.9981 3.2306
v -0.8249 1.0029 3.2989
v -0.8249 1.0029 3.2989
v -0.8249 1.0029 3.2989
v -0.8249 1.0029 3.2989
v -0.8135 0.9842 3.2306
v -0.8135 0.9842 3.2306
v -0.8135 0.9842 3.2306
v -0.8102 0.9911 3.2989
v -0.8102 0.9911 3.2989
v -0.8102 0.9911 3.2989
v -0.8102 0.9911 3.2989
v -0.7918 0.9792 3.2306
v -0.7918 0.9792 3.2306
v -0.7918 0.9792 3.2306
v -0.7918 0.9869 3.2989
v -0.7918 0.9869 3.2989
v -0.7918 0.9869 3.2989
v -0.7701 0.9842 3.2306
v -0.7701 0.9842 3.2306
v -0.7701 0.9842 3.2306
v -0.7734 0.9911 3.2989
v -0.7734 0.9911 3.2989
v -0.7734 0.9911 3.2989
v -0.7527 0.9981 3.2306
v -0.7527 0.9981 3.2306
v -0.7527 0.9981 3.2306
v -0.7587 1.0029 3.2989
v -0.7587 1.0029 3.2989
v -0.7587 1.0029 3.2989
v -0.7430 1.0182 3.2306
v -0.7430 1.0182 3.2306
v -0.7430 1.0182 3.2306
v -0.7505 1.0199 3.2989
v -0.7505 1.0199 3.2989
v -0.7505 1.0199 3.2989
v -0.7430 1.0404 3.2306
v -0.7430 1.0404 3.2306
v -0.7430 1.0404 3.2306
v -0.7505 1.0387 3.2989
v -0.7505 1.0387 3.2989
v -0.7505 1.0387 3.2989
v -0.7527 1.0605 3.2306
v -0.7527 1.0605 3.2306
v -0.7527 1.0605 3.2306
v -0.7587 1.0557 3.2989
v -0.7587 1.0557 3.2989
v -0.7587 1.0557 3.2989
v -0.7587 1.0557 3.2989
v -0.7701 1.0744 3.2306
v -0.7701 1.0744 3.2306
v -0.7701 1.0744 3.2306
v -0.7734 1.0674 3.2989
v -0.7734 1.0674 3.2989
v -0.7734 1.0674 3.2989
v -0.7734 1.0674 3.2989
v -0.8135 1.0744 3.2989
v -0.8135 1.0744 3.2989
v -0.8135 1.0744 3.2989
v -0.8135 1.0744 3.2989
v -0.7918 1.0793 3.2989
v -0.7918 1.0793 3.2989
v -0.7918 1.0793 3.2989
v -0.7918 1.0793 3.2989
v -0.8309 1.0605 3.2989
v -0.8309 1.0605 3.2989
v -0.8309 1.0605 3.2989
v -0.8309 1.0605 3.2989
v -0.8406 1.0404 3.2989
v -0.8406 1.0404 3.2989
v -0.8406 1.0404 3.2989
v -0.8406 1.0182 3.2989
v -0.8406 1.0182 3.2989
v -0.8406 1.0182 3.2989
v -0.8309 0.9981 3.2989
v -0.8309 0.9981 3.2989
v -0.8309 0.9981 3.2989
v -0.8309 0.9981 3.2989
v -0.8135 0.9842 3.2989
v -0.8135 0.9842 3.2989
v -0.8135 0.9842 3.2989
v -0.8135 0.9842 3.2989
v -0.7918 0.9792 3.2989
v -0.7918 0.9792 3.2989
v -0.7918 0.9792 3.2989
v -0.7701 0.9842 3.2989
v -0.7701 0.9842 3.2989
v -0.7701 0.9842 3.2989
v -0.7527 0.9981 3.2989
v -0.7527 0.9981 3.2989
v -0.7527 0.9981 3.2989
v -0.7430 1.0182 3.2989
v -0.7430 1.0182 3.2989
v -0.7430 1.0182 3.2989
v -0.7430 1.0404 3.2989
v -0.7430 1.0404 3.2989
v -0.7430 1.0404 3.2989
v -0.7527 1.0605 3.2989
v -0.7527 1.0605 3.2989
v -0.7527 1.0605 3.2989
v -0.7527 1.0605 3.2989
v -0.7701 1.0744 3.2989
v -0.7701 1.0744 3.2989
v -0.7701 1.0744 3.2989
v -0.7701 1.0744 3.2989
v -0.8102 1.0674 3.3087
v -0.8102 1.0674 3.3087
v -0.8102 1.0674 3.3087
v -0.8102 1.0674 3.3087
v -0.7918 1.0716 3.3087
v -0.7918 1.0716 3.3087
v -0.7918 1.0716 3.3087
v -0.7918 1.0716 3.3087
v -0.8249 1.0557 3.3087
v -0.8249 1.0557 3.3087
v -0.8249 1.0557 3.3087
v -0.8249 1.0557 3.3087
v -0.8331 1.0387 3.3087
v -0.8331 1.0387 3.3087
v -0.8331 1.0387 3.3087
v -0.8331 1.0387 3.3087
v -0.8331 1.0199 3.3087
v -0.8331 1.0199 3.3087
v -0.8331 1.0199 3.3087
v -0.8331 1.0199 3.3087
v -0.8249 1.0029 3.3087
v -0.8249 1.0029 3.3087
v -0.8249 1.0029 3.3087
v -0.8249 1.0029 3.3087
v -0.8102 0.9911 3.3087
v -0.8102 0.9911 3.3087
v -0.8102 0.9911 3.3087
v -0.8102 0.9911 3.3087
v -0.7918 0.9869 3.3087
v -0.7918 0.9869 3.3087
v -0.7918 0.9869 3.3087
v -0.7918 0.9869 3.3087
v -0.7734 0.9911 3.3087
v -0.7734 0.9911 3.3087
v -0.7734 0.9911 3.3087
v -0.7734 0.9911 3.3087
v -0.7587 1.0029 3.3087
v -0.7587 1.0029 3.3087
v -0.7587 1.0029 3.3087
v -0.7587 1.0029 3.3087
v -0.7505 1.0199 3.3087
v -0.7505 1.0199 3.3087
v -0.7505 1.0199 3.3087
v -0.7505 1.0199 3.3087
v -0.7505 1.0387 3.3087
v -0.7505 1.0387 3.3087
v -0.7505 1.0387 3.3087
v -0.7505 1.0387 3.3087
v -0.7587 1.0557 3.3087
v -0.7587 1.0557 3.3087
v -0.7587 1.0557 3.3087
v -0.7587 1.0557 3.3087
v -0.7734 1.0674 3.3087
v -0.7734 1.0674 3.3087
v -0.7734 1.0674 3.3087
v -0.7734 1.0674 3.3087
v -0.8073 1.0615 3.3116
v -0.8073 1.0615 3.3116
v -0.8073 1.0615 3.3116
v -0.7918 1.0650 3.3116
v -0.7918 1.0650 3.3116
v -0.7918 1.0650 3.3116
v -0.8197 1.0516 3.3116
v -0.8197 1.0516 3.3116
v -0.8197 1.0516 3.3116
v -0.8266 1.0372 3.3116
v -0.8266 1.0372 3.3116
v -0.8266 1.0372 3.3116
v -0.8266 1.0213 3.3116
v -0.8266 1.0213 3.3116
v -0.8266 1.0213 3.3116
v -0.8197 1.0070 3.3116
v -0.8197 1.0070 3.3116
v -0.8197 1.0070 3.3116
v -0.8073 0.9971 3.3116
v -0.8073 0.9971 3.3116
v -0.8073 0.9971 3.3116
v -0.7918 0.9935 3.3116
v -0.7918 0.9935 3.3116
v -0.7918 0.9935 3.3116
v -0.7763 0.9971 3.3116
v -0.7763 0.9971 3.3116
v -0.7763 0.9971 3.3116
v -0.7638 1.0070 3.3116
v -0.7638 1.0070 3.3116
v -0.7638 1.0070 3.3116
v -0.7569 1.0213 3.3116
v -0.7569 1.0213 3.3116
v -0.7569 1.0213 3.3116
v -0.7569 1.0372 3.3116
v -0.7569 1.0372 3.3116
v -0.7569 1.0372 3.3116
v -0.7638 1.0516 3.3116
v -0.7638 1.0516 3.3116
v -0.7638 1.0516 3.3116
v -0.7763 1.0615 3.3116
v -0.7763 1.0615 3.3116
v -0.7763 1.0615 3.3116
v -0.8924 1.0793 3.2306
v -0.8924 1.0793 3.2306
v -0.8924 1.0793 3.2306
v -0.8924 1.0716 3.2989
v -0.8924 1.0716 3.2989
v -0.8924 1.0716 3.2989
v -0.9142 1.0744 3.2306
v -0.9142 1.0744 3.2306
v -0.9142 1.0744 3.2306
v -0.9108 1.0674 3.2989
v -0.9108 1.0674 3.2989
v -0.9108 1.0674 3.2989
v -0.9108 1.0674 3.2989
v -0.9316 1.0605 3.2306
v -0.9316 1.0605 3.2306
v -0.9316 1.0605 3.2306
v -0.9256 1.0557 3.2989
v -0.9256 1.0557 3.2989
v -0.9256 1.0557 3.2989
v -0.9256 1.0557 3.2989
v -0.9412 1.0404 3.2306
v -0.9412 1.0404 3.2306
v -0.9412 1.0404 3.2306
v -0.9337 1.0387 3.2989
v -0.9337 1.0387 3.2989
v -0.9337 1.0387 3.2989
v -0.9412 1.0182 3.2306
v -0.9412 1.0182 3.2306
v -0.9412 1.0182 3.2306
v -0.9337 1.0199 3.2989
v -0.9337 1.0199 3.2989
v -0.9337 1.0199 3.2989
v -0.9337 1.0199 3.2989
v -0.9316 0.9981 3.2306
v -0.9316 0.9981 3.2306
v -0.9316 0.9981 3.2306
v -0.9256 1.0029 3.2989
v -0.9256 1.0029 3.2989
v -0.9256 1.0029 3.2989
v -0.9256 1.0029 3.2989
v -0.9142 0.9842 3.2306
v -0.9142 0.9842 3.2306
v -0.9142 0.9842 3.2306
v -0.9108 0.9911 3.2989
v -0.9108 0.9911 3.2989
v -0.9108 0.9911 3.2989
v -0.9108 0.9911 3.2989
v -0.8924 0.9792 3.2306
v -0.8924 0.9792 3.2306
v -0.8924 0.9792 3.2306
v -0.8924 0.9869 3.2989
v -0.8924 0.9869 3.2989
v -0.8924 0.9869 3.2989
v -0.8924 0.9869 3.2989
v -0.8707 0.9842 3.2306
v -0.8707 0.9842 3.2306
v -0.8707 0.9842 3.2306
v -0.8741 0.9911 3.2989
v -0.8741 0.9911 3.2989
v -0.8741 0.9911 3.2989
v -0.8741 0.9911 3.2989
v -0.8533 0.9981 3.2306
v -0.8533 0.9981 3.2306
v -0.8533 0.9981 3.2306
v -0.8593 1.0029 3.2989
v -0.8593 1.0029 3.2989
v -0.8593 1.0029 3.2989
v -0.8593 1.0029 3.2989
v -0.8437 1.0182 3.2306
v -0.8437 1.0182 3.2306
v -0.8437 1.0182 3.2306
v -0.8512 1.0199 3.2989
v -0.8512 1.0199 3.2989
v -0.8512 1.0199 3.2989
v -0.8437 1.0404 3.2306
v -0.8437 1.0404 3.2306
v -0.8437 1.0404 3.2306
v -0.8512 1.0387 3.2989
v -0.8512 1.0387 3.2989
v -0.8512 1.0387 3.2989
v -0.8512 1.0387 3.2989
v -0.8533 1.0605 3.2306
v -0.8533 1.0605 3.2306
v -0.8533 1.0605 3.2306
v -0.8593 1.0557 3.2989
v -0.8593 1.0557 3.2989
v -0.8593 1.0557 3.2989
v -0.8593 1.0557 3.2989
v -0.8707 1.0744 3.2306
v -0.8707 1.0744 3.2306
v -0.8707 1.0744 3.2306
v -0.8741 1.0674 3.2989
v -0.8741 1.0674 3.2989
v -0.8741 1.0674 3.2989
v -0.8741 1.0674 3.2989
v -0.9142 1.0744 3.2989
v -0.9142 1.0744 3.2989
v -0.9142 1.0744 3.2989
v -0.9142 1.0744 3.2989
v -0.8924 1.0793 3.2989
v -0.8924 1.0793 3.2989
v -0.8924 1.0793 3.2989
v -0.9316 1.0605 3.2989
v -0.9316 1.0605 3.2989
v -0.9316 1.0605 3.2989
v -0.9316 1.0605 3.2989
v -0.9412 1.0404 3.2989
v -0.9412 1.0404 3.2989
v -0.9412 1.0404 3.2989
v -0.9412 1.0182 3.2989
v -0.9412 1.0182 3.2989
v -0.9412 1.0182 3.2989
v -0.9412 1.0182 3.2989
v -0.9316 0.9981 3.2989
v -0.9316 0.9981 3.2989
v -0.9316 0.9981 3.2989
v -0.9316 0.9981 3.2989
v -0.9142 0.9842 3.2989
v -0.9142 0.9842 3.2989
v -0.9142 0.9842 3.2989
v -0.9142 0.9842 3.2989
v -0.8924 0.9792 3.2989
v -0.8924 0.9792 3.2989
v -0.8924 0.9792 3.2989
v -0.8924 0.9792 3.2989
v -0.8707 0.9842 3.2989
v -0.8707 0.9842 3.2989
v -0.8707 0.9842 3.2989
v -0.8707 0.9842 3.2989
v -0.8533 0.9981 3.2989
v -0.8533 0.9981 3.2989
v -0.8533 0.9981 3.2989
v -0.8533 0.9981 3.2989
v -0.8437 1.0182 3.2989
v -0.8437 1.0182 3.2989
v -0.8437 1.0182 3.2989
v -0.8437 1.0404 3.2989
v -0.8437 1.0404 3.2989
v -0.8437 1.0404 3.2989
v -0.8437 1.0404 3.2989
v -0.8533 1.0605 3.2989
v -0.8533 1.0605 3.2989
v -0.8533 1.0605 3.2989
v -0.8533 1.0605 3.2989
v -0.8707 1.0744 3.2989
v -0.8707 1.0744 3.2989
v -0.8707 1.0744 3.2989
v -0.8707 1.0744 3.2989
v -0.9108 1.0674 3.3087
v -0.9108 1.0674 3.3087
v -0.9108 1.0674 3.3087
v -0.9108 1.0674 3.3087
v -0.8924 1.0716 3.3087
v -0.8924 1.0716 3.3087
v -0.8924 1.0716 3.3087
v -0.8924 1.0716 3.3087
v -0.9256 1.0557 3.3087
v -0.9256 1.0557 3.3087
v -0.9256 1.0557 3.3087
v -0.9256 1.0557 3.3087
v -0.9337 1.0387 3.3087
v -0.9337 1.0387 3.3087
v -0.9337 1.0387 3.3087
v -0.9337 1.0387 3.3087
v -0.9337 1.0199 3.3087
v -0.9337 1.0199 3.3087
v -0.9337 1.0199 3.3087
v -0.9337 1.0199 3.3087
v -0.9256 1.0029 3.3087
v -0.9256 1.0029 3.3087
v -0.9256 1.0029 3.3087
v -0.9256 1.0029 3.3087
v -0.9108 0.9911 3.3087
v -0.9108 0.9911 3.3087
v -0.9108 0.9911 3.3087
v -0.9108 0.9911 3.3087
v -0.8924 0.9869 3.3087
v -0.8924 0.9869 3.3087
v -0.8924 0.9869 3.3087
v -0.8924 0.9869 3.3087
v -0.8741 0.9911 3.3087
v -0.8741 0.9911 3.3087
v -0.8741 0.9911 3.3087
v -0.8741 0.9911 3.3087
v -0.8593 1.0029 3.3087
v -0.8593 1.0029 3.3087
v -0.8593 1.0029 3.3087
v -0.8593 1.0029 3.3087
v -0.8512 1.0199 3.3087
v -0.8512 1.0199 3.3087
v -0.8512 1.0199 3.3087
v -0.8512 1.0199 3.3087
v -0.8512 1.0387 3.3087
v -0.8512 1.0387 3.3087
v -0.8512 1.0387 3.3087
v -0.8512 1.0387 3.3087
v -0.8593 1.0557 3.3087
v -0.8593 1.0557 3.3087
v -0.8593 1.0557 3.3087
v -0.8593 1.0557 3.3087
v -0.8741 1.0674 3.3087
v -0.8741 1.0674 3.3087
v -0.8741 1.0674 3.3087
v -0.8741 1.0674 3.3087
v -0.9080 1.0615 3.3116
v -0.9080 1.0615 3.3116
v -0.9080 1.0615 3.3116
v -0.8924 1.0650 3.3116
v -0.8924 1.0650 3.3116
v -0.8924 1.0650 3.3116
v -0.9204 1.0516 3.3116
v -0.9204 1.0516 3.3116
v -0.9204 1.0516 3.3116
v -0.9273 1.0372 3.3116
v -0.9273 1.0372 3.3116
v -0.9273 1.0372 3.3116
v -0.9273 1.0213 3.3116
v -0.9273 1.0213 3.3116
v -0.9273 1.0213 3.3116
v -0.9204 1.0070 3.3116
v -0.9204 1.0070 3.3116
v -0.9204 1.0070 3.3116
v -0.9080 0.9971 3.3116
v -0.9080 0.9971 3.3116
v -0.9080 0.9971 3.3116
v -0.8924 0.9935 3.3116
v -0.8924 0.9935 3.3116
v -0.8924 0.9935 3.3116
v -0.8769 0.9971 3.3116
v -0.8769 0.9971 3.3116
v -0.8769 0.9971 3.3116
v -0.8645 1.0070 3.3116
v -0.8645 1.0070 3.3116
v -0.8645 1.0070 3.3116
v -0.8576 1.0213 3.3116
v -0.8576 1.0213 3.3116
v -0.8576 1.0213 3.3116
v -0.8576 1.0372 3.3116
v -0.8576 1.0372 3.3116
v -0.8576 1.0372 3.3116
v -0.8645 1.0516 3.3116
v -0.8645 1.0516 3.3116
v -0.8645 1.0516 3.3116
v -0.8769 1.0615 3.3116
v -0.8769 1.0615 3.3116
v -0.8769 1.0615 3.3116
v 0.7131 0.4488 -3.7618
v 0.9415 0.4488 -3.7618
v 0.9415 0.2204 -3.7097
v 0.7131 0.2204 -3.7097
v 0.7131 0.2204 -3.7097
v 0.9415 0.2204 -3.7097
v 0.9415 0.0372 -3.5636
v 0.7131 0.0372 -3.5636
v 0.7131 0.0372 -3.5636
v 0.9415 0.0372 -3.5636
v 0.9415 -0.0644 -3.3526
v 0.7131 -0.0644 -3.3526
v 0.7131 -0.0644 -3.3526
v 0.9415 -0.0644 -3.3526
v 0.9415 -0.0644 -3.1183
v 0.7131 -0.0644 -3.1183
v 0.7131 -0.0644 -3.1183
v 0.9415 -0.0644 -3.1183
v 0.9415 0.0372 -2.9072
v 0.7131 0.0372 -2.9072
v 0.7131 0.0372 -2.9072
v 0.9415 0.0372 -2.9072
v 0.9415 0.2204 -2.7611
v 0.7131 0.2204 -2.7611
v 0.7131 0.2204 -2.7611
v 0.9415 0.2204 -2.7611
v 0.9415 0.4488 -2.7090
v 0.7131 0.4488 -2.7090
v 0.7131 0.4488 -2.7090
v 0.9415 0.4488 -2.7090
v 0.9415 0.6772 -2.7611
v 0.7131 0.6772 -2.7611
v 0.7131 0.6772 -2.7611
v 0.9415 0.6772 -2.7611
v 0.9415 0.8604 -2.9072
v 0.7131 0.8604 -2.9072
v 0.7131 0.8604 -2.9072
v 0.9415 0.8604 -2.9072
v 0.9415 0.9620 -3.1183
v 0.7131 0.9620 -3.1183
v 0.7131 0.9620 -3.1183
v 0.9415 0.9620 -3.1183
v 0.9415 0.9620 -3.3526
v 0.7131 0.9620 -3.3526
v 0.7131 0.9620 -3.3526
v 0.9415 0.9620 -3.3526
v 0.9415 0.8604 -3.5636
v 0.7131 0.8604 -3.5636
v 0.9415 0.8604 -3.5636
v 0.9415 0.9620 -3.3526
v 0.9782 0.9303 -3.3453
v 0.9782 0.8349 -3.5433
v 0.7131 0.8604 -3.5636
v 0.9415 0.8604 -3.5636
v 0.9415 0.6772 -3.7097
v 0.7131 0.6772 -3.7097
v 0.7131 0.6772 -3.7097
v 0.9415 0.6772 -3.7097
v 0.9415 0.4488 -3.7618
v 0.7131 0.4488 -3.7618
v 0.9415 0.0372 -2.9072
v 0.9415 -0.0644 -3.1183
v 0.9782 -0.0327 -3.1255
v 0.9782 0.0627 -2.9275
v 0.9415 0.9620 -3.1183
v 0.9415 0.8604 -2.9072
v 0.9782 0.8349 -2.9275
v 0.9782 0.9303 -3.1255
v 0.9415 -0.0644 -3.3526
v 0.9415 0.0372 -3.5636
v 0.9782 0.0627 -3.5433
v 0.9782 -0.0327 -3.3453
v 0.9415 0.6772 -2.7611
v 0.9415 0.4488 -2.7090
v 0.9782 0.4488 -2.7416
v 0.9782 0.6631 -2.7905
v 0.9415 0.2204 -3.7097
v 0.9415 0.4488 -3.7618
v 0.9782 0.4488 -3.7293
v 0.9782 0.2345 -3.6804
v 0.9415 0.6772 -3.7097
v 0.9415 0.8604 -3.5636
v 0.9782 0.8349 -3.5433
v 0.9782 0.6631 -3.6804
v 0.9415 0.2204 -2.7611
v 0.9415 0.0372 -2.9072
v 0.9782 0.0627 -2.9275
v 0.9782 0.2345 -2.7905
v 0.9415 0.9620 -3.3526
v 0.9415 0.9620 -3.1183
v 0.9782 0.9303 -3.1255
v 0.9782 0.9303 -3.3453
v 0.9415 -0.0644 -3.1183
v 0.9415 -0.0644 -3.3526
v 0.9782 -0.0327 -3.3453
v 0.9782 -0.0327 -3.1255
v 0.9415 0.8604 -2.9072
v 0.9415 0.6772 -2.7611
v 0.9782 0.6631 -2.7905
v 0.9782 0.8349 -2.9275
v 0.9415 0.4488 -3.7618
v 0.9415 0.6772 -3.7097
v 0.9782 0.6631 -3.6804
v 0.9782 0.4488 -3.7293
v 0.9415 0.0372 -3.5636
v 0.9415 0.2204 -3.7097
v 0.9782 0.2345 -3.6804
v 0.9782 0.0627 -3.5433
v 0.9415 0.4488 -2.7090
v 0.9415 0.2204 -2.7611
v 0.9782 0.2345 -2.7905
v 0.9782 0.4488 -2.7416
v 0.9782 0.4488 -3.5967
v 0.9782 0.2920 -3.5610
v 0.9782 0.2345 -3.6804
v 0.9782 0.4488 -3.7293
v 0.9782 0.2920 -3.5610
v 0.9782 0.1663 -3.4607
v 0.9782 0.0627 -3.5433
v 0.9782 0.2345 -3.6804
v 0.9782 0.1663 -3.4607
v 0.9782 0.0965 -3.3158
v 0.9782 -0.0327 -3.3453
v 0.9782 0.0627 -3.5433
v 0.9782 0.0965 -3.1550
v 0.9782 -0.0327 -3.1255
v 0.9782 0.0965 -3.1550
v 0.9782 0.1663 -3.0101
v 0.9782 0.0627 -2.9275
v 0.9782 -0.0327 -3.1255
v 0.9782 0.1663 -3.0101
v 0.9782 0.2920 -2.9099
v 0.9782 0.2345 -2.7905
v 0.9782 0.0627 -2.9275
v 0.9782 0.4488 -2.8741
v 0.9782 0.4488 -2.7416
v 0.9782 0.6056 -2.9099
v 0.9782 0.6631 -2.7905
v 0.9782 0.7313 -3.0101
v 0.9782 0.8349 -2.9275
v 0.9782 0.7313 -3.0101
v 0.9782 0.8011 -3.1550
v 0.9782 0.9303 -3.1255
v 0.9782 0.8349 -2.9275
v 0.9782 0.8011 -3.1550
v 0.9782 0.8011 -3.3158
v 0.9782 0.9303 -3.3453
v 0.9782 0.9303 -3.1255
v 0.9782 0.8011 -3.3158
v 0.9782 0.7313 -3.4607
v 0.9782 0.8349 -3.5433
v 0.9782 0.9303 -3.3453
v 0.9782 0.7313 -3.4607
v 0.9782 0.6056 -3.5610
v 0.9782 0.6631 -3.6804
v 0.9782 0.8349 -3.5433
v 0.9782 0.6056 -3.5610
v 0.9782 0.6631 -3.6804
v 0.9575 0.4488 -3.5630
v 0.9575 0.3067 -3.5305
v 0.9782 0.2920 -3.5610
v 0.9782 0.4488 -3.5967
v 0.9575 0.3067 -3.5305
v 0.9575 0.1927 -3.4396
v 0.9782 0.1663 -3.4607
v 0.9782 0.2920 -3.5610
v 0.9575 0.1927 -3.4396
v 0.9575 0.1295 -3.3083
v 0.9782 0.0965 -3.3158
v 0.9782 0.1663 -3.4607
v 0.9575 0.1295 -3.3083
v 0.9575 0.1295 -3.1625
v 0.9782 0.0965 -3.1550
v 0.9782 0.0965 -3.3158
v 0.9575 0.1295 -3.1625
v 0.9575 0.1927 -3.0312
v 0.9782 0.1663 -3.0101
v 0.9782 0.0965 -3.1550
v 0.9575 0.1927 -3.0312
v 0.9575 0.3067 -2.9403
v 0.9782 0.2920 -2.9099
v 0.9782 0.1663 -3.0101
v 0.9575 0.3067 -2.9403
v 0.9575 0.4488 -2.9079
v 0.9782 0.4488 -2.8741
v 0.9782 0.2920 -2.9099
v 0.9575 0.4488 -2.9079
v 0.9575 0.5909 -2.9403
v 0.9782 0.6056 -2.9099
v 0.9782 0.4488 -2.8741
v 0.9575 0.5909 -2.9403
v 0.9575 0.7049 -3.0312
v 0.9782 0.7313 -3.0101
v 0.9782 0.6056 -2.9099
v 0.9575 0.7049 -3.0312
v 0.9575 0.7681 -3.1625
v 0.9782 0.8011 -3.1550
v 0.9782 0.7313 -3.0101
v 0.9575 0.7681 -3.1625
v 0.9575 0.7681 -3.3083
v 0.9782 0.8011 -3.3158
v 0.9782 0.8011 -3.1550
v 0.9575 0.7681 -3.3083
v 0.9575 0.7049 -3.4396
v 0.9782 0.7313 -3.4607
v 0.9782 0.8011 -3.3158
v 0.9575 0.7049 -3.4396
v 0.9575 0.5909 -3.5305
v 0.9782 0.6056 -3.5610
v 0.9782 0.7313 -3.4607
v 0.9575 0.5909 -3.5305
v 0.9575 0.4488 -3.5630
v 0.9782 0.4488 -3.5967
v 0.9782 0.6056 -3.5610
v 0.8052 0.5103 -3.1077
v 0.8052 0.4488 -3.0937
v 0.9600 0.4488 -3.0937
v 0.9600 0.5103 -3.1077
v 0.8052 0.3873 -3.3631
v 0.8052 0.4488 -3.3772
v 0.9600 0.4488 -3.3772
v 0.9600 0.3873 -3.3631
v 0.8052 0.5596 -3.1470
v 0.8052 0.5103 -3.1077
v 0.9600 0.5103 -3.1077
v 0.9600 0.5596 -3.1470
v 0.8052 0.3380 -3.3238
v 0.8052 0.3873 -3.3631
v 0.9600 0.3873 -3.3631
v 0.9600 0.3380 -3.3238
v 0.8052 0.5870 -3.2039
v 0.8052 0.5596 -3.1470
v 0.9600 0.5596 -3.1470
v 0.9600 0.5870 -3.2039
v 0.8052 0.3106 -3.2670
v 0.8052 0.3380 -3.3238
v 0.9600 0.3380 -3.3238
v 0.9600 0.3106 -3.2670
v 0.8052 0.5870 -3.2670
v 0.8052 0.5870 -3.2039
v 0.9600 0.5870 -3.2039
v 0.9600 0.5870 -3.2670
v 0.8052 0.3106 -3.2039
v 0.8052 0.3106 -3.2670
v 0.9600 0.3106 -3.2670
v 0.9600 0.3106 -3.2039
v 0.8052 0.5596 -3.3238
v 0.8052 0.5870 -3.2670
v 0.9600 0.5870 -3.2670
v 0.9600 0.5596 -3.3238
v 0.8052 0.3380 -3.1470
v 0.8052 0.3106 -3.2039
v 0.9600 0.3106 -3.2039
v 0.9600 0.3380 -3.1470
v 0.8052 0.5103 -3.3631
v 0.8052 0.5596 -3.3238
v 0.9600 0.5596 -3.3238
v 0.9600 0.5103 -3.3631
v 0.8052 0.3873 -3.1077
v 0.8052 0.3380 -3.1470
v 0.9600 0.3380 -3.1470
v 0.9600 0.3873 -3.1077
v 0.8052 0.4488 -3.3772
v 0.8052 0.5103 -3.3631
v 0.9600 0.5103 -3.3631
v 0.9600 0.4488 -3.3772
v 0.8052 0.4488 -3.0937
v 0.8052 0.3873 -3.1077
v 0.9600 0.3873 -3.1077
v 0.9600 0.4488 -3.0937
v 0.4388 0.4488 -3.7618
v 0.6673 0.4488 -3.7618
v 0.6673 0.2204 -3.7097
v 0.4388 0.2204 -3.7097
v 0.4388 0.2204 -3.7097
v 0.6673 0.2204 -3.7097
v 0.6673 0.0372 -3.5636
v 0.4388 0.0372 -3.5636
v 0.4388 0.0372 -3.5636
v 0.6673 0.0372 -3.5636
v 0.6673 -0.0644 -3.3526
v 0.4388 -0.0644 -3.3526
v 0.4388 -0.0644 -3.3526
v 0.6673 -0.0644 -3.3526
v 0.6673 -0.0644 -3.1183
v 0.4388 -0.0644 -3.1183
v 0.4388 -0.0644 -3.1183
v 0.6673 -0.0644 -3.1183
v 0.6673 0.0372 -2.9072
v 0.4388 0.0372 -2.9072
v 0.4388 0.0372 -2.9072
v 0.6673 0.0372 -2.9072
v 0.6673 0.2204 -2.7611
v 0.4388 0.2204 -2.7611
v 0.4388 0.2204 -2.7611
v 0.6673 0.2204 -2.7611
v 0.6673 0.4488 -2.7090
v 0.4388 0.4488 -2.7090
v 0.4388 0.4488 -2.7090
v 0.6673 0.4488 -2.7090
v 0.6673 0.6772 -2.7611
v 0.4388 0.6772 -2.7611
v 0.4388 0.6772 -2.7611
v 0.6673 0.6772 -2.7611
v 0.6673 0.8604 -2.9072
v 0.4388 0.8604 -2.9072
v 0.4388 0.8604 -2.9072
v 0.6673 0.8604 -2.9072
v 0.6673 0.9620 -3.1183
v 0.4388 0.9620 -3.1183
v 0.4388 0.9620 -3.1183
v 0.6673 0.9620 -3.1183
v 0.6673 0.9620 -3.3526
v 0.4388 0.9620 -3.3526
v 0.4388 0.9620 -3.3526
v 0.6673 0.9620 -3.3526
v 0.6673 0.8604 -3.5636
v 0.4388 0.8604 -3.5636
v 0.6673 0.8604 -3.5636
v 0.6673 0.9620 -3.3526
v 0.7040 0.9303 -3.3453
v 0.7040 0.8349 -3.5433
v 0.4388 0.8604 -3.5636
v 0.6673 0.8604 -3.5636
v 0.6673 0.6772 -3.7097
v 0.4388 0.6772 -3.7097
v 0.4388 0.6772 -3.7097
v 0.6673 0.6772 -3.7097
v 0.6673 0.4488 -3.7618
v 0.4388 0.4488 -3.7618
v 0.6832 0.7049 -3.4396
v 0.6832 0.7681 -3.3083
v 0.5310 0.7681 -3.3083
v 0.5310 0.7049 -3.4396
v 0.6673 0.0372 -2.9072
v 0.6673 -0.0644 -3.1183
v 0.7040 -0.0327 -3.1255
v 0.7040 0.0627 -2.9275
v 0.6673 0.9620 -3.1183
v 0.6673 0.8604 -2.9072
v 0.7040 0.8349 -2.9275
v 0.7040 0.9303 -3.1255
v 0.6673 -0.0644 -3.3526
v 0.6673 0.0372 -3.5636
v 0.7040 0.0627 -3.5433
v 0.7040 -0.0327 -3.3453
v 0.6673 0.6772 -2.7611
v 0.6673 0.4488 -2.7090
v 0.7040 0.4488 -2.7416
v 0.7040 0.6631 -2.7905
v 0.6673 0.2204 -3.7097
v 0.6673 0.4488 -3.7618
v 0.7040 0.4488 -3.7293
v 0.7040 0.2345 -3.6804
v 0.6673 0.6772 -3.7097
v 0.6673 0.8604 -3.5636
v 0.7040 0.8349 -3.5433
v 0.7040 0.6631 -3.6804
v 0.6673 0.2204 -2.7611
v 0.6673 0.0372 -2.9072
v 0.7040 0.0627 -2.9275
v 0.7040 0.2345 -2.7905
v 0.6673 0.9620 -3.3526
v 0.6673 0.9620 -3.1183
v 0.7040 0.9303 -3.1255
v 0.7040 0.9303 -3.3453
v 0.6673 -0.0644 -3.1183
v 0.6673 -0.0644 -3.3526
v 0.7040 -0.0327 -3.3453
v 0.7040 -0.0327 -3.1255
v 0.6673 0.8604 -2.9072
v 0.6673 0.6772 -2.7611
v 0.7040 0.6631 -2.7905
v 0.7040 0.8349 -2.9275
v 0.6673 0.4488 -3.7618
v 0.6673 0.6772 -3.7097
v 0.7040 0.6631 -3.6804
v 0.7040 0.4488 -3.7293
v 0.6673 0.0372 -3.5636
v 0.6673 0.2204 -3.7097
v 0.7040 0.2345 -3.6804
v 0.7040 0.0627 -3.5433
v 0.6673 0.4488 -2.7090
v 0.6673 0.2204 -2.7611
v 0.7040 0.2345 -2.7905
v 0.7040 0.4488 -2.7416
v 0.7040 0.4488 -3.5967
v 0.7040 0.2920 -3.5610
v 0.7040 0.2345 -3.6804
v 0.7040 0.4488 -3.7293
v 0.7040 0.2920 -3.5610
v 0.7040 0.1663 -3.4607
v 0.7040 0.0627 -3.5433
v 0.7040 0.2345 -3.6804
v 0.7040 0.1663 -3.4607
v 0.7040 0.0965 -3.3158
v 0.7040 -0.0327 -3.3453
v 0.7040 0.0627 -3.5433
v 0.7040 0.0965 -3.1550
v 0.7040 -0.0327 -3.1255
v 0.7040 0.0965 -3.1550
v 0.7040 0.1663 -3.0101
v 0.7040 0.0627 -2.9275
v 0.7040 -0.0327 -3.1255
v 0.7040 0.1663 -3.0101
v 0.7040 0.2920 -2.9099
v 0.7040 0.2345 -2.7905
v 0.7040 0.0627 -2.9275
v 0.7040 0.2920 -2.9099
v 0.7040 0.4488 -2.8741
v 0.7040 0.4488 -2.7416
v 0.7040 0.2345 -2.7905
v 0.7040 0.6056 -2.9099
v 0.7040 0.6631 -2.7905
v 0.7040 0.6056 -2.9099
v 0.7040 0.7313 -3.0101
v 0.7040 0.8349 -2.9275
v 0.7040 0.6631 -2.7905
v 0.7040 0.7313 -3.0101
v 0.7040 0.8011 -3.1550
v 0.7040 0.9303 -3.1255
v 0.7040 0.8349 -2.9275
v 0.7040 0.8011 -3.1550
v 0.7040 0.8011 -3.3158
v 0.7040 0.9303 -3.3453
v 0.7040 0.9303 -3.1255
v 0.7040 0.8011 -3.3158
v 0.7040 0.7313 -3.4607
v 0.7040 0.8349 -3.5433
v 0.7040 0.9303 -3.3453
v 0.7040 0.7313 -3.4607
v 0.7040 0.6056 -3.5610
v 0.7040 0.6631 -3.6804
v 0.7040 0.8349 -3.5433
v 0.7040 0.6056 -3.5610
v 0.7040 0.4488 -3.5967
v 0.7040 0.4488 -3.7293
v 0.7040 0.6631 -3.6804
v 0.6832 0.4488 -3.5630
v 0.6832 0.3067 -3.5305
v 0.7040 0.2920 -3.5610
v 0.7040 0.4488 -3.5967
v 0.6832 0.3067 -3.5305
v 0.6832 0.1927 -3.4396
v 0.7040 0.1663 -3.4607
v 0.7040 0.2920 -3.5610
v 0.6832 0.1927 -3.4396
v 0.6832 0.1295 -3.3083
v 0.7040 0.0965 -3.3158
v 0.7040 0.1663 -3.4607
v 0.6832 0.1295 -3.3083
v 0.6832 0.1295 -3.1625
v 0.7040 0.0965 -3.1550
v 0.7040 0.0965 -3.3158
v 0.6832 0.1295 -3.1625
v 0.6832 0.1927 -3.0312
v 0.7040 0.1663 -3.0101
v 0.7040 0.0965 -3.1550
v 0.6832 0.1927 -3.0312
v 0.6832 0.3067 -2.9403
v 0.7040 0.2920 -2.9099
v 0.7040 0.1663 -3.0101
v 0.6832 0.3067 -2.9403
v 0.6832 0.4488 -2.9079
v 0.7040 0.4488 -2.8741
v 0.7040 0.2920 -2.9099
v 0.6832 0.4488 -2.9079
v 0.6832 0.5909 -2.9403
v 0.7040 0.6056 -2.9099
v 0.7040 0.4488 -2.8741
v 0.6832 0.5909 -2.9403
v 0.6832 0.7049 -3.0312
v 0.7040 0.7313 -3.0101
v 0.7040 0.6056 -2.9099
v 0.6832 0.7049 -3.0312
v 0.6832 0.7681 -3.1625
v 0.7040 0.8011 -3.1550
v 0.7040 0.7313 -3.0101
v 0.6832 0.7681 -3.1625
v 0.6832 0.7681 -3.3083
v 0.7040 0.8011 -3.3158
v 0.7040 0.8011 -3.1550
v 0.6832 0.7681 -3.3083
v 0.6832 0.7049 -3.4396
v 0.7040 0.7313 -3.4607
v 0.7040 0.8011 -3.3158
v 0.6832 0.7049 -3.4396
v 0.6832 0.5909 -3.5305
v 0.7040 0.6056 -3.5610
v 0.7040 0.7313 -3.4607
v 0.6832 0.5909 -3.5305
v 0.6832 0.4488 -3.5630
v 0.7040 0.4488 -3.5967
v 0.7040 0.6056 -3.5610
v 0.5310 0.5103 -3.1077
v 0.5310 0.4488 -3.0937
v 0.6858 0.4488 -3.0937
v 0.6858 0.5103 -3.1077
v 0.6832 0.1927 -3.0312
v 0.6832 0.1295 -3.1625
v 0.5310 0.1295 -3.1625
v 0.5310 0.1927 -3.0312
v 0.6832 0.5909 -3.5305
v 0.6832 0.7049 -3.4396
v 0.5310 0.7049 -3.4396
v 0.5310 0.5909 -3.5305
v 0.6832 0.3067 -2.9403
v 0.6832 0.1927 -3.0312
v 0.5310 0.1927 -3.0312
v 0.5310 0.3067 -2.9403
v 0.6832 0.4488 -3.5630
v 0.6832 0.5909 -3.5305
v 0.5310 0.5909 -3.5305
v 0.5310 0.4488 -3.5630
v 0.6832 0.4488 -2.9079
v 0.6832 0.3067 -2.9403
v 0.5310 0.3067 -2.9403
v 0.5310 0.4488 -2.9079
v 0.6832 0.5909 -2.9403
v 0.6832 0.4488 -2.9079
v 0.5310 0.4488 -2.9079
v 0.5310 0.5909 -2.9403
v 0.6832 0.3067 -3.5305
v 0.6832 0.4488 -3.5630
v 0.5310 0.4488 -3.5630
v 0.5310 0.3067 -3.5305
v 0.6832 0.7049 -3.0312
v 0.6832 0.5909 -2.9403
v 0.5310 0.5909 -2.9403
v 0.5310 0.7049 -3.0312
v 0.6832 0.1927 -3.4396
v 0.6832 0.3067 -3.5305
v 0.5310 0.3067 -3.5305
v 0.5310 0.1927 -3.4396
v 0.6832 0.7681 -3.1625
v 0.6832 0.7049 -3.0312
v 0.5310 0.7049 -3.0312
v 0.5310 0.7681 -3.1625
v 0.6832 0.1295 -3.3083
v 0.6832 0.1927 -3.4396
v 0.5310 0.1927 -3.4396
v 0.5310 0.1295 -3.3083
v 0.6832 0.7681 -3.3083
v 0.6832 0.7681 -3.1625
v 0.5310 0.7681 -3.1625
v 0.5310 0.7681 -3.3083
v 0.6832 0.1295 -3.1625
v 0.6832 0.1295 -3.3083
v 0.5310 0.1295 -3.3083
v 0.5310 0.1295 -3.1625
v 0.5310 0.4488 -3.3772
v 0.5310 0.3873 -3.3631
v 0.5310 0.3067 -3.5305
v 0.5310 0.4488 -3.5630
v 0.5310 0.3873 -3.3631
v 0.5310 0.3380 -3.3238
v 0.5310 0.1927 -3.4396
v 0.5310 0.3067 -3.5305
v 0.5310 0.3380 -3.3238
v 0.5310 0.3106 -3.2670
v 0.5310 0.1295 -3.3083
v 0.5310 0.1927 -3.4396
v 0.5310 0.3106 -3.2670
v 0.5310 0.3106 -3.2039
v 0.5310 0.1295 -3.1625
v 0.5310 0.1295 -3.3083
v 0.5310 0.3106 -3.2039
v 0.5310 0.3380 -3.1470
v 0.5310 0.1927 -3.0312
v 0.5310 0.1295 -3.1625
v 0.5310 0.3380 -3.1470
v 0.5310 0.3873 -3.1077
v 0.5310 0.3067 -2.9403
v 0.5310 0.1927 -3.0312
v 0.5310 0.3873 -3.1077
v 0.5310 0.4488 -3.0937
v 0.5310 0.4488 -2.9079
v 0.5310 0.3067 -2.9403
v 0.5310 0.5103 -3.1077
v 0.5310 0.5909 -2.9403
v 0.5310 0.5103 -3.1077
v 0.5310 0.5596 -3.1470
v 0.5310 0.7049 -3.0312
v 0.5310 0.5909 -2.9403
v 0.5310 0.5596 -3.1470
v 0.5310 0.5870 -3.2039
v 0.5310 0.7681 -3.1625
v 0.5310 0.7049 -3.0312
v 0.5310 0.5870 -3.2039
v 0.5310 0.5870 -3.2670
v 0.5310 0.7681 -3.3083
v 0.5310 0.7681 -3.1625
v 0.5310 0.5870 -3.2670
v 0.5310 0.5596 -3.3238
v 0.5310 0.7049 -3.4396
v 0.5310 0.7681 -3.3083
v 0.5310 0.5596 -3.3238
v 0.5310 0.5103 -3.3631
v 0.5310 0.5909 -3.5305
v 0.5310 0.7049 -3.4396
v 0.5310 0.5103 -3.3631
v 0.5310 0.4488 -3.3772
v 0.5310 0.4488 -3.5630
v 0.5310 0.5909 -3.5305
v 0.5310 0.3873 -3.3631
v 0.5310 0.4488 -3.3772
v 0.6858 0.4488 -3.3772
v 0.6858 0.3873 -3.3631
v 0.5310 0.5596 -3.1470
v 0.5310 0.5103 -3.1077
v 0.6858 0.5103 -3.1077
v 0.6858 0.5596 -3.1470
v 0.5310 0.3380 -3.3238
v 0.5310 0.3873 -3.3631
v 0.6858 0.3873 -3.3631
v 0.6858 0.3380 -3.3238
v 0.5310 0.5870 -3.2039
v 0.5310 0.5596 -3.1470
v 0.6858 0.5596 -3.1470
v 0.6858 0.5870 -3.2039
v 0.5310 0.3106 -3.2670
v 0.5310 0.3380 -3.3238
v 0.6858 0.3380 -3.3238
v 0.6858 0.3106 -3.2670
v 0.5310 0.5870 -3.2670
v 0.5310 0.5870 -3.2039
v 0.6858 0.5870 -3.2039
v 0.6858 0.5870 -3.2670
v 0.5310 0.3106 -3.2039
v 0.5310 0.3106 -3.2670
v 0.6858 0.3106 -3.2670
v 0.6858 0.3106 -3.2039
v 0.5310 0.5596 -3.3238
v 0.5310 0.5870 -3.2670
v 0.6858 0.5870 -3.2670
v 0.6858 0.5596 -3.3238
v 0.5310 0.3380 -3.1470
v 0.5310 0.3106 -3.2039
v 0.6858 0.3106 -3.2039
v 0.6858 0.3380 -3.1470
v 0.5310 0.5103 -3.3631
v 0.5310 0.5596 -3.3238
v 0.6858 0.5596 -3.3238
v 0.6858 0.5103 -3.3631
v 0.5310 0.3873 -3.1077
v 0.5310 0.3380 -3.1470
v 0.6858 0.3380 -3.1470
v 0.6858 0.3873 -3.1077
v 0.5310 0.4488 -3.3772
v 0.5310 0.5103 -3.3631
v 0.6858 0.5103 -3.3631
v 0.6858 0.4488 -3.3772
v 0.5310 0.4488 -3.0937
v 0.5310 0.3873 -3.1077
v 0.6858 0.3873 -3.1077
v 0.6858 0.4488 -3.0937
v 0.4388 0.0372 -3.5636
v 0.4388 -0.0644 -3.3526
v 0.4388 0.3047 -3.2683
v 0.4388 0.3332 -3.3276
v 0.4388 0.3847 -3.3686
v 0.4388 0.3332 -3.3276
v 0.0000 0.3332 -3.3276
v 0.0000 0.3847 -3.3686
v 0.4388 -0.0644 -3.3526
v 0.4388 -0.0644 -3.1183
v 0.4388 0.3047 -3.2025
v 0.4388 0.3047 -3.2683
v 0.4388 -0.0644 -3.1183
v 0.4388 0.0372 -2.9072
v 0.4388 0.3332 -3.1433
v 0.4388 0.3047 -3.2025
v 0.4388 0.0372 -2.9072
v 0.4388 0.2204 -2.7611
v 0.4388 0.3847 -3.1022
v 0.4388 0.3332 -3.1433
v 0.4388 0.2204 -2.7611
v 0.4388 0.4488 -2.7090
v 0.4388 0.4488 -3.0876
v 0.4388 0.3847 -3.1022
v 0.4388 0.4488 -2.7090
v 0.4388 0.6772 -2.7611
v 0.4388 0.5129 -3.1022
v 0.4388 0.4488 -3.0876
v 0.4388 0.6772 -2.7611
v 0.4388 0.8604 -2.9072
v 0.4388 0.5644 -3.1433
v 0.4388 0.5129 -3.1022
v 0.4388 0.8604 -2.9072
v 0.4388 0.9620 -3.1183
v 0.4388 0.5929 -3.2025
v 0.4388 0.5644 -3.1433
v 0.4388 0.9620 -3.1183
v 0.4388 0.9620 -3.3526
v 0.4388 0.5929 -3.2683
v 0.4388 0.5929 -3.2025
v 0.4388 0.9620 -3.3526
v 0.4388 0.8604 -3.5636
v 0.4388 0.5644 -3.3276
v 0.4388 0.5929 -3.2683
v 0.4388 0.8604 -3.5636
v 0.4388 0.6772 -3.7097
v 0.4388 0.5129 -3.3686
v 0.4388 0.5644 -3.3276
v 0.4388 0.6772 -3.7097
v 0.4388 0.4488 -3.7618
v 0.4388 0.4488 -3.3832
v 0.4388 0.5129 -3.3686
v 0.4388 0.4488 -3.7618
v 0.4388 0.2204 -3.7097
v 0.4388 0.3847 -3.3686
v 0.4388 0.4488 -3.3832
v 0.4388 0.2204 -3.7097
v 0.4388 0.0372 -3.5636
v 0.4388 0.3332 -3.3276
v 0.4388 0.3847 -3.3686
v 0.4388 0.3332 -3.3276
v 0.4388 0.3047 -3.2683
v 0.0000 0.3047 -3.2683
v 0.0000 0.3332 -3.3276
v 0.4388 0.3047 -3.2683
v 0.4388 0.3047 -3.2025
v 0.0000 0.3047 -3.2025
v 0.0000 0.3047 -3.2683
v 0.4388 0.3047 -3.2025
v 0.4388 0.3332 -3.1433
v 0.0000 0.3332 -3.1433
v 0.0000 0.3047 -3.2025
v 0.4388 0.3332 -3.1433
v 0.4388 0.3847 -3.1022
v 0.0000 0.3847 -3.1022
v 0.0000 0.3332 -3.1433
v 0.4388 0.3847 -3.1022
v 0.4388 0.4488 -3.0876
v 0.0000 0.4488 -3.0876
v 0.0000 0.3847 -3.1022
v 0.4388 0.4488 -3.0876
v 0.4388 0.5129 -3.1022
v 0.0000 0.5129 -3.1022
v 0.0000 0.4488 -3.0876
v 0.4388 0.5129 -3.1022
v 0.4388 0.5644 -3.1433
v 0.0000 0.5644 -3.1433
v 0.0000 0.5129 -3.1022
v 0.4388 0.5644 -3.1433
v 0.4388 0.5929 -3.2025
v 0.0000 0.5929 -3.2025
v 0.0000 0.5644 -3.1433
v 0.4388 0.5929 -3.2025
v 0.4388 0.5929 -3.2683
v 0.0000 0.5929 -3.2683
v 0.0000 0.5929 -3.2025
v 0.4388 0.5929 -3.2683
v 0.4388 0.5644 -3.3276
v 0.0000 0.5644 -3.3276
v 0.0000 0.5929 -3.2683
v 0.4388 0.5644 -3.3276
v 0.4388 0.5129 -3.3686
v 0.0000 0.5129 -3.3686
v 0.0000 0.5644 -3.3276
v 0.4388 0.5129 -3.3686
v 0.4388 0.4488 -3.3832
v 0.0000 0.4488 -3.3832
v 0.0000 0.5129 -3.3686
v 0.4388 0.4488 -3.3832
v 0.4388 0.3847 -3.3686
v 0.0000 0.3847 -3.3686
v 0.0000 0.4488 -3.3832
v -0.7131 0.4488 -3.7618
v -0.7131 0.2204 -3.7097
v -0.9415 0.2204 -3.7097
v -0.9415 0.4488 -3.7618
v -0.7131 0.2204 -3.7097
v -0.7131 0.0372 -3.5636
v -0.9415 0.0372 -3.5636
v -0.9415 0.2204 -3.7097
v -0.7131 0.0372 -3.5636
v -0.7131 -0.0644 -3.3526
v -0.9415 -0.0644 -3.3526
v -0.9415 0.0372 -3.5636
v -0.7131 -0.0644 -3.3526
v -0.7131 -0.0644 -3.1183
v -0.9415 -0.0644 -3.1183
v -0.9415 -0.0644 -3.3526
v -0.7131 -0.0644 -3.1183
v -0.7131 0.0372 -2.9072
v -0.9415 0.0372 -2.9072
v -0.9415 -0.0644 -3.1183
v -0.7131 0.0372 -2.9072
v -0.7131 0.2204 -2.7611
v -0.9415 0.2204 -2.7611
v -0.9415 0.0372 -2.9072
v -0.7131 0.2204 -2.7611
v -0.7131 0.4488 -2.7090
v -0.9415 0.4488 -2.7090
v -0.9415 0.2204 -2.7611
v -0.7131 0.4488 -2.7090
v -0.7131 0.6772 -2.7611
v -0.9415 0.6772 -2.7611
v -0.9415 0.4488 -2.7090
v -0.7131 0.6772 -2.7611
v -0.7131 0.8604 -2.9072
v -0.9415 0.8604 -2.9072
v -0.9415 0.6772 -2.7611
v -0.7131 0.8604 -2.9072
v -0.7131 0.9620 -3.1183
v -0.9415 0.9620 -3.1183
v -0.9415 0.8604 -2.9072
v -0.7131 0.9620 -3.1183
v -0.7131 0.9620 -3.3526
v -0.9415 0.9620 -3.3526
v -0.9415 0.9620 -3.1183
v -0.7131 0.9620 -3.3526
v -0.7131 0.8604 -3.5636
v -0.9415 0.8604 -3.5636
v -0.9415 0.9620 -3.3526
v -0.9415 0.8604 -3.5636
v -0.9782 0.8349 -3.5433
v -0.9782 0.9303 -3.3453
v -0.9415 0.9620 -3.3526
v -0.7131 0.8604 -3.5636
v -0.7131 0.6772 -3.7097
v -0.9415 0.6772 -3.7097
v -0.9415 0.8604 -3.5636
v -0.7131 0.6772 -3.7097
v -0.7131 0.4488 -3.7618
v -0.9415 0.4488 -3.7618
v -0.9415 0.6772 -3.7097
v -0.9575 0.7049 -3.4396
v -0.8052 0.7049 -3.4396
v -0.8052 0.7681 -3.3083
v -0.9575 0.7681 -3.3083
v -0.9415 0.0372 -2.9072
v -0.9782 0.0627 -2.9275
v -0.9782 -0.0327 -3.1255
v -0.9415 -0.0644 -3.1183
v -0.9415 0.9620 -3.1183
v -0.9782 0.9303 -3.1255
v -0.9782 0.8349 -2.9275
v -0.9415 0.8604 -2.9072
v -0.9415 -0.0644 -3.3526
v -0.9782 -0.0327 -3.3453
v -0.9782 0.0627 -3.5433
v -0.9415 0.0372 -3.5636
v -0.9415 0.6772 -2.7611
v -0.9782 0.6631 -2.7905
v -0.9782 0.4488 -2.7416
v -0.9415 0.4488 -2.7090
v -0.9415 0.2204 -3.7097
v -0.9782 0.2345 -3.6804
v -0.9782 0.4488 -3.7293
v -0.9415 0.4488 -3.7618
v -0.9415 0.6772 -3.7097
v -0.9782 0.6631 -3.6804
v -0.9782 0.8349 -3.5433
v -0.9415 0.8604 -3.5636
v -0.9415 0.2204 -2.7611
v -0.9782 0.2345 -2.7905
v -0.9782 0.0627 -2.9275
v -0.9415 0.0372 -2.9072
v -0.9415 0.9620 -3.3526
v -0.9782 0.9303 -3.3453
v -0.9782 0.9303 -3.1255
v -0.9415 0.9620 -3.1183
v -0.9415 -0.0644 -3.1183
v -0.9782 -0.0327 -3.1255
v -0.9782 -0.0327 -3.3453
v -0.9415 -0.0644 -3.3526
v -0.9415 0.8604 -2.9072
v -0.9782 0.8349 -2.9275
v -0.9782 0.6631 -2.7905
v -0.9415 0.6772 -2.7611
v -0.9415 0.4488 -3.7618
v -0.9782 0.4488 -3.7293
v -0.9782 0.6631 -3.6804
v -0.9415 0.6772 -3.7097
v -0.9415 0.0372 -3.5636
v -0.9782 0.0627 -3.5433
v -0.9782 0.2345 -3.6804
v -0.9415 0.2204 -3.7097
v -0.9415 0.4488 -2.7090
v -0.9782 0.4488 -2.7416
v -0.9782 0.2345 -2.7905
v -0.9415 0.2204 -2.7611
v -0.9782 0.4488 -3.5967
v -0.9782 0.4488 -3.7293
v -0.9782 0.2345 -3.6804
v -0.9782 0.2920 -3.5610
v -0.9782 0.2920 -3.5610
v -0.9782 0.2345 -3.6804
v -0.9782 0.0627 -3.5433
v -0.9782 0.1663 -3.4607
v -0.9782 -0.0327 -3.3453
v -0.9782 0.0965 -3.3158
v -0.9782 -0.0327 -3.1255
v -0.9782 0.0965 -3.1550
v -0.9782 0.0965 -3.1550
v -0.9782 -0.0327 -3.1255
v -0.9782 0.0627 -2.9275
v -0.9782 0.1663 -3.0101
v -0.9782 0.1663 -3.0101
v -0.9782 0.0627 -2.9275
v -0.9782 0.2345 -2.7905
v -0.9782 0.2920 -2.9099
v -0.9782 0.2920 -2.9099
v -0.9782 0.2345 -2.7905
v -0.9782 0.4488 -2.7416
v -0.9782 0.4488 -2.8741
v -0.9782 0.4488 -2.8741
v -0.9782 0.4488 -2.7416
v -0.9782 0.6631 -2.7905
v -0.9782 0.6056 -2.9099
v -0.9782 0.6056 -2.9099
v -0.9782 0.6631 -2.7905
v -0.9782 0.8349 -2.9275
v -0.9782 0.7313 -3.0101
v -0.9782 0.7313 -3.0101
v -0.9782 0.8349 -2.9275
v -0.9782 0.9303 -3.1255
v -0.9782 0.8011 -3.1550
v -0.9782 0.9303 -3.3453
v -0.9782 0.8011 -3.3158
v -0.9782 0.8349 -3.5433
v -0.9782 0.7313 -3.4607
v -0.9782 0.7313 -3.4607
v -0.9782 0.8349 -3.5433
v -0.9782 0.6631 -3.6804
v -0.9782 0.6056 -3.5610
v -0.9782 0.6056 -3.5610
v -0.9782 0.6631 -3.6804
v -0.9782 0.4488 -3.7293
v -0.9782 0.4488 -3.5967
v -0.9575 0.4488 -3.5630
v -0.9782 0.4488 -3.5967
v -0.9782 0.2920 -3.5610
v -0.9575 0.3067 -3.5305
v -0.9575 0.3067 -3.5305
v -0.9782 0.2920 -3.5610
v -0.9782 0.1663 -3.4607
v -0.9575 0.1927 -3.4396
v -0.9575 0.1927 -3.4396
v -0.9782 0.1663 -3.4607
v -0.9782 0.0965 -3.3158
v -0.9575 0.1295 -3.3083
v -0.9575 0.1295 -3.3083
v -0.9782 0.0965 -3.3158
v -0.9782 0.0965 -3.1550
v -0.9575 0.1295 -3.1625
v -0.9575 0.1295 -3.1625
v -0.9782 0.0965 -3.1550
v -0.9782 0.1663 -3.0101
v -0.9575 0.1927 -3.0312
v -0.9575 0.1927 -3.0312
v -0.9782 0.1663 -3.0101
v -0.9782 0.2920 -2.9099
v -0.9575 0.3067 -2.9403
v -0.9575 0.3067 -2.9403
v -0.9782 0.2920 -2.9099
v -0.9782 0.4488 -2.8741
v -0.9575 0.4488 -2.9079
v -0.9575 0.4488 -2.9079
v -0.9782 0.4488 -2.8741
v -0.9782 0.6056 -2.9099
v -0.9575 0.5909 -2.9403
v -0.9575 0.5909 -2.9403
v -0.9782 0.6056 -2.9099
v -0.9782 0.7313 -3.0101
v -0.9575 0.7049 -3.0312
v -0.9575 0.7049 -3.0312
v -0.9782 0.7313 -3.0101
v -0.9782 0.8011 -3.1550
v -0.9575 0.7681 -3.1625
v -0.9575 0.7681 -3.1625
v -0.9782 0.8011 -3.1550
v -0.9782 0.8011 -3.3158
v -0.9575 0.7681 -3.3083
v -0.9575 0.7681 -3.3083
v -0.9782 0.8011 -3.3158
v -0.9782 0.7313 -3.4607
v -0.9575 0.7049 -3.4396
v -0.9575 0.7049 -3.4396
v -0.9782 0.7313 -3.4607
v -0.9782 0.6056 -3.5610
v -0.9575 0.5909 -3.5305
v -0.9575 0.5909 -3.5305
v -0.9782 0.6056 -3.5610
v -0.9782 0.4488 -3.5967
v -0.9575 0.4488 -3.5630
v -0.8052 0.5103 -3.1077
v -0.9600 0.5103 -3.1077
v -0.9600 0.4488 -3.0937
v -0.8052 0.4488 -3.0937
v -0.9575 0.1927 -3.0312
v -0.8052 0.1927 -3.0312
v -0.8052 0.1295 -3.1625
v -0.9575 0.1295 -3.1625
v -0.9575 0.5909 -3.5305
v -0.8052 0.5909 -3.5305
v -0.8052 0.7049 -3.4396
v -0.9575 0.7049 -3.4396
v -0.9575 0.3067 -2.9403
v -0.8052 0.3067 -2.9403
v -0.8052 0.1927 -3.0312
v -0.9575 0.1927 -3.0312
v -0.9575 0.4488 -3.5630
v -0.8052 0.4488 -3.5630
v -0.8052 0.5909 -3.5305
v -0.9575 0.5909 -3.5305
v -0.9575 0.4488 -2.9079
v -0.8052 0.4488 -2.9079
v -0.8052 0.3067 -2.9403
v -0.9575 0.3067 -2.9403
v -0.9575 0.5909 -2.9403
v -0.8052 0.5909 -2.9403
v -0.8052 0.4488 -2.9079
v -0.9575 0.4488 -2.9079
v -0.9575 0.3067 -3.5305
v -0.8052 0.3067 -3.5305
v -0.8052 0.4488 -3.5630
v -0.9575 0.4488 -3.5630
v -0.9575 0.7049 -3.0312
v -0.8052 0.7049 -3.0312
v -0.8052 0.5909 -2.9403
v -0.9575 0.5909 -2.9403
v -0.9575 0.1927 -3.4396
v -0.8052 0.1927 -3.4396
v -0.8052 0.3067 -3.5305
v -0.9575 0.3067 -3.5305
v -0.9575 0.7681 -3.1625
v -0.8052 0.7681 -3.1625
v -0.8052 0.7049 -3.0312
v -0.9575 0.7049 -3.0312
v -0.9575 0.1295 -3.3083
v -0.8052 0.1295 -3.3083
v -0.8052 0.1927 -3.4396
v -0.9575 0.1927 -3.4396
v -0.9575 0.7681 -3.3083
v -0.8052 0.7681 -3.3083
v -0.8052 0.7681 -3.1625
v -0.9575 0.7681 -3.1625
v -0.9575 0.1295 -3.1625
v -0.8052 0.1295 -3.1625
v -0.8052 0.1295 -3.3083
v -0.9575 0.1295 -3.3083
v -0.8052 0.4488 -3.3772
v -0.8052 0.4488 -3.5630
v -0.8052 0.3067 -3.5305
v -0.8052 0.3873 -3.3631
v -0.8052 0.1927 -3.4396
v -0.8052 0.3380 -3.3238
v -0.8052 0.3380 -3.3238
v -0.8052 0.1927 -3.4396
v -0.8052 0.1295 -3.3083
v -0.8052 0.3106 -3.2670
v -0.8052 0.3106 -3.2670
v -0.8052 0.1295 -3.3083
v -0.8052 0.1295 -3.1625
v -0.8052 0.3106 -3.2039
v -0.8052 0.3106 -3.2039
v -0.8052 0.1295 -3.1625
v -0.8052 0.1927 -3.0312
v -0.8052 0.3380 -3.1470
v -0.8052 0.3380 -3.1470
v -0.8052 0.1927 -3.0312
v -0.8052 0.3067 -2.9403
v -0.8052 0.3873 -3.1077
v -0.8052 0.3873 -3.1077
v -0.8052 0.3067 -2.9403
v -0.8052 0.4488 -2.9079
v -0.8052 0.4488 -3.0937
v -0.8052 0.4488 -3.0937
v -0.8052 0.4488 -2.9079
v -0.8052 0.5909 -2.9403
v -0.8052 0.5103 -3.1077
v -0.8052 0.7049 -3.0312
v -0.8052 0.5596 -3.1470
v -0.8052 0.5596 -3.1470
v -0.8052 0.7049 -3.0312
v -0.8052 0.7681 -3.1625
v -0.8052 0.5870 -3.2039
v -0.8052 0.5870 -3.2039
v -0.8052 0.7681 -3.1625
v -0.8052 0.7681 -3.3083
v -0.8052 0.5870 -3.2670
v -0.8052 0.5870 -3.2670
v -0.8052 0.7681 -3.3083
v -0.8052 0.7049 -3.4396
v -0.8052 0.5596 -3.3238
v -0.8052 0.5596 -3.3238
v -0.8052 0.7049 -3.4396
v -0.8052 0.5909 -3.5305
v -0.8052 0.5103 -3.3631
v -0.8052 0.5103 -3.3631
v -0.8052 0.5909 -3.5305
v -0.8052 0.4488 -3.5630
v -0.8052 0.4488 -3.3772
v -0.8052 0.3873 -3.3631
v -0.9600 0.3873 -3.3631
v -0.9600 0.4488 -3.3772
v -0.8052 0.4488 -3.3772
v -0.8052 0.5596 -3.1470
v -0.9600 0.5596 -3.1470
v -0.9600 0.5103 -3.1077
v -0.8052 0.5103 -3.1077
v -0.8052 0.3380 -3.3238
v -0.9600 0.3380 -3.3238
v -0.9600 0.3873 -3.3631
v -0.8052 0.3873 -3.3631
v -0.8052 0.5870 -3.2039
v -0.9600 0.5870 -3.2039
v -0.9600 0.5596 -3.1470
v -0.8052 0.5596 -3.1470
v -0.8052 0.3106 -3.2670
v -0.9600 0.3106 -3.2670
v -0.9600 0.3380 -3.3238
v -0.8052 0.3380 -3.3238
v -0.8052 0.5870 -3.2670
v -0.9600 0.5870 -3.2670
v -0.9600 0.5870 -3.2039
v -0.8052 0.5870 -3.2039
v -0.8052 0.3106 -3.2039
v -0.9600 0.3106 -3.2039
v -0.9600 0.3106 -3.2670
v -0.8052 0.3106 -3.2670
v -0.8052 0.5596 -3.3238
v -0.9600 0.5596 -3.3238
v -0.9600 0.5870 -3.2670
v -0.8052 0.5870 -3.2670
v -0.8052 0.3380 -3.1470
v -0.9600 0.3380 -3.1470
v -0.9600 0.3106 -3.2039
v -0.8052 0.3106 -3.2039
v -0.8052 0.5103 -3.3631
v -0.9600 0.5103 -3.3631
v -0.9600 0.5596 -3.3238
v -0.8052 0.5596 -3.3238
v -0.8052 0.3873 -3.1077
v -0.9600 0.3873 -3.1077
v -0.9600 0.3380 -3.1470
v -0.8052 0.3380 -3.1470
v -0.8052 0.4488 -3.3772
v -0.9600 0.4488 -3.3772
v -0.9600 0.5103 -3.3631
v -0.8052 0.5103 -3.3631
v -0.8052 0.4488 -3.0937
v -0.9600 0.4488 -3.0937
v -0.9600 0.3873 -3.1077
v -0.8052 0.3873 -3.1077
v -0.4388 0.4488 -3.7618
v -0.4388 0.2204 -3.7097
v -0.6673 0.2204 -3.7097
v -0.6673 0.4488 -3.7618
v -0.4388 0.2204 -3.7097
v -0.4388 0.0372 -3.5636
v -0.6673 0.0372 -3.5636
v -0.6673 0.2204 -3.7097
v -0.4388 0.0372 -3.5636
v -0.4388 -0.0644 -3.3526
v -0.6673 -0.0644 -3.3526
v -0.6673 0.0372 -3.5636
v -0.4388 -0.0644 -3.3526
v -0.4388 -0.0644 -3.1183
v -0.6673 -0.0644 -3.1183
v -0.6673 -0.0644 -3.3526
v -0.4388 -0.0644 -3.1183
v -0.4388 0.0372 -2.9072
v -0.6673 0.0372 -2.9072
v -0.6673 -0.0644 -3.1183
v -0.4388 0.0372 -2.9072
v -0.4388 0.2204 -2.7611
v -0.6673 0.2204 -2.7611
v -0.6673 0.0372 -2.9072
v -0.4388 0.2204 -2.7611
v -0.4388 0.4488 -2.7090
v -0.6673 0.4488 -2.7090
v -0.6673 0.2204 -2.7611
v -0.4388 0.4488 -2.7090
v -0.4388 0.6772 -2.7611
v -0.6673 0.6772 -2.7611
v -0.6673 0.4488 -2.7090
v -0.4388 0.6772 -2.7611
v -0.4388 0.8604 -2.9072
v -0.6673 0.8604 -2.9072
v -0.6673 0.6772 -2.7611
v -0.4388 0.8604 -2.9072
v -0.4388 0.9620 -3.1183
v -0.6673 0.9620 -3.1183
v -0.6673 0.8604 -2.9072
v -0.4388 0.9620 -3.1183
v -0.4388 0.9620 -3.3526
v -0.6673 0.9620 -3.3526
v -0.6673 0.9620 -3.1183
v -0.4388 0.9620 -3.3526
v -0.4388 0.8604 -3.5636
v -0.6673 0.8604 -3.5636
v -0.6673 0.9620 -3.3526
v -0.6673 0.8604 -3.5636
v -0.7040 0.8349 -3.5433
v -0.7040 0.9303 -3.3453
v -0.6673 0.9620 -3.3526
v -0.4388 0.8604 -3.5636
v -0.4388 0.6772 -3.7097
v -0.6673 0.6772 -3.7097
v -0.6673 0.8604 -3.5636
v -0.4388 0.6772 -3.7097
v -0.4388 0.4488 -3.7618
v -0.6673 0.4488 -3.7618
v -0.6673 0.6772 -3.7097
v -0.6832 0.7049 -3.4396
v -0.5310 0.7049 -3.4396
v -0.5310 0.7681 -3.3083
v -0.6832 0.7681 -3.3083
v -0.6673 0.0372 -2.9072
v -0.7040 0.0627 -2.9275
v -0.7040 -0.0327 -3.1255
v -0.6673 -0.0644 -3.1183
v -0.6673 0.9620 -3.1183
v -0.7040 0.9303 -3.1255
v -0.7040 0.8349 -2.9275
v -0.6673 0.8604 -2.9072
v -0.6673 -0.0644 -3.3526
v -0.7040 -0.0327 -3.3453
v -0.7040 0.0627 -3.5433
v -0.6673 0.0372 -3.5636
v -0.6673 0.6772 -2.7611
v -0.7040 0.6631 -2.7905
v -0.7040 0.4488 -2.7416
v -0.6673 0.4488 -2.7090
v -0.6673 0.2204 -3.7097
v -0.7040 0.2345 -3.6804
v -0.7040 0.4488 -3.7293
v -0.6673 0.4488 -3.7618
v -0.6673 0.6772 -3.7097
v -0.7040 0.6631 -3.6804
v -0.7040 0.8349 -3.5433
v -0.6673 0.8604 -3.5636
v -0.6673 0.2204 -2.7611
v -0.7040 0.2345 -2.7905
v -0.7040 0.0627 -2.9275
v -0.6673 0.0372 -2.9072
v -0.6673 0.9620 -3.3526
v -0.7040 0.9303 -3.3453
v -0.7040 0.9303 -3.1255
v -0.6673 0.9620 -3.1183
v -0.6673 -0.0644 -3.1183
v -0.7040 -0.0327 -3.1255
v -0.7040 -0.0327 -3.3453
v -0.6673 -0.0644 -3.3526
v -0.6673 0.8604 -2.9072
v -0.7040 0.8349 -2.9275
v -0.7040 0.6631 -2.7905
v -0.6673 0.6772 -2.7611
v -0.6673 0.4488 -3.7618
v -0.7040 0.4488 -3.7293
v -0.7040 0.6631 -3.6804
v -0.6673 0.6772 -3.7097
v -0.6673 0.0372 -3.5636
v -0.7040 0.0627 -3.5433
v -0.7040 0.2345 -3.6804
v -0.6673 0.2204 -3.7097
v -0.6673 0.4488 -2.7090
v -0.7040 0.4488 -2.7416
v -0.7040 0.2345 -2.7905
v -0.6673 0.2204 -2.7611
v -0.7040 0.4488 -3.5967
v -0.7040 0.4488 -3.7293
v -0.7040 0.2345 -3.6804
v -0.7040 0.2920 -3.5610
v -0.7040 0.2920 -3.5610
v -0.7040 0.2345 -3.6804
v -0.7040 0.0627 -3.5433
v -0.7040 0.1663 -3.4607
v -0.7040 0.1663 -3.4607
v -0.7040 0.0627 -3.5433
v -0.7040 -0.0327 -3.3453
v -0.7040 0.0965 -3.3158
v -0.7040 -0.0327 -3.1255
v -0.7040 0.0965 -3.1550
v -0.7040 0.0627 -2.9275
v -0.7040 0.1663 -3.0101
v -0.7040 0.1663 -3.0101
v -0.7040 0.0627 -2.9275
v -0.7040 0.2345 -2.7905
v -0.7040 0.2920 -2.9099
v -0.7040 0.2920 -2.9099
v -0.7040 0.2345 -2.7905
v -0.7040 0.4488 -2.7416
v -0.7040 0.4488 -2.8741
v -0.7040 0.4488 -2.8741
v -0.7040 0.4488 -2.7416
v -0.7040 0.6631 -2.7905
v -0.7040 0.6056 -2.9099
v -0.7040 0.6056 -2.9099
v -0.7040 0.6631 -2.7905
v -0.7040 0.8349 -2.9275
v -0.7040 0.7313 -3.0101
v -0.7040 0.7313 -3.0101
v -0.7040 0.8349 -2.9275
v -0.7040 0.9303 -3.1255
v -0.7040 0.8011 -3.1550
v -0.7040 0.8011 -3.1550
v -0.7040 0.9303 -3.1255
v -0.7040 0.9303 -3.3453
v -0.7040 0.8011 -3.3158
v -0.7040 0.8011 -3.3158
v -0.7040 0.9303 -3.3453
v -0.7040 0.8349 -3.5433
v -0.7040 0.7313 -3.4607
v -0.7040 0.7313 -3.4607
v -0.7040 0.8349 -3.5433
v -0.7040 0.6631 -3.6804
v -0.7040 0.6056 -3.5610
v -0.7040 0.6056 -3.5610
v -0.7040 0.6631 -3.6804
v -0.7040 0.4488 -3.7293
v -0.7040 0.4488 -3.5967
v -0.6832 0.4488 -3.5630
v -0.7040 0.4488 -3.5967
v -0.7040 0.2920 -3.5610
v -0.6832 0.3067 -3.5305
v -0.6832 0.3067 -3.5305
v -0.7040 0.2920 -3.5610
v -0.7040 0.1663 -3.4607
v -0.6832 0.1927 -3.4396
v -0.6832 0.1927 -3.4396
v -0.7040 0.1663 -3.4607
v -0.7040 0.0965 -3.3158
v -0.6832 0.1295 -3.3083
v -0.6832 0.1295 -3.3083
v -0.7040 0.0965 -3.3158
v -0.7040 0.0965 -3.1550
v -0.6832 0.1295 -3.1625
v -0.6832 0.1295 -3.1625
v -0.7040 0.0965 -3.1550
v -0.7040 0.1663 -3.0101
v -0.6832 0.1927 -3.0312
v -0.6832 0.1927 -3.0312
v -0.7040 0.1663 -3.0101
v -0.7040 0.2920 -2.9099
v -0.6832 0.3067 -2.9403
v -0.6832 0.3067 -2.9403
v -0.7040 0.2920 -2.9099
v -0.7040 0.4488 -2.8741
v -0.6832 0.4488 -2.9079
v -0.6832 0.4488 -2.9079
v -0.7040 0.4488 -2.8741
v -0.7040 0.6056 -2.9099
v -0.6832 0.5909 -2.9403
v -0.6832 0.5909 -2.9403
v -0.7040 0.6056 -2.9099
v -0.7040 0.7313 -3.0101
v -0.6832 0.7049 -3.0312
v -0.6832 0.7049 -3.0312
v -0.7040 0.7313 -3.0101
v -0.7040 0.8011 -3.1550
v -0.6832 0.7681 -3.1625
v -0.6832 0.7681 -3.1625
v -0.7040 0.8011 -3.1550
v -0.7040 0.8011 -3.3158
v -0.6832 0.7681 -3.3083
v -0.6832 0.7681 -3.3083
v -0.7040 0.8011 -3.3158
v -0.7040 0.7313 -3.4607
v -0.6832 0.7049 -3.4396
v -0.6832 0.7049 -3.4396
v -0.7040 0.7313 -3.4607
v -0.7040 0.6056 -3.5610
v -0.6832 0.5909 -3.5305
v -0.6832 0.5909 -3.5305
v -0.7040 0.6056 -3.5610
v -0.7040 0.4488 -3.5967
v -0.6832 0.4488 -3.5630
v -0.5310 0.5103 -3.1077
v -0.6858 0.5103 -3.1077
v -0.6858 0.4488 -3.0937
v -0.5310 0.4488 -3.0937
v -0.6832 0.1927 -3.0312
v -0.5310 0.1927 -3.0312
v -0.5310 0.1295 -3.1625
v -0.6832 0.1295 -3.1625
v -0.6832 0.5909 -3.5305
v -0.5310 0.5909 -3.5305
v -0.5310 0.7049 -3.4396
v -0.6832 0.7049 -3.4396
v -0.6832 0.3067 -2.9403
v -0.5310 0.3067 -2.9403
v -0.5310 0.1927 -3.0312
v -0.6832 0.1927 -3.0312
v -0.6832 0.4488 -3.5630
v -0.5310 0.4488 -3.5630
v -0.5310 0.5909 -3.5305
v -0.6832 0.5909 -3.5305
v -0.6832 0.4488 -2.9079
v -0.5310 0.4488 -2.9079
v -0.5310 0.3067 -2.9403
v -0.6832 0.3067 -2.9403
v -0.6832 0.5909 -2.9403
v -0.5310 0.5909 -2.9403
v -0.5310 0.4488 -2.9079
v -0.6832 0.4488 -2.9079
v -0.6832 0.3067 -3.5305
v -0.5310 0.3067 -3.5305
v -0.5310 0.4488 -3.5630
v -0.6832 0.4488 -3.5630
v -0.6832 0.7049 -3.0312
v -0.5310 0.7049 -3.0312
v -0.5310 0.5909 -2.9403
v -0.6832 0.5909 -2.9403
v -0.6832 0.1927 -3.4396
v -0.5310 0.1927 -3.4396
v -0.5310 0.3067 -3.5305
v -0.6832 0.3067 -3.5305
v -0.6832 0.7681 -3.1625
v -0.5310 0.7681 -3.1625
v -0.5310 0.7049 -3.0312
v -0.6832 0.7049 -3.0312
v -0.6832 0.1295 -3.3083
v -0.5310 0.1295 -3.3083
v -0.5310 0.1927 -3.4396
v -0.6832 0.1927 -3.4396
v -0.6832 0.7681 -3.3083
v -0.5310 0.7681 -3.3083
v -0.5310 0.7681 -3.1625
v -0.6832 0.7681 -3.1625
v -0.6832 0.1295 -3.1625
v -0.5310 0.1295 -3.1625
v -0.5310 0.1295 -3.3083
v -0.6832 0.1295 -3.3083
v -0.5310 0.4488 -3.3772
v -0.5310 0.4488 -3.5630
v -0.5310 0.3067 -3.5305
v -0.5310 0.3873 -3.3631
v -0.5310 0.3873 -3.3631
v -0.5310 0.3067 -3.5305
v -0.5310 0.1927 -3.4396
v -0.5310 0.3380 -3.3238
v -0.5310 0.3380 -3.3238
v -0.5310 0.1927 -3.4396
v -0.5310 0.1295 -3.3083
v -0.5310 0.3106 -3.2670
v -0.5310 0.3106 -3.2670
v -0.5310 0.1295 -3.3083
v -0.5310 0.1295 -3.1625
v -0.5310 0.3106 -3.2039
v -0.5310 0.3106 -3.2039
v -0.5310 0.1295 -3.1625
v -0.5310 0.1927 -3.0312
v -0.5310 0.3380 -3.1470
v -0.5310 0.3380 -3.1470
v -0.5310 0.1927 -3.0312
v -0.5310 0.3067 -2.9403
v -0.5310 0.3873 -3.1077
v -0.5310 0.3873 -3.1077
v -0.5310 0.3067 -2.9403
v -0.5310 0.4488 -2.9079
v -0.5310 0.4488 -3.0937
v -0.5310 0.4488 -3.0937
v -0.5310 0.4488 -2.9079
v -0.5310 0.5909 -2.9403
v -0.5310 0.5103 -3.1077
v -0.5310 0.5103 -3.1077
v -0.5310 0.5909 -2.9403
v -0.5310 0.7049 -3.0312
v -0.5310 0.5596 -3.1470
v -0.5310 0.5596 -3.1470
v -0.5310 0.7049 -3.0312
v -0.5310 0.7681 -3.1625
v -0.5310 0.5870 -3.2039
v -0.5310 0.5870 -3.2039
v -0.5310 0.7681 -3.1625
v -0.5310 0.7681 -3.3083
v -0.5310 0.5870 -3.2670
v -0.5310 0.5870 -3.2670
v -0.5310 0.7681 -3.3083
v -0.5310 0.7049 -3.4396
v -0.5310 0.5596 -3.3238
v -0.5310 0.5596 -3.3238
v -0.5310 0.7049 -3.4396
v -0.5310 0.5909 -3.5305
v -0.5310 0.5103 -3.3631
v -0.5310 0.5103 -3.3631
v -0.5310 0.5909 -3.5305
v -0.5310 0.4488 -3.5630
v -0.5310 0.4488 -3.3772
v -0.5310 0.3873 -3.3631
v -0.6858 0.3873 -3.3631
v -0.6858 0.4488 -3.3772
v -0.5310 0.4488 -3.3772
v -0.5310 0.5596 -3.1470
v -0.6858 0.5596 -3.1470
v -0.6858 0.5103 -3.1077
v -0.5310 0.5103 -3.1077
v -0.5310 0.3380 -3.3238
v -0.6858 0.3380 -3.3238
v -0.6858 0.3873 -3.3631
v -0.5310 0.3873 -3.3631
v -0.5310 0.5870 -3.2039
v -0.6858 0.5870 -3.2039
v -0.6858 0.5596 -3.1470
v -0.5310 0.5596 -3.1470
v -0.5310 0.3106 -3.2670
v -0.6858 0.3106 -3.2670
v -0.6858 0.3380 -3.3238
v -0.5310 0.3380 -3.3238
v -0.5310 0.5870 -3.2670
v -0.6858 0.5870 -3.2670
v -0.6858 0.5870 -3.2039
v -0.5310 0.5870 -3.2039
v -0.5310 0.3106 -3.2039
v -0.6858 0.3106 -3.2039
v -0.6858 0.3106 -3.2670
v -0.5310 0.3106 -3.2670
v -0.5310 0.5596 -3.3238
v -0.6858 0.5596 -3.3238
v -0.6858 0.5870 -3.2670
v -0.5310 0.5870 -3.2670
v -0.5310 0.3380 -3.1470
v -0.6858 0.3380 -3.1470
v -0.6858 0.3106 -3.2039
v -0.5310 0.3106 -3.2039
v -0.5310 0.5103 -3.3631
v -0.6858 0.5103 -3.3631
v -0.6858 0.5596 -3.3238
v -0.5310 0.5596 -3.3238
v -0.5310 0.3873 -3.1077
v -0.6858 0.3873 -3.1077
v -0.6858 0.3380 -3.1470
v -0.5310 0.3380 -3.1470
v -0.5310 0.4488 -3.3772
v -0.6858 0.4488 -3.3772
v -0.6858 0.5103 -3.3631
v -0.5310 0.5103 -3.3631
v -0.5310 0.4488 -3.0937
v -0.6858 0.4488 -3.0937
v -0.6858 0.3873 -3.1077
v -0.5310 0.3873 -3.1077
v -0.4388 0.0372 -3.5636
v -0.4388 0.3332 -3.3276
v -0.4388 0.3047 -3.2683
v -0.4388 -0.0644 -3.3526
v -0.4388 0.3847 -3.3686
v 0.0000 0.3847 -3.3686
v 0.0000 0.3332 -3.3276
v -0.4388 0.3332 -3.3276
v -0.4388 -0.0644 -3.3526
v -0.4388 0.3047 -3.2683
v -0.4388 0.3047 -3.2025
v -0.4388 -0.0644 -3.1183
v -0.4388 -0.0644 -3.1183
v -0.4388 0.3047 -3.2025
v -0.4388 0.3332 -3.1433
v -0.4388 0.0372 -2.9072
v -0.4388 0.0372 -2.9072
v -0.4388 0.3332 -3.1433
v -0.4388 0.3847 -3.1022
v -0.4388 0.2204 -2.7611
v -0.4388 0.2204 -2.7611
v -0.4388 0.3847 -3.1022
v -0.4388 0.4488 -3.0876
v -0.4388 0.4488 -2.7090
v -0.4388 0.4488 -2.7090
v -0.4388 0.4488 -3.0876
v -0.4388 0.5129 -3.1022
v -0.4388 0.6772 -2.7611
v -0.4388 0.6772 -2.7611
v -0.4388 0.5129 -3.1022
v -0.4388 0.5644 -3.1433
v -0.4388 0.8604 -2.9072
v -0.4388 0.8604 -2.9072
v -0.4388 0.5644 -3.1433
v -0.4388 0.5929 -3.2025
v -0.4388 0.9620 -3.1183
v -0.4388 0.9620 -3.1183
v -0.4388 0.5929 -3.2025
v -0.4388 0.5929 -3.2683
v -0.4388 0.9620 -3.3526
v -0.4388 0.9620 -3.3526
v -0.4388 0.5929 -3.2683
v -0.4388 0.5644 -3.3276
v -0.4388 0.8604 -3.5636
v -0.4388 0.8604 -3.5636
v -0.4388 0.5644 -3.3276
v -0.4388 0.5129 -3.3686
v -0.4388 0.6772 -3.7097
v -0.4388 0.6772 -3.7097
v -0.4388 0.5129 -3.3686
v -0.4388 0.4488 -3.3832
v -0.4388 0.4488 -3.7618
v -0.4388 0.4488 -3.7618
v -0.4388 0.4488 -3.3832
v -0.4388 0.3847 -3.3686
v -0.4388 0.2204 -3.7097
v -0.4388 0.2204 -3.7097
v -0.4388 0.3847 -3.3686
v -0.4388 0.3332 -3.3276
v -0.4388 0.0372 -3.5636
v -0.4388 0.3332 -3.3276
v 0.0000 0.3332 -3.3276
v 0.0000 0.3047 -3.2683
v -0.4388 0.3047 -3.2683
v -0.4388 0.3047 -3.2683
v 0.0000 0.3047 -3.2683
v 0.0000 0.3047 -3.2025
v -0.4388 0.3047 -3.2025
v -0.4388 0.3047 -3.2025
v 0.0000 0.3047 -3.2025
v 0.0000 0.3332 -3.1433
v -0.4388 0.3332 -3.1433
v -0.4388 0.3332 -3.1433
v 0.0000 0.3332 -3.1433
v 0.0000 0.3847 -3.1022
v -0.4388 0.3847 -3.1022
v -0.4388 0.3847 -3.1022
v 0.0000 0.3847 -3.1022
v 0.0000 0.4488 -3.0876
v -0.4388 0.4488 -3.0876
v -0.4388 0.4488 -3.0876
v 0.0000 0.4488 -3.0876
v 0.0000 0.5129 -3.1022
v -0.4388 0.5129 -3.1022
v -0.4388 0.5129 -3.1022
v 0.0000 0.5129 -3.1022
v 0.0000 0.5644 -3.1433
v -0.4388 0.5644 -3.1433
v -0.4388 0.5644 -3.1433
v 0.0000 0.5644 -3.1433
v 0.0000 0.5929 -3.2025
v -0.4388 0.5929 -3.2025
v -0.4388 0.5929 -3.2025
v 0.0000 0.5929 -3.2025
v 0.0000 0.5929 -3.2683
v -0.4388 0.5929 -3.2683
v -0.4388 0.5929 -3.2683
v 0.0000 0.5929 -3.2683
v 0.0000 0.5644 -3.3276
v -0.4388 0.5644 -3.3276
v -0.4388 0.5644 -3.3276
v 0.0000 0.5644 -3.3276
v 0.0000 0.5129 -3.3686
v -0.4388 0.5129 -3.3686
v -0.4388 0.5129 -3.3686
v 0.0000 0.5129 -3.3686
v 0.0000 0.4488 -3.3832
v -0.4388 0.4488 -3.3832
v -0.4388 0.4488 -3.3832
v 0.0000 0.4488 -3.3832
v 0.0000 0.3847 -3.3686
v -0.4388 0.3847 -3.3686
v 0.7131 0.0372 -2.9072
v 0.7131 -0.0644 -3.3526
v 0.7131 -0.0644 -3.1183
v 0.7131 0.0372 -3.5636
v 0.7131 0.2204 -2.7611
v 0.7131 0.2204 -3.7097
v 0.7131 0.4488 -2.7090
v 0.7131 0.4488 -3.7618
v 0.7131 0.6772 -2.7611
v 0.7131 0.6772 -3.7097
v 0.7131 0.8604 -3.5636
v 0.7131 0.8604 -2.9072
v 0.7131 0.9620 -3.1183
v 0.7131 0.9620 -3.3526
v 0.9600 0.3380 -3.3238
v 0.9600 0.3106 -3.2039
v 0.9600 0.3106 -3.2670
v 0.9600 0.3380 -3.1470
v 0.9600 0.3873 -3.3631
v 0.9600 0.3873 -3.1077
v 0.9600 0.4488 -3.3772
v 0.9600 0.4488 -3.0937
v 0.9600 0.5103 -3.1077
v 0.9600 0.5103 -3.3631
v 0.9600 0.5596 -3.3238
v 0.9600 0.5596 -3.1470
v 0.9600 0.5870 -3.2039
v 0.9600 0.5870 -3.2670
v 0.6858 0.3380 -3.3238
v 0.6858 0.3106 -3.2039
v 0.6858 0.3106 -3.2670
v 0.6858 0.3380 -3.1470
v 0.6858 0.3873 -3.3631
v 0.6858 0.3873 -3.1077
v 0.6858 0.4488 -3.0937
v 0.6858 0.4488 -3.3772
v 0.6858 0.5103 -3.1077
v 0.6858 0.5103 -3.3631
v 0.6858 0.5596 -3.3238
v 0.6858 0.5596 -3.1470
v 0.6858 0.5870 -3.2039
v 0.6858 0.5870 -3.2670
v -0.7131 0.0372 -3.5636
v -0.7131 -0.0644 -3.1183
v -0.7131 -0.0644 -3.3526
v -0.7131 0.0372 -2.9072
v -0.7131 0.2204 -3.7097
v -0.7131 0.2204 -2.7611
v -0.7131 0.4488 -3.7618
v -0.7131 0.4488 -2.7090
v -0.7131 0.6772 -2.7611
v -0.7131 0.6772 -3.7097
v -0.7131 0.8604 -3.5636
v -0.7131 0.8604 -2.9072
v -0.7131 0.9620 -3.3526
v -0.7131 0.9620 -3.1183
v -0.9600 0.3380 -3.1470
v -0.9600 0.3106 -3.2670
v -0.9600 0.3106 -3.2039
v -0.9600 0.3380 -3.3238
v -0.9600 0.3873 -3.3631
v -0.9600 0.3873 -3.1077
v -0.9600 0.4488 -3.0937
v -0.9600 0.4488 -3.3772
v -0.9600 0.5103 -3.1077
v -0.9600 0.5103 -3.3631
v -0.9600 0.5596 -3.3238
v -0.9600 0.5596 -3.1470
v -0.9600 0.5870 -3.2039
v -0.9600 0.5870 -3.2670
v -0.6858 0.3380 -3.1470
v -0.6858 0.3106 -3.2670
v -0.6858 0.3106 -3.2039
v -0.6858 0.3380 -3.3238
v -0.6858 0.3873 -3.1077
v -0.6858 0.3873 -3.3631
v -0.6858 0.4488 -3.0937
v -0.6858 0.4488 -3.3772
v -0.6858 0.5103 -3.1077
v -0.6858 0.5103 -3.3631
v -0.6858 0.5596 -3.3238
v -0.6858 0.5596 -3.1470
v -0.6858 0.5870 -3.2039
v -0.6858 0.5870 -3.2670
v 0.0000 0.3332 -3.3276
v 0.0000 0.3047 -3.2025
v 0.0000 0.3047 -3.2683
v 0.0000 0.3332 -3.1433
v 0.0000 0.3847 -3.3686
v 0.0000 0.3847 -3.1022
v 0.0000 0.4488 -3.0876
v 0.0000 0.4488 -3.3832
v 0.0000 0.5129 -3.3686
v 0.0000 0.5129 -3.1022
v 0.0000 0.5644 -3.3276
v 0.0000 0.5644 -3.1433
v 0.0000 0.5929 -3.2683
v 0.0000 0.5929 -3.2025
v 0.9575 0.3067 -3.5305
v 0.9575 0.3067 -3.5305
v 0.9575 0.4488 -3.5630
v 0.9575 0.4488 -3.5630
v 0.9575 0.1927 -3.4396
v 0.9575 0.1927 -3.4396
v 0.9575 0.1295 -3.3083
v 0.9575 0.1295 -3.3083
v 0.9575 0.1295 -3.1625
v 0.9575 0.1295 -3.1625
v 0.9575 0.1927 -3.0312
v 0.9575 0.1927 -3.0312
v 0.9575 0.3067 -2.9403
v 0.9575 0.3067 -2.9403
v 0.9575 0.4488 -2.9079
v 0.9575 0.4488 -2.9079
v 0.9575 0.5909 -2.9403
v 0.9575 0.5909 -2.9403
v 0.9575 0.7049 -3.0312
v 0.9575 0.7049 -3.0312
v 0.9575 0.7681 -3.1625
v 0.9575 0.7681 -3.1625
v 0.9575 0.7681 -3.3083
v 0.9575 0.7681 -3.3083
v 0.9575 0.7049 -3.4396
v 0.9575 0.7049 -3.4396
v 0.9575 0.5909 -3.5305
v 0.9575 0.5909 -3.5305
v 0.8052 0.3873 -3.3631
v 0.8052 0.4488 -3.3772
v 0.8052 0.3380 -3.3238
v 0.8052 0.3380 -3.3238
v 0.8052 0.3106 -3.2670
v 0.8052 0.3106 -3.2670
v 0.8052 0.3106 -3.2039
v 0.8052 0.3106 -3.2039
v 0.8052 0.3380 -3.1470
v 0.8052 0.3380 -3.1470
v 0.8052 0.3873 -3.1077
v 0.8052 0.3873 -3.1077
v 0.8052 0.4488 -3.0937
v 0.8052 0.4488 -3.0937
v 0.8052 0.5103 -3.1077
v 0.8052 0.5103 -3.1077
v 0.8052 0.5596 -3.1470
v 0.8052 0.5596 -3.1470
v 0.8052 0.5870 -3.2039
v 0.8052 0.5870 -3.2039
v 0.8052 0.5870 -3.2670
v 0.8052 0.5870 -3.2670
v 0.8052 0.5596 -3.3238
v 0.8052 0.5596 -3.3238
v 0.8052 0.5103 -3.3631
v 0.8052 0.3067 -3.5305
v 0.8052 0.3067 -3.5305
v 0.8052 0.3067 -3.5305
v 0.8052 0.4488 -3.5630
v 0.8052 0.4488 -3.5630
v 0.8052 0.4488 -3.5630
v 0.8052 0.1927 -3.4396
v 0.8052 0.1927 -3.4396
v 0.8052 0.1927 -3.4396
v 0.8052 0.1927 -3.4396
v 0.8052 0.1295 -3.3083
v 0.8052 0.1295 -3.3083
v 0.8052 0.1295 -3.3083
v 0.8052 0.1295 -3.3083
v 0.8052 0.1295 -3.1625
v 0.8052 0.1295 -3.1625
v 0.8052 0.1295 -3.1625
v 0.8052 0.1295 -3.1625
v 0.8052 0.1927 -3.0312
v 0.8052 0.1927 -3.0312
v 0.8052 0.1927 -3.0312
v 0.8052 0.1927 -3.0312
v 0.8052 0.3067 -2.9403
v 0.8052 0.3067 -2.9403
v 0.8052 0.3067 -2.9403
v 0.8052 0.3067 -2.9403
v 0.8052 0.4488 -2.9079
v 0.8052 0.4488 -2.9079
v 0.8052 0.4488 -2.9079
v 0.8052 0.4488 -2.9079
v 0.8052 0.5909 -2.9403
v 0.8052 0.5909 -2.9403
v 0.8052 0.5909 -2.9403
v 0.8052 0.5909 -2.9403
v 0.8052 0.7049 -3.0312
v 0.8052 0.7049 -3.0312
v 0.8052 0.7049 -3.0312
v 0.8052 0.7049 -3.0312
v 0.8052 0.7681 -3.1625
v 0.8052 0.7681 -3.1625
v 0.8052 0.7681 -3.1625
v 0.8052 0.7681 -3.1625
v 0.8052 0.7681 -3.3083
v 0.8052 0.7681 -3.3083
v 0.8052 0.7681 -3.3083
v 0.8052 0.7681 -3.3083
v 0.8052 0.7049 -3.4396
v 0.8052 0.7049 -3.4396
v 0.8052 0.7049 -3.4396
v 0.8052 0.7049 -3.4396
v 0.8052 0.5909 -3.5305
v 0.8052 0.5909 -3.5305
v 0.8052 0.5909 -3.5305
v 0.7131 0.4488 -2.6513
v 0.7131 0.4488 -2.6513
v 0.7131 0.4488 -2.6513
v 0.9415 0.4488 -2.6513
v 0.9415 0.4488 -2.6513
v 0.9415 0.4488 -2.6513
v 0.9415 0.4488 -2.6513
v 0.7131 0.2204 -2.5991
v 0.7131 0.2204 -2.5991
v 0.7131 0.2204 -2.5991
v 0.9415 0.2204 -2.5991
v 0.9415 0.2204 -2.5991
v 0.9415 0.2204 -2.5991
v 0.9415 0.2204 -2.5991
v 0.7131 0.0372 -2.4531
v 0.7131 0.0372 -2.4531
v 0.7131 0.0372 -2.4531
v 0.9415 0.0372 -2.4531
v 0.9415 0.0372 -2.4531
v 0.9415 0.0372 -2.4531
v 0.9415 0.0372 -2.4531
v 0.7131 -0.0644 -2.2420
v 0.7131 -0.0644 -2.2420
v 0.7131 -0.0644 -2.2420
v 0.9415 -0.0644 -2.2420
v 0.9415 -0.0644 -2.2420
v 0.9415 -0.0644 -2.2420
v 0.9415 -0.0644 -2.2420
v 0.7131 -0.0644 -2.0077
v 0.7131 -0.0644 -2.0077
v 0.7131 -0.0644 -2.0077
v 0.9415 -0.0644 -2.0077
v 0.9415 -0.0644 -2.0077
v 0.9415 -0.0644 -2.0077
v 0.9415 -0.0644 -2.0077
v 0.7131 0.0372 -1.7966
v 0.7131 0.0372 -1.7966
v 0.7131 0.0372 -1.7966
v 0.9415 0.0372 -1.7966
v 0.9415 0.0372 -1.7966
v 0.9415 0.0372 -1.7966
v 0.9415 0.0372 -1.7966
v 0.7131 0.2204 -1.6505
v 0.7131 0.2204 -1.6505
v 0.7131 0.2204 -1.6505
v 0.9415 0.2204 -1.6505
v 0.9415 0.2204 -1.6505
v 0.9415 0.2204 -1.6505
v 0.9415 0.2204 -1.6505
v 0.7131 0.4488 -1.5984
v 0.7131 0.4488 -1.5984
v 0.7131 0.4488 -1.5984
v 0.9415 0.4488 -1.5984
v 0.9415 0.4488 -1.5984
v 0.9415 0.4488 -1.5984
v 0.9415 0.4488 -1.5984
v 0.7131 0.6772 -1.6505
v 0.7131 0.6772 -1.6505
v 0.7131 0.6772 -1.6505
v 0.9415 0.6772 -1.6505
v 0.9415 0.6772 -1.6505
v 0.9415 0.6772 -1.6505
v 0.9415 0.6772 -1.6505
v 0.7131 0.8604 -1.7966
v 0.7131 0.8604 -1.7966
v 0.7131 0.8604 -1.7966
v 0.9415 0.8604 -1.7966
v 0.9415 0.8604 -1.7966
v 0.9415 0.8604 -1.7966
v 0.9415 0.8604 -1.7966
v 0.7131 0.9620 -2.0077
v 0.7131 0.9620 -2.0077
v 0.7131 0.9620 -2.0077
v 0.9415 0.9620 -2.0077
v 0.9415 0.9620 -2.0077
v 0.9415 0.9620 -2.0077
v 0.9415 0.9620 -2.0077
v 0.7131 0.9620 -2.2420
v 0.7131 0.9620 -2.2420
v 0.7131 0.9620 -2.2420
v 0.9415 0.9620 -2.2420
v 0.9415 0.9620 -2.2420
v 0.9415 0.9620 -2.2420
v 0.9415 0.9620 -2.2420
v 0.7131 0.8604 -2.4531
v 0.7131 0.8604 -2.4531
v 0.7131 0.8604 -2.4531
v 0.9415 0.8604 -2.4531
v 0.9415 0.8604 -2.4531
v 0.9415 0.8604 -2.4531
v 0.9415 0.8604 -2.4531
v 0.7131 0.6772 -2.5991
v 0.7131 0.6772 -2.5991
v 0.7131 0.6772 -2.5991
v 0.9415 0.6772 -2.5991
v 0.9415 0.6772 -2.5991
v 0.9415 0.6772 -2.5991
v 0.9415 0.6772 -2.5991
v 0.9575 0.3067 -2.4199
v 0.9575 0.3067 -2.4199
v 0.9575 0.4488 -2.4524
v 0.9575 0.4488 -2.4524
v 0.9575 0.1927 -2.3291
v 0.9575 0.1927 -2.3291
v 0.9575 0.1295 -2.1977
v 0.9575 0.1295 -2.1977
v 0.9575 0.1295 -2.0520
v 0.9575 0.1295 -2.0520
v 0.9575 0.1927 -1.9206
v 0.9575 0.1927 -1.9206
v 0.9575 0.3067 -1.8297
v 0.9575 0.3067 -1.8297
v 0.9575 0.4488 -1.7973
v 0.9575 0.4488 -1.7973
v 0.9575 0.5909 -1.8297
v 0.9575 0.5909 -1.8297
v 0.9575 0.7049 -1.9206
v 0.9575 0.7049 -1.9206
v 0.9575 0.7681 -2.0520
v 0.9575 0.7681 -2.0520
v 0.9575 0.7681 -2.1977
v 0.9575 0.7681 -2.1977
v 0.9575 0.7049 -2.3291
v 0.9575 0.7049 -2.3291
v 0.9575 0.5909 -2.4199
v 0.9575 0.5909 -2.4199
v 0.9782 0.2345 -2.5698
v 0.9782 0.2345 -2.5698
v 0.9782 0.2345 -2.5698
v 0.9782 0.4488 -2.6187
v 0.9782 0.4488 -2.6187
v 0.9782 0.4488 -2.6187
v 0.9782 0.0627 -2.4327
v 0.9782 0.0627 -2.4327
v 0.9782 0.0627 -2.4327
v 0.9782 -0.0327 -2.2347
v 0.9782 -0.0327 -2.2347
v 0.9782 -0.0327 -2.2347
v 0.9782 -0.0327 -2.0149
v 0.9782 -0.0327 -2.0149
v 0.9782 -0.0327 -2.0149
v 0.9782 -0.0327 -2.0149
v 0.9782 0.0627 -1.8169
v 0.9782 0.0627 -1.8169
v 0.9782 0.0627 -1.8169
v 0.9782 0.0627 -1.8169
v 0.9782 0.2345 -1.6799
v 0.9782 0.2345 -1.6799
v 0.9782 0.2345 -1.6799
v 0.9782 0.2345 -1.6799
v 0.9782 0.4488 -1.6310
v 0.9782 0.4488 -1.6310
v 0.9782 0.4488 -1.6310
v 0.9782 0.4488 -1.6310
v 0.9782 0.6631 -1.6799
v 0.9782 0.6631 -1.6799
v 0.9782 0.6631 -1.6799
v 0.9782 0.8349 -1.8169
v 0.9782 0.8349 -1.8169
v 0.9782 0.8349 -1.8169
v 0.9782 0.9303 -2.0149
v 0.9782 0.9303 -2.0149
v 0.9782 0.9303 -2.0149
v 0.9782 0.9303 -2.2347
v 0.9782 0.9303 -2.2347
v 0.9782 0.9303 -2.2347
v 0.9782 0.9303 -2.2347
v 0.9782 0.8349 -2.4327
v 0.9782 0.8349 -2.4327
v 0.9782 0.8349 -2.4327
v 0.9782 0.8349 -2.4327
v 0.9782 0.6631 -2.5698
v 0.9782 0.6631 -2.5698
v 0.9782 0.6631 -2.5698
v 0.9782 0.2920 -2.4504
v 0.9782 0.2920 -2.4504
v 0.9782 0.2920 -2.4504
v 0.9782 0.4488 -2.4862
v 0.9782 0.4488 -2.4862
v 0.9782 0.4488 -2.4862
v 0.9782 0.1663 -2.3501
v 0.9782 0.1663 -2.3501
v 0.9782 0.1663 -2.3501
v 0.9782 0.0965 -2.2052
v 0.9782 0.0965 -2.2052
v 0.9782 0.0965 -2.2052
v 0.9782 0.0965 -2.0444
v 0.9782 0.0965 -2.0444
v 0.9782 0.0965 -2.0444
v 0.9782 0.0965 -2.0444
v 0.9782 0.1663 -1.8996
v 0.9782 0.1663 -1.8996
v 0.9782 0.1663 -1.8996
v 0.9782 0.1663 -1.8996
v 0.9782 0.2920 -1.7993
v 0.9782 0.2920 -1.7993
v 0.9782 0.2920 -1.7993
v 0.9782 0.2920 -1.7993
v 0.9782 0.4488 -1.7635
v 0.9782 0.4488 -1.7635
v 0.9782 0.4488 -1.7635
v 0.9782 0.4488 -1.7635
v 0.9782 0.6056 -1.7993
v 0.9782 0.6056 -1.7993
v 0.9782 0.6056 -1.7993
v 0.9782 0.7313 -1.8996
v 0.9782 0.7313 -1.8996
v 0.9782 0.7313 -1.8996
v 0.9782 0.8011 -2.0444
v 0.9782 0.8011 -2.0444
v 0.9782 0.8011 -2.0444
v 0.9782 0.8011 -2.2052
v 0.9782 0.8011 -2.2052
v 0.9782 0.8011 -2.2052
v 0.9782 0.8011 -2.2052
v 0.9782 0.7313 -2.3501
v 0.9782 0.7313 -2.3501
v 0.9782 0.7313 -2.3501
v 0.9782 0.7313 -2.3501
v 0.9782 0.6056 -2.4504
v 0.9782 0.6056 -2.4504
v 0.9782 0.6056 -2.4504
v 0.8052 0.3873 -2.2525
v 0.8052 0.3873 -2.2525
v 0.8052 0.4488 -2.2666
v 0.8052 0.4488 -2.2666
v 0.8052 0.3380 -2.2132
v 0.8052 0.3380 -2.2132
v 0.8052 0.3106 -2.1564
v 0.8052 0.3106 -2.1564
v 0.8052 0.3106 -2.0933
v 0.8052 0.3106 -2.0933
v 0.8052 0.3380 -2.0365
v 0.8052 0.3380 -2.0365
v 0.8052 0.3873 -1.9971
v 0.8052 0.3873 -1.9971
v 0.8052 0.4488 -1.9831
v 0.8052 0.4488 -1.9831
v 0.8052 0.5103 -1.9971
v 0.8052 0.5103 -1.9971
v 0.8052 0.5596 -2.0365
v 0.8052 0.5596 -2.0365
v 0.8052 0.5870 -2.0933
v 0.8052 0.5870 -2.0933
v 0.8052 0.5870 -2.1564
v 0.8052 0.5870 -2.1564
v 0.8052 0.5596 -2.2132
v 0.8052 0.5596 -2.2132
v 0.8052 0.5103 -2.2525
v 0.8052 0.5103 -2.2525
v 0.9600 0.3873 -2.2525
v 0.9600 0.3873 -2.2525
v 0.9600 0.3873 -2.2525
v 0.9600 0.4488 -2.2666
v 0.9600 0.4488 -2.2666
v 0.9600 0.4488 -2.2666
v 0.9600 0.3380 -2.2132
v 0.9600 0.3380 -2.2132
v 0.9600 0.3380 -2.2132
v 0.9600 0.3106 -2.1564
v 0.9600 0.3106 -2.1564
v 0.9600 0.3106 -2.1564
v 0.9600 0.3106 -2.0933
v 0.9600 0.3106 -2.0933
v 0.9600 0.3106 -2.0933
v 0.9600 0.3380 -2.0365
v 0.9600 0.3380 -2.0365
v 0.9600 0.3380 -2.0365
v 0.9600 0.3873 -1.9971
v 0.9600 0.3873 -1.9971
v 0.9600 0.3873 -1.9971
v 0.9600 0.4488 -1.9831
v 0.9600 0.4488 -1.9831
v 0.9600 0.4488 -1.9831
v 0.9600 0.5103 -1.9971
v 0.9600 0.5103 -1.9971
v 0.9600 0.5103 -1.9971
v 0.9600 0.5596 -2.0365
v 0.9600 0.5596 -2.0365
v 0.9600 0.5596 -2.0365
v 0.9600 0.5870 -2.0933
v 0.9600 0.5870 -2.0933
v 0.9600 0.5870 -2.0933
v 0.9600 0.5870 -2.1564
v 0.9600 0.5870 -2.1564
v 0.9600 0.5870 -2.1564
v 0.9600 0.5596 -2.2132
v 0.9600 0.5596 -2.2132
v 0.9600 0.5596 -2.2132
v 0.9600 0.5103 -2.2525
v 0.9600 0.5103 -2.2525
v 0.9600 0.5103 -2.2525
v 0.4388 0.4488 -2.6513
v 0.4388 0.4488 -2.6513
v 0.4388 0.4488 -2.6513
v 0.4388 0.4488 -2.6513
v 0.6673 0.4488 -2.6513
v 0.6673 0.4488 -2.6513
v 0.6673 0.4488 -2.6513
v 0.6673 0.4488 -2.6513
v 0.4388 0.2204 -2.5991
v 0.4388 0.2204 -2.5991
v 0.4388 0.2204 -2.5991
v 0.4388 0.2204 -2.5991
v 0.6673 0.2204 -2.5991
v 0.6673 0.2204 -2.5991
v 0.6673 0.2204 -2.5991
v 0.6673 0.2204 -2.5991
v 0.4388 0.0372 -2.4531
v 0.4388 0.0372 -2.4531
v 0.4388 0.0372 -2.4531
v 0.4388 0.0372 -2.4531
v 0.6673 0.0372 -2.4531
v 0.6673 0.0372 -2.4531
v 0.6673 0.0372 -2.4531
v 0.6673 0.0372 -2.4531
v 0.4388 -0.0644 -2.2420
v 0.4388 -0.0644 -2.2420
v 0.4388 -0.0644 -2.2420
v 0.4388 -0.0644 -2.2420
v 0.6673 -0.0644 -2.2420
v 0.6673 -0.0644 -2.2420
v 0.6673 -0.0644 -2.2420
v 0.6673 -0.0644 -2.2420
v 0.4388 -0.0644 -2.0077
v 0.4388 -0.0644 -2.0077
v 0.4388 -0.0644 -2.0077
v 0.4388 -0.0644 -2.0077
v 0.6673 -0.0644 -2.0077
v 0.6673 -0.0644 -2.0077
v 0.6673 -0.0644 -2.0077
v 0.6673 -0.0644 -2.0077
v 0.4388 0.0372 -1.7966
v 0.4388 0.0372 -1.7966
v 0.4388 0.0372 -1.7966
v 0.4388 0.0372 -1.7966
v 0.6673 0.0372 -1.7966
v 0.6673 0.0372 -1.7966
v 0.6673 0.0372 -1.7966
v 0.6673 0.0372 -1.7966
v 0.4388 0.2204 -1.6505
v 0.4388 0.2204 -1.6505
v 0.4388 0.2204 -1.6505
v 0.4388 0.2204 -1.6505
v 0.6673 0.2204 -1.6505
v 0.6673 0.2204 -1.6505
v 0.6673 0.2204 -1.6505
v 0.6673 0.2204 -1.6505
v 0.4388 0.4488 -1.5984
v 0.4388 0.4488 -1.5984
v 0.4388 0.4488 -1.5984
v 0.4388 0.4488 -1.5984
v 0.6673 0.4488 -1.5984
v 0.6673 0.4488 -1.5984
v 0.6673 0.4488 -1.5984
v 0.6673 0.4488 -1.5984
v 0.4388 0.6772 -1.6505
v 0.4388 0.6772 -1.6505
v 0.4388 0.6772 -1.6505
v 0.4388 0.6772 -1.6505
v 0.6673 0.6772 -1.6505
v 0.6673 0.6772 -1.6505
v 0.6673 0.6772 -1.6505
v 0.6673 0.6772 -1.6505
v 0.4388 0.8604 -1.7966
v 0.4388 0.8604 -1.7966
v 0.4388 0.8604 -1.7966
v 0.4388 0.8604 -1.7966
v 0.6673 0.8604 -1.7966
v 0.6673 0.8604 -1.7966
v 0.6673 0.8604 -1.7966
v 0.6673 0.8604 -1.7966
v 0.4388 0.9620 -2.0077
v 0.4388 0.9620 -2.0077
v 0.4388 0.9620 -2.0077
v 0.4388 0.9620 -2.0077
v 0.6673 0.9620 -2.0077
v 0.6673 0.9620 -2.0077
v 0.6673 0.9620 -2.0077
v 0.6673 0.9620 -2.0077
v 0.4388 0.9620 -2.2420
v 0.4388 0.9620 -2.2420
v 0.4388 0.9620 -2.2420
v 0.4388 0.9620 -2.2420
v 0.6673 0.9620 -2.2420
v 0.6673 0.9620 -2.2420
v 0.6673 0.9620 -2.2420
v 0.6673 0.9620 -2.2420
v 0.4388 0.8604 -2.4531
v 0.4388 0.8604 -2.4531
v 0.4388 0.8604 -2.4531
v 0.4388 0.8604 -2.4531
v 0.6673 0.8604 -2.4531
v 0.6673 0.8604 -2.4531
v 0.6673 0.8604 -2.4531
v 0.6673 0.8604 -2.4531
v 0.4388 0.6772 -2.5991
v 0.4388 0.6772 -2.5991
v 0.4388 0.6772 -2.5991
v 0.4388 0.6772 -2.5991
v 0.6673 0.6772 -2.5991
v 0.6673 0.6772 -2.5991
v 0.6673 0.6772 -2.5991
v 0.6673 0.6772 -2.5991
v 0.6832 0.3067 -2.4199
v 0.6832 0.3067 -2.4199
v 0.6832 0.3067 -2.4199
v 0.6832 0.3067 -2.4199
v 0.6832 0.4488 -2.4524
v 0.6832 0.4488 -2.4524
v 0.6832 0.4488 -2.4524
v 0.6832 0.4488 -2.4524
v 0.6832 0.1927 -2.3291
v 0.6832 0.1927 -2.3291
v 0.6832 0.1927 -2.3291
v 0.6832 0.1927 -2.3291
v 0.6832 0.1295 -2.1977
v 0.6832 0.1295 -2.1977
v 0.6832 0.1295 -2.1977
v 0.6832 0.1295 -2.1977
v 0.6832 0.1295 -2.0520
v 0.6832 0.1295 -2.0520
v 0.6832 0.1295 -2.0520
v 0.6832 0.1295 -2.0520
v 0.6832 0.1927 -1.9206
v 0.6832 0.1927 -1.9206
v 0.6832 0.1927 -1.9206
v 0.6832 0.1927 -1.9206
v 0.6832 0.3067 -1.8297
v 0.6832 0.3067 -1.8297
v 0.6832 0.3067 -1.8297
v 0.6832 0.3067 -1.8297
v 0.6832 0.4488 -1.7973
v 0.6832 0.4488 -1.7973
v 0.6832 0.4488 -1.7973
v 0.6832 0.4488 -1.7973
v 0.6832 0.5909 -1.8297
v 0.6832 0.5909 -1.8297
v 0.6832 0.5909 -1.8297
v 0.6832 0.5909 -1.8297
v 0.6832 0.7049 -1.9206
v 0.6832 0.7049 -1.9206
v 0.6832 0.7049 -1.9206
v 0.6832 0.7049 -1.9206
v 0.6832 0.7681 -2.0520
v 0.6832 0.7681 -2.0520
v 0.6832 0.7681 -2.0520
v 0.6832 0.7681 -2.0520
v 0.6832 0.7681 -2.1977
v 0.6832 0.7681 -2.1977
v 0.6832 0.7681 -2.1977
v 0.6832 0.7681 -2.1977
v 0.6832 0.7049 -2.3291
v 0.6832 0.7049 -2.3291
v 0.6832 0.7049 -2.3291
v 0.6832 0.7049 -2.3291
v 0.6832 0.5909 -2.4199
v 0.6832 0.5909 -2.4199
v 0.6832 0.5909 -2.4199
v 0.6832 0.5909 -2.4199
v 0.7040 0.2345 -2.5698
v 0.7040 0.2345 -2.5698
v 0.7040 0.2345 -2.5698
v 0.7040 0.2345 -2.5698
v 0.7040 0.4488 -2.6187
v 0.7040 0.4488 -2.6187
v 0.7040 0.4488 -2.6187
v 0.7040 0.4488 -2.6187
v 0.7040 0.0627 -2.4327
v 0.7040 0.0627 -2.4327
v 0.7040 0.0627 -2.4327
v 0.7040 0.0627 -2.4327
v 0.7040 -0.0327 -2.2347
v 0.7040 -0.0327 -2.2347
v 0.7040 -0.0327 -2.2347
v 0.7040 -0.0327 -2.0149
v 0.7040 -0.0327 -2.0149
v 0.7040 -0.0327 -2.0149
v 0.7040 -0.0327 -2.0149
v 0.7040 0.0627 -1.8169
v 0.7040 0.0627 -1.8169
v 0.7040 0.0627 -1.8169
v 0.7040 0.0627 -1.8169
v 0.7040 0.2345 -1.6799
v 0.7040 0.2345 -1.6799
v 0.7040 0.2345 -1.6799
v 0.7040 0.2345 -1.6799
v 0.7040 0.4488 -1.6310
v 0.7040 0.4488 -1.6310
v 0.7040 0.4488 -1.6310
v 0.7040 0.6631 -1.6799
v 0.7040 0.6631 -1.6799
v 0.7040 0.6631 -1.6799
v 0.7040 0.8349 -1.8169
v 0.7040 0.8349 -1.8169
v 0.7040 0.8349 -1.8169
v 0.7040 0.9303 -2.0149
v 0.7040 0.9303 -2.0149
v 0.7040 0.9303 -2.0149
v 0.7040 0.9303 -2.2347
v 0.7040 0.9303 -2.2347
v 0.7040 0.9303 -2.2347
v 0.7040 0.8349 -2.4327
v 0.7040 0.8349 -2.4327
v 0.7040 0.8349 -2.4327
v 0.7040 0.8349 -2.4327
v 0.7040 0.6631 -2.5698
v 0.7040 0.6631 -2.5698
v 0.7040 0.6631 -2.5698
v 0.7040 0.6631 -2.5698
v 0.7040 0.2920 -2.4504
v 0.7040 0.2920 -2.4504
v 0.7040 0.2920 -2.4504
v 0.7040 0.2920 -2.4504
v 0.7040 0.4488 -2.4862
v 0.7040 0.4488 -2.4862
v 0.7040 0.4488 -2.4862
v 0.7040 0.4488 -2.4862
v 0.7040 0.1663 -2.3501
v 0.7040 0.1663 -2.3501
v 0.7040 0.1663 -2.3501
v 0.7040 0.1663 -2.3501
v 0.7040 0.0965 -2.2052
v 0.7040 0.0965 -2.2052
v 0.7040 0.0965 -2.2052
v 0.7040 0.0965 -2.0444
v 0.7040 0.0965 -2.0444
v 0.7040 0.0965 -2.0444
v 0.7040 0.0965 -2.0444
v 0.7040 0.1663 -1.8996
v 0.7040 0.1663 -1.8996
v 0.7040 0.1663 -1.8996
v 0.7040 0.1663 -1.8996
v 0.7040 0.2920 -1.7993
v 0.7040 0.2920 -1.7993
v 0.7040 0.2920 -1.7993
v 0.7040 0.2920 -1.7993
v 0.7040 0.4488 -1.7635
v 0.7040 0.4488 -1.7635
v 0.7040 0.4488 -1.7635
v 0.7040 0.6056 -1.7993
v 0.7040 0.6056 -1.7993
v 0.7040 0.6056 -1.7993
v 0.7040 0.7313 -1.8996
v 0.7040 0.7313 -1.8996
v 0.7040 0.7313 -1.8996
v 0.7040 0.8011 -2.0444
v 0.7040 0.8011 -2.0444
v 0.7040 0.8011 -2.0444
v 0.7040 0.8011 -2.2052
v 0.7040 0.8011 -2.2052
v 0.7040 0.8011 -2.2052
v 0.7040 0.7313 -2.3501
v 0.7040 0.7313 -2.3501
v 0.7040 0.7313 -2.3501
v 0.7040 0.7313 -2.3501
v 0.7040 0.6056 -2.4504
v 0.7040 0.6056 -2.4504
v 0.7040 0.6056 -2.4504
v 0.7040 0.6056 -2.4504
v 0.5310 0.3873 -2.2525
v 0.5310 0.3873 -2.2525
v 0.5310 0.3873 -2.2525
v 0.5310 0.3873 -2.2525
v 0.5310 0.4488 -2.2666
v 0.5310 0.4488 -2.2666
v 0.5310 0.4488 -2.2666
v 0.5310 0.4488 -2.2666
v 0.5310 0.3380 -2.2132
v 0.5310 0.3380 -2.2132
v 0.5310 0.3380 -2.2132
v 0.5310 0.3380 -2.2132
v 0.5310 0.3106 -2.1564
v 0.5310 0.3106 -2.1564
v 0.5310 0.3106 -2.1564
v 0.5310 0.3106 -2.1564
v 0.5310 0.3106 -2.0933
v 0.5310 0.3106 -2.0933
v 0.5310 0.3106 -2.0933
v 0.5310 0.3106 -2.0933
v 0.5310 0.3380 -2.0365
v 0.5310 0.3380 -2.0365
v 0.5310 0.3380 -2.0365
v 0.5310 0.3380 -2.0365
v 0.5310 0.3873 -1.9971
v 0.5310 0.3873 -1.9971
v 0.5310 0.3873 -1.9971
v 0.5310 0.3873 -1.9971
v 0.5310 0.4488 -1.9831
v 0.5310 0.4488 -1.9831
v 0.5310 0.4488 -1.9831
v 0.5310 0.5103 -1.9971
v 0.5310 0.5103 -1.9971
v 0.5310 0.5103 -1.9971
v 0.5310 0.5103 -1.9971
v 0.5310 0.5596 -2.0365
v 0.5310 0.5596 -2.0365
v 0.5310 0.5596 -2.0365
v 0.5310 0.5596 -2.0365
v 0.5310 0.5870 -2.0933
v 0.5310 0.5870 -2.0933
v 0.5310 0.5870 -2.0933
v 0.5310 0.5870 -2.0933
v 0.5310 0.5870 -2.1564
v 0.5310 0.5870 -2.1564
v 0.5310 0.5870 -2.1564
v 0.5310 0.5870 -2.1564
v 0.5310 0.5596 -2.2132
v 0.5310 0.5596 -2.2132
v 0.5310 0.5596 -2.2132
v 0.5310 0.5596 -2.2132
v 0.5310 0.5103 -2.2525
v 0.5310 0.5103 -2.2525
v 0.5310 0.5103 -2.2525
v 0.5310 0.5103 -2.2525
v 0.5310 0.3067 -2.4199
v 0.5310 0.3067 -2.4199
v 0.5310 0.3067 -2.4199
v 0.5310 0.3067 -2.4199
v 0.5310 0.4488 -2.4524
v 0.5310 0.4488 -2.4524
v 0.5310 0.4488 -2.4524
v 0.5310 0.4488 -2.4524
v 0.5310 0.1927 -2.3291
v 0.5310 0.1927 -2.3291
v 0.5310 0.1927 -2.3291
v 0.5310 0.1927 -2.3291
v 0.5310 0.1295 -2.1977
v 0.5310 0.1295 -2.1977
v 0.5310 0.1295 -2.1977
v 0.5310 0.1295 -2.1977
v 0.5310 0.1295 -2.0520
v 0.5310 0.1295 -2.0520
v 0.5310 0.1295 -2.0520
v 0.5310 0.1295 -2.0520
v 0.5310 0.1927 -1.9206
v 0.5310 0.1927 -1.9206
v 0.5310 0.1927 -1.9206
v 0.5310 0.1927 -1.9206
v 0.5310 0.3067 -1.8297
v 0.5310 0.3067 -1.8297
v 0.5310 0.3067 -1.8297
v 0.5310 0.3067 -1.8297
v 0.5310 0.4488 -1.7973
v 0.5310 0.4488 -1.7973
v 0.5310 0.4488 -1.7973
v 0.5310 0.5909 -1.8297
v 0.5310 0.5909 -1.8297
v 0.5310 0.5909 -1.8297
v 0.5310 0.5909 -1.8297
v 0.5310 0.7049 -1.9206
v 0.5310 0.7049 -1.9206
v 0.5310 0.7049 -1.9206
v 0.5310 0.7049 -1.9206
v 0.5310 0.7681 -2.0520
v 0.5310 0.7681 -2.0520
v 0.5310 0.7681 -2.0520
v 0.5310 0.7681 -2.0520
v 0.5310 0.7681 -2.1977
v 0.5310 0.7681 -2.1977
v 0.5310 0.7681 -2.1977
v 0.5310 0.7681 -2.1977
v 0.5310 0.7049 -2.3291
v 0.5310 0.7049 -2.3291
v 0.5310 0.7049 -2.3291
v 0.5310 0.7049 -2.3291
v 0.5310 0.5909 -2.4199
v 0.5310 0.5909 -2.4199
v 0.5310 0.5909 -2.4199
v 0.5310 0.5909 -2.4199
v 0.6858 0.3873 -2.2525
v 0.6858 0.3873 -2.2525
v 0.6858 0.3873 -2.2525
v 0.6858 0.4488 -2.2666
v 0.6858 0.4488 -2.2666
v 0.6858 0.4488 -2.2666
v 0.6858 0.3380 -2.2132
v 0.6858 0.3380 -2.2132
v 0.6858 0.3380 -2.2132
v 0.6858 0.3106 -2.1564
v 0.6858 0.3106 -2.1564
v 0.6858 0.3106 -2.1564
v 0.6858 0.3106 -2.0933
v 0.6858 0.3106 -2.0933
v 0.6858 0.3106 -2.0933
v 0.6858 0.3380 -2.0365
v 0.6858 0.3380 -2.0365
v 0.6858 0.3380 -2.0365
v 0.6858 0.3873 -1.9971
v 0.6858 0.3873 -1.9971
v 0.6858 0.3873 -1.9971
v 0.6858 0.4488 -1.9831
v 0.6858 0.4488 -1.9831
v 0.6858 0.4488 -1.9831
v 0.6858 0.5103 -1.9971
v 0.6858 0.5103 -1.9971
v 0.6858 0.5103 -1.9971
v 0.6858 0.5596 -2.0365
v 0.6858 0.5596 -2.0365
v 0.6858 0.5596 -2.0365
v 0.6858 0.5870 -2.0933
v 0.6858 0.5870 -2.0933
v 0.6858 0.5870 -2.0933
v 0.6858 0.5870 -2.1564
v 0.6858 0.5870 -2.1564
v 0.6858 0.5870 -2.1564
v 0.6858 0.5596 -2.2132
v 0.6858 0.5596 -2.2132
v 0.6858 0.5596 -2.2132
v 0.6858 0.5103 -2.2525
v 0.6858 0.5103 -2.2525
v 0.6858 0.5103 -2.2525
v 0.4388 0.4488 -2.2727
v 0.4388 0.4488 -2.2727
v 0.4388 0.4488 -2.2727
v 0.4388 0.4488 -2.2727
v 0.4388 0.3847 -2.2580
v 0.4388 0.3847 -2.2580
v 0.4388 0.3847 -2.2580
v 0.4388 0.3847 -2.2580
v 0.4388 0.3332 -2.2170
v 0.4388 0.3332 -2.2170
v 0.4388 0.3332 -2.2170
v 0.4388 0.3332 -2.2170
v 0.4388 0.3047 -2.1577
v 0.4388 0.3047 -2.1577
v 0.4388 0.3047 -2.1577
v 0.4388 0.3047 -2.1577
v 0.4388 0.3047 -2.0919
v 0.4388 0.3047 -2.0919
v 0.4388 0.3047 -2.0919
v 0.4388 0.3047 -2.0919
v 0.4388 0.3332 -2.0327
v 0.4388 0.3332 -2.0327
v 0.4388 0.3332 -2.0327
v 0.4388 0.3332 -2.0327
v 0.4388 0.3847 -1.9917
v 0.4388 0.3847 -1.9917
v 0.4388 0.3847 -1.9917
v 0.4388 0.3847 -1.9917
v 0.4388 0.4488 -1.9770
v 0.4388 0.4488 -1.9770
v 0.4388 0.4488 -1.9770
v 0.4388 0.4488 -1.9770
v 0.4388 0.5129 -1.9917
v 0.4388 0.5129 -1.9917
v 0.4388 0.5129 -1.9917
v 0.4388 0.5129 -1.9917
v 0.4388 0.5644 -2.0327
v 0.4388 0.5644 -2.0327
v 0.4388 0.5644 -2.0327
v 0.4388 0.5644 -2.0327
v 0.4388 0.5929 -2.0919
v 0.4388 0.5929 -2.0919
v 0.4388 0.5929 -2.0919
v 0.4388 0.5929 -2.0919
v 0.4388 0.5929 -2.1577
v 0.4388 0.5929 -2.1577
v 0.4388 0.5929 -2.1577
v 0.4388 0.5929 -2.1577
v 0.4388 0.5644 -2.2170
v 0.4388 0.5644 -2.2170
v 0.4388 0.5644 -2.2170
v 0.4388 0.5644 -2.2170
v 0.4388 0.5129 -2.2580
v 0.4388 0.5129 -2.2580
v 0.4388 0.5129 -2.2580
v 0.4388 0.5129 -2.2580
v -0.7131 0.4488 -2.6513
v -0.7131 0.4488 -2.6513
v -0.7131 0.4488 -2.6513
v -0.9415 0.4488 -2.6513
v -0.9415 0.4488 -2.6513
v -0.9415 0.4488 -2.6513
v -0.9415 0.4488 -2.6513
v -0.7131 0.2204 -2.5991
v -0.7131 0.2204 -2.5991
v -0.7131 0.2204 -2.5991
v -0.9415 0.2204 -2.5991
v -0.9415 0.2204 -2.5991
v -0.9415 0.2204 -2.5991
v -0.9415 0.2204 -2.5991
v -0.7131 0.0372 -2.4531
v -0.7131 0.0372 -2.4531
v -0.7131 0.0372 -2.4531
v -0.9415 0.0372 -2.4531
v -0.9415 0.0372 -2.4531
v -0.9415 0.0372 -2.4531
v -0.9415 0.0372 -2.4531
v -0.7131 -0.0644 -2.2420
v -0.7131 -0.0644 -2.2420
v -0.7131 -0.0644 -2.2420
v -0.9415 -0.0644 -2.2420
v -0.9415 -0.0644 -2.2420
v -0.9415 -0.0644 -2.2420
v -0.9415 -0.0644 -2.2420
v -0.7131 -0.0644 -2.0077
v -0.7131 -0.0644 -2.0077
v -0.7131 -0.0644 -2.0077
v -0.9415 -0.0644 -2.0077
v -0.9415 -0.0644 -2.0077
v -0.9415 -0.0644 -2.0077
v -0.9415 -0.0644 -2.0077
v -0.7131 0.0372 -1.7966
v -0.7131 0.0372 -1.7966
v -0.7131 0.0372 -1.7966
v -0.9415 0.0372 -1.7966
v -0.9415 0.0372 -1.7966
v -0.9415 0.0372 -1.7966
v -0.9415 0.0372 -1.7966
v -0.7131 0.2204 -1.6505
v -0.7131 0.2204 -1.6505
v -0.7131 0.2204 -1.6505
v -0.9415 0.2204 -1.6505
v -0.9415 0.2204 -1.6505
v -0.9415 0.2204 -1.6505
v -0.9415 0.2204 -1.6505
v -0.7131 0.4488 -1.5984
v -0.7131 0.4488 -1.5984
v -0.7131 0.4488 -1.5984
v -0.9415 0.4488 -1.5984
v -0.9415 0.4488 -1.5984
v -0.9415 0.4488 -1.5984
v -0.9415 0.4488 -1.5984
v -0.7131 0.6772 -1.6505
v -0.7131 0.6772 -1.6505
v -0.7131 0.6772 -1.6505
v -0.9415 0.6772 -1.6505
v -0.9415 0.6772 -1.6505
v -0.9415 0.6772 -1.6505
v -0.9415 0.6772 -1.6505
v -0.7131 0.8604 -1.7966
v -0.7131 0.8604 -1.7966
v -0.7131 0.8604 -1.7966
v -0.9415 0.8604 -1.7966
v -0.9415 0.8604 -1.7966
v -0.9415 0.8604 -1.7966
v -0.9415 0.8604 -1.7966
v -0.7131 0.9620 -2.0077
v -0.7131 0.9620 -2.0077
v -0.7131 0.9620 -2.0077
v -0.9415 0.9620 -2.0077
v -0.9415 0.9620 -2.0077
v -0.9415 0.9620 -2.0077
v -0.9415 0.9620 -2.0077
v -0.7131 0.9620 -2.2420
v -0.7131 0.9620 -2.2420
v -0.7131 0.9620 -2.2420
v -0.9415 0.9620 -2.2420
v -0.9415 0.9620 -2.2420
v -0.9415 0.9620 -2.2420
v -0.9415 0.9620 -2.2420
v -0.7131 0.8604 -2.4531
v -0.7131 0.8604 -2.4531
v -0.7131 0.8604 -2.4531
v -0.9415 0.8604 -2.4531
v -0.9415 0.8604 -2.4531
v -0.9415 0.8604 -2.4531
v -0.9415 0.8604 -2.4531
v -0.7131 0.6772 -2.5991
v -0.7131 0.6772 -2.5991
v -0.7131 0.6772 -2.5991
v -0.9415 0.6772 -2.5991
v -0.9415 0.6772 -2.5991
v -0.9415 0.6772 -2.5991
v -0.9415 0.6772 -2.5991
v -0.9575 0.3067 -2.4199
v -0.9575 0.3067 -2.4199
v -0.9575 0.4488 -2.4524
v -0.9575 0.4488 -2.4524
v -0.9575 0.1927 -2.3291
v -0.9575 0.1927 -2.3291
v -0.9575 0.1295 -2.1977
v -0.9575 0.1295 -2.1977
v -0.9575 0.1295 -2.0520
v -0.9575 0.1295 -2.0520
v -0.9575 0.1927 -1.9206
v -0.9575 0.1927 -1.9206
v -0.9575 0.3067 -1.8297
v -0.9575 0.3067 -1.8297
v -0.9575 0.4488 -1.7973
v -0.9575 0.4488 -1.7973
v -0.9575 0.5909 -1.8297
v -0.9575 0.5909 -1.8297
v -0.9575 0.7049 -1.9206
v -0.9575 0.7049 -1.9206
v -0.9575 0.7681 -2.0520
v -0.9575 0.7681 -2.0520
v -0.9575 0.7681 -2.1977
v -0.9575 0.7681 -2.1977
v -0.9575 0.7049 -2.3291
v -0.9575 0.7049 -2.3291
v -0.9575 0.5909 -2.4199
v -0.9575 0.5909 -2.4199
v -0.9782 0.2345 -2.5698
v -0.9782 0.2345 -2.5698
v -0.9782 0.2345 -2.5698
v -0.9782 0.2345 -2.5698
v -0.9782 0.4488 -2.6187
v -0.9782 0.4488 -2.6187
v -0.9782 0.4488 -2.6187
v -0.9782 0.4488 -2.6187
v -0.9782 0.0627 -2.4327
v -0.9782 0.0627 -2.4327
v -0.9782 0.0627 -2.4327
v -0.9782 0.0627 -2.4327
v -0.9782 -0.0327 -2.2347
v -0.9782 -0.0327 -2.2347
v -0.9782 -0.0327 -2.2347
v -0.9782 -0.0327 -2.2347
v -0.9782 -0.0327 -2.0149
v -0.9782 -0.0327 -2.0149
v -0.9782 -0.0327 -2.0149
v -0.9782 0.0627 -1.8169
v -0.9782 0.0627 -1.8169
v -0.9782 0.0627 -1.8169
v -0.9782 0.0627 -1.8169
v -0.9782 0.2345 -1.6799
v -0.9782 0.2345 -1.6799
v -0.9782 0.2345 -1.6799
v -0.9782 0.2345 -1.6799
v -0.9782 0.4488 -1.6310
v -0.9782 0.4488 -1.6310
v -0.9782 0.4488 -1.6310
v -0.9782 0.4488 -1.6310
v -0.9782 0.6631 -1.6799
v -0.9782 0.6631 -1.6799
v -0.9782 0.6631 -1.6799
v -0.9782 0.8349 -1.8169
v -0.9782 0.8349 -1.8169
v -0.9782 0.8349 -1.8169
v -0.9782 0.8349 -1.8169
v -0.9782 0.9303 -2.0149
v -0.9782 0.9303 -2.0149
v -0.9782 0.9303 -2.0149
v -0.9782 0.9303 -2.0149
v -0.9782 0.9303 -2.2347
v -0.9782 0.9303 -2.2347
v -0.9782 0.9303 -2.2347
v -0.9782 0.9303 -2.2347
v -0.9782 0.8349 -2.4327
v -0.9782 0.8349 -2.4327
v -0.9782 0.8349 -2.4327
v -0.9782 0.8349 -2.4327
v -0.9782 0.6631 -2.5698
v -0.9782 0.6631 -2.5698
v -0.9782 0.6631 -2.5698
v -0.9782 0.6631 -2.5698
v -0.9782 0.2920 -2.4504
v -0.9782 0.2920 -2.4504
v -0.9782 0.2920 -2.4504
v -0.9782 0.2920 -2.4504
v -0.9782 0.4488 -2.4862
v -0.9782 0.4488 -2.4862
v -0.9782 0.4488 -2.4862
v -0.9782 0.4488 -2.4862
v -0.9782 0.1663 -2.3501
v -0.9782 0.1663 -2.3501
v -0.9782 0.1663 -2.3501
v -0.9782 0.1663 -2.3501
v -0.9782 0.0965 -2.2052
v -0.9782 0.0965 -2.2052
v -0.9782 0.0965 -2.2052
v -0.9782 0.0965 -2.2052
v -0.9782 0.0965 -2.0444
v -0.9782 0.0965 -2.0444
v -0.9782 0.0965 -2.0444
v -0.9782 0.1663 -1.8996
v -0.9782 0.1663 -1.8996
v -0.9782 0.1663 -1.8996
v -0.9782 0.1663 -1.8996
v -0.9782 0.2920 -1.7993
v -0.9782 0.2920 -1.7993
v -0.9782 0.2920 -1.7993
v -0.9782 0.2920 -1.7993
v -0.9782 0.4488 -1.7635
v -0.9782 0.4488 -1.7635
v -0.9782 0.4488 -1.7635
v -0.9782 0.4488 -1.7635
v -0.9782 0.6056 -1.7993
v -0.9782 0.6056 -1.7993
v -0.9782 0.6056 -1.7993
v -0.9782 0.7313 -1.8996
v -0.9782 0.7313 -1.8996
v -0.9782 0.7313 -1.8996
v -0.9782 0.7313 -1.8996
v -0.9782 0.8011 -2.0444
v -0.9782 0.8011 -2.0444
v -0.9782 0.8011 -2.0444
v -0.9782 0.8011 -2.0444
v -0.9782 0.8011 -2.2052
v -0.9782 0.8011 -2.2052
v -0.9782 0.8011 -2.2052
v -0.9782 0.8011 -2.2052
v -0.9782 0.7313 -2.3501
v -0.9782 0.7313 -2.3501
v -0.9782 0.7313 -2.3501
v -0.9782 0.7313 -2.3501
v -0.9782 0.6056 -2.4504
v -0.9782 0.6056 -2.4504
v -0.9782 0.6056 -2.4504
v -0.9782 0.6056 -2.4504
v -0.8052 0.3873 -2.2525
v -0.8052 0.3873 -2.2525
v -0.8052 0.4488 -2.2666
v -0.8052 0.4488 -2.2666
v -0.8052 0.3380 -2.2132
v -0.8052 0.3380 -2.2132
v -0.8052 0.3106 -2.1564
v -0.8052 0.3106 -2.1564
v -0.8052 0.3106 -2.0933
v -0.8052 0.3106 -2.0933
v -0.8052 0.3380 -2.0365
v -0.8052 0.3380 -2.0365
v -0.8052 0.3873 -1.9971
v -0.8052 0.3873 -1.9971
v -0.8052 0.4488 -1.9831
v -0.8052 0.4488 -1.9831
v -0.8052 0.5103 -1.9971
v -0.8052 0.5103 -1.9971
v -0.8052 0.5596 -2.0365
v -0.8052 0.5596 -2.0365
v -0.8052 0.5870 -2.0933
v -0.8052 0.5870 -2.0933
v -0.8052 0.5870 -2.1564
v -0.8052 0.5870 -2.1564
v -0.8052 0.5596 -2.2132
v -0.8052 0.5596 -2.2132
v -0.8052 0.5103 -2.2525
v -0.8052 0.5103 -2.2525
v -0.9600 0.3873 -2.2525
v -0.9600 0.3873 -2.2525
v -0.9600 0.3873 -2.2525
v -0.9600 0.4488 -2.2666
v -0.9600 0.4488 -2.2666
v -0.9600 0.4488 -2.2666
v -0.9600 0.3380 -2.2132
v -0.9600 0.3380 -2.2132
v -0.9600 0.3380 -2.2132
v -0.9600 0.3106 -2.1564
v -0.9600 0.3106 -2.1564
v -0.9600 0.3106 -2.1564
v -0.9600 0.3106 -2.0933
v -0.9600 0.3106 -2.0933
v -0.9600 0.3106 -2.0933
v -0.9600 0.3380 -2.0365
v -0.9600 0.3380 -2.0365
v -0.9600 0.3380 -2.0365
v -0.9600 0.3873 -1.9971
v -0.9600 0.3873 -1.9971
v -0.9600 0.3873 -1.9971
v -0.9600 0.4488 -1.9831
v -0.9600 0.4488 -1.9831
v -0.9600 0.4488 -1.9831
v -0.9600 0.5103 -1.9971
v -0.9600 0.5103 -1.9971
v -0.9600 0.5103 -1.9971
v -0.9600 0.5596 -2.0365
v -0.9600 0.5596 -2.0365
v -0.9600 0.5596 -2.0365
v -0.9600 0.5870 -2.0933
v -0.9600 0.5870 -2.0933
v -0.9600 0.5870 -2.0933
v -0.9600 0.5870 -2.1564
v -0.9600 0.5870 -2.1564
v -0.9600 0.5870 -2.1564
v -0.9600 0.5596 -2.2132
v -0.9600 0.5596 -2.2132
v -0.9600 0.5596 -2.2132
v -0.9600 0.5103 -2.2525
v -0.9600 0.5103 -2.2525
v -0.9600 0.5103 -2.2525
v -0.4388 0.4488 -2.6513
v -0.4388 0.4488 -2.6513
v -0.4388 0.4488 -2.6513
v -0.4388 0.4488 -2.6513
v -0.6673 0.4488 -2.6513
v -0.6673 0.4488 -2.6513
v -0.6673 0.4488 -2.6513
v -0.6673 0.4488 -2.6513
v -0.4388 0.2204 -2.5991
v -0.4388 0.2204 -2.5991
v -0.4388 0.2204 -2.5991
v -0.4388 0.2204 -2.5991
v -0.6673 0.2204 -2.5991
v -0.6673 0.2204 -2.5991
v -0.6673 0.2204 -2.5991
v -0.6673 0.2204 -2.5991
v -0.4388 0.0372 -2.4531
v -0.4388 0.0372 -2.4531
v -0.4388 0.0372 -2.4531
v -0.4388 0.0372 -2.4531
v -0.6673 0.0372 -2.4531
v -0.6673 0.0372 -2.4531
v -0.6673 0.0372 -2.4531
v -0.6673 0.0372 -2.4531
v -0.4388 -0.0644 -2.2420
v -0.4388 -0.0644 -2.2420
v -0.4388 -0.0644 -2.2420
v -0.4388 -0.0644 -2.2420
v -0.6673 -0.0644 -2.2420
v -0.6673 -0.0644 -2.2420
v -0.6673 -0.0644 -2.2420
v -0.6673 -0.0644 -2.2420
v -0.4388 -0.0644 -2.0077
v -0.4388 -0.0644 -2.0077
v -0.4388 -0.0644 -2.0077
v -0.4388 -0.0644 -2.0077
v -0.6673 -0.0644 -2.0077
v -0.6673 -0.0644 -2.0077
v -0.6673 -0.0644 -2.0077
v -0.6673 -0.0644 -2.0077
v -0.4388 0.0372 -1.7966
v -0.4388 0.0372 -1.7966
v -0.4388 0.0372 -1.7966
v -0.4388 0.0372 -1.7966
v -0.6673 0.0372 -1.7966
v -0.6673 0.0372 -1.7966
v -0.6673 0.0372 -1.7966
v -0.6673 0.0372 -1.7966
v -0.4388 0.2204 -1.6505
v -0.4388 0.2204 -1.6505
v -0.4388 0.2204 -1.6505
v -0.4388 0.2204 -1.6505
v -0.6673 0.2204 -1.6505
v -0.6673 0.2204 -1.6505
v -0.6673 0.2204 -1.6505
v -0.6673 0.2204 -1.6505
v -0.4388 0.4488 -1.5984
v -0.4388 0.4488 -1.5984
v -0.4388 0.4488 -1.5984
v -0.4388 0.4488 -1.5984
v -0.6673 0.4488 -1.5984
v -0.6673 0.4488 -1.5984
v -0.6673 0.4488 -1.5984
v -0.6673 0.4488 -1.5984
v -0.4388 0.6772 -1.6505
v -0.4388 0.6772 -1.6505
v -0.4388 0.6772 -1.6505
v -0.4388 0.6772 -1.6505
v -0.6673 0.6772 -1.6505
v -0.6673 0.6772 -1.6505
v -0.6673 0.6772 -1.6505
v -0.6673 0.6772 -1.6505
v -0.4388 0.8604 -1.7966
v -0.4388 0.8604 -1.7966
v -0.4388 0.8604 -1.7966
v -0.4388 0.8604 -1.7966
v -0.6673 0.8604 -1.7966
v -0.6673 0.8604 -1.7966
v -0.6673 0.8604 -1.7966
v -0.6673 0.8604 -1.7966
v -0.4388 0.9620 -2.0077
v -0.4388 0.9620 -2.0077
v -0.4388 0.9620 -2.0077
v -0.4388 0.9620 -2.0077
v -0.6673 0.9620 -2.0077
v -0.6673 0.9620 -2.0077
v -0.6673 0.9620 -2.0077
v -0.6673 0.9620 -2.0077
v -0.4388 0.9620 -2.2420
v -0.4388 0.9620 -2.2420
v -0.4388 0.9620 -2.2420
v -0.4388 0.9620 -2.2420
v -0.6673 0.9620 -2.2420
v -0.6673 0.9620 -2.2420
v -0.6673 0.9620 -2.2420
v -0.6673 0.9620 -2.2420
v -0.4388 0.8604 -2.4531
v -0.4388 0.8604 -2.4531
v -0.4388 0.8604 -2.4531
v -0.4388 0.8604 -2.4531
v -0.6673 0.8604 -2.4531
v -0.6673 0.8604 -2.4531
v -0.6673 0.8604 -2.4531
v -0.6673 0.8604 -2.4531
v -0.4388 0.6772 -2.5991
v -0.4388 0.6772 -2.5991
v -0.4388 0.6772 -2.5991
v -0.4388 0.6772 -2.5991
v -0.6673 0.6772 -2.5991
v -0.6673 0.6772 -2.5991
v -0.6673 0.6772 -2.5991
v -0.6673 0.6772 -2.5991
v -0.6832 0.3067 -2.4199
v -0.6832 0.3067 -2.4199
v -0.6832 0.3067 -2.4199
v -0.6832 0.3067 -2.4199
v -0.6832 0.4488 -2.4524
v -0.6832 0.4488 -2.4524
v -0.6832 0.4488 -2.4524
v -0.6832 0.4488 -2.4524
v -0.6832 0.1927 -2.3291
v -0.6832 0.1927 -2.3291
v -0.6832 0.1927 -2.3291
v -0.6832 0.1927 -2.3291
v -0.6832 0.1295 -2.1977
v -0.6832 0.1295 -2.1977
v -0.6832 0.1295 -2.1977
v -0.6832 0.1295 -2.1977
v -0.6832 0.1295 -2.0520
v -0.6832 0.1295 -2.0520
v -0.6832 0.1295 -2.0520
v -0.6832 0.1295 -2.0520
v -0.6832 0.1927 -1.9206
v -0.6832 0.1927 -1.9206
v -0.6832 0.1927 -1.9206
v -0.6832 0.1927 -1.9206
v -0.6832 0.3067 -1.8297
v -0.6832 0.3067 -1.8297
v -0.6832 0.3067 -1.8297
v -0.6832 0.3067 -1.8297
v -0.6832 0.4488 -1.7973
v -0.6832 0.4488 -1.7973
v -0.6832 0.4488 -1.7973
v -0.6832 0.4488 -1.7973
v -0.6832 0.5909 -1.8297
v -0.6832 0.5909 -1.8297
v -0.6832 0.5909 -1.8297
v -0.6832 0.5909 -1.8297
v -0.6832 0.7049 -1.9206
v -0.6832 0.7049 -1.9206
v -0.6832 0.7049 -1.9206
v -0.6832 0.7049 -1.9206
v -0.6832 0.7681 -2.0520
v -0.6832 0.7681 -2.0520
v -0.6832 0.7681 -2.0520
v -0.6832 0.7681 -2.0520
v -0.6832 0.7681 -2.1977
v -0.6832 0.7681 -2.1977
v -0.6832 0.7681 -2.1977
v -0.6832 0.7681 -2.1977
v -0.6832 0.7049 -2.3291
v -0.6832 0.7049 -2.3291
v -0.6832 0.7049 -2.3291
v -0.6832 0.7049 -2.3291
v -0.6832 0.5909 -2.4199
v -0.6832 0.5909 -2.4199
v -0.6832 0.5909 -2.4199
v -0.6832 0.5909 -2.4199
v -0.7040 0.2345 -2.5698
v -0.7040 0.2345 -2.5698
v -0.7040 0.2345 -2.5698
v -0.7040 0.2345 -2.5698
v -0.7040 0.4488 -2.6187
v -0.7040 0.4488 -2.6187
v -0.7040 0.4488 -2.6187
v -0.7040 0.4488 -2.6187
v -0.7040 0.0627 -2.4327
v -0.7040 0.0627 -2.4327
v -0.7040 0.0627 -2.4327
v -0.7040 0.0627 -2.4327
v -0.7040 -0.0327 -2.2347
v -0.7040 -0.0327 -2.2347
v -0.7040 -0.0327 -2.2347
v -0.7040 -0.0327 -2.0149
v -0.7040 -0.0327 -2.0149
v -0.7040 -0.0327 -2.0149
v -0.7040 0.0627 -1.8169
v -0.7040 0.0627 -1.8169
v -0.7040 0.0627 -1.8169
v -0.7040 0.0627 -1.8169
v -0.7040 0.2345 -1.6799
v -0.7040 0.2345 -1.6799
v -0.7040 0.2345 -1.6799
v -0.7040 0.2345 -1.6799
v -0.7040 0.4488 -1.6310
v -0.7040 0.4488 -1.6310
v -0.7040 0.4488 -1.6310
v -0.7040 0.4488 -1.6310
v -0.7040 0.6631 -1.6799
v -0.7040 0.6631 -1.6799
v -0.7040 0.6631 -1.6799
v -0.7040 0.6631 -1.6799
v -0.7040 0.8349 -1.8169
v -0.7040 0.8349 -1.8169
v -0.7040 0.8349 -1.8169
v -0.7040 0.8349 -1.8169
v -0.7040 0.9303 -2.0149
v -0.7040 0.9303 -2.0149
v -0.7040 0.9303 -2.0149
v -0.7040 0.9303 -2.2347
v -0.7040 0.9303 -2.2347
v -0.7040 0.9303 -2.2347
v -0.7040 0.8349 -2.4327
v -0.7040 0.8349 -2.4327
v -0.7040 0.8349 -2.4327
v -0.7040 0.8349 -2.4327
v -0.7040 0.6631 -2.5698
v -0.7040 0.6631 -2.5698
v -0.7040 0.6631 -2.5698
v -0.7040 0.6631 -2.5698
v -0.7040 0.2920 -2.4504
v -0.7040 0.2920 -2.4504
v -0.7040 0.2920 -2.4504
v -0.7040 0.2920 -2.4504
v -0.7040 0.4488 -2.4862
v -0.7040 0.4488 -2.4862
v -0.7040 0.4488 -2.4862
v -0.7040 0.4488 -2.4862
v -0.7040 0.1663 -2.3501
v -0.7040 0.1663 -2.3501
v -0.7040 0.1663 -2.3501
v -0.7040 0.1663 -2.3501
v -0.7040 0.0965 -2.2052
v -0.7040 0.0965 -2.2052
v -0.7040 0.0965 -2.2052
v -0.7040 0.0965 -2.0444
v -0.7040 0.0965 -2.0444
v -0.7040 0.0965 -2.0444
v -0.7040 0.1663 -1.8996
v -0.7040 0.1663 -1.8996
v -0.7040 0.1663 -1.8996
v -0.7040 0.1663 -1.8996
v -0.7040 0.2920 -1.7993
v -0.7040 0.2920 -1.7993
v -0.7040 0.2920 -1.7993
v -0.7040 0.2920 -1.7993
v -0.7040 0.4488 -1.7635
v -0.7040 0.4488 -1.7635
v -0.7040 0.4488 -1.7635
v -0.7040 0.4488 -1.7635
v -0.7040 0.6056 -1.7993
v -0.7040 0.6056 -1.7993
v -0.7040 0.6056 -1.7993
v -0.7040 0.6056 -1.7993
v -0.7040 0.7313 -1.8996
v -0.7040 0.7313 -1.8996
v -0.7040 0.7313 -1.8996
v -0.7040 0.7313 -1.8996
v -0.7040 0.8011 -2.0444
v -0.7040 0.8011 -2.0444
v -0.7040 0.8011 -2.0444
v -0.7040 0.8011 -2.2052
v -0.7040 0.8011 -2.2052
v -0.7040 0.8011 -2.2052
v -0.7040 0.7313 -2.3501
v -0.7040 0.7313 -2.3501
v -0.7040 0.7313 -2.3501
v -0.7040 0.7313 -2.3501
v -0.7040 0.6056 -2.4504
v -0.7040 0.6056 -2.4504
v -0.7040 0.6056 -2.4504
v -0.7040 0.6056 -2.4504
v -0.5310 0.3873 -2.2525
v -0.5310 0.3873 -2.2525
v -0.5310 0.3873 -2.2525
v -0.5310 0.3873 -2.2525
v -0.5310 0.4488 -2.2666
v -0.5310 0.4488 -2.2666
v -0.5310 0.4488 -2.2666
v -0.5310 0.4488 -2.2666
v -0.5310 0.3380 -2.2132
v -0.5310 0.3380 -2.2132
v -0.5310 0.3380 -2.2132
v -0.5310 0.3380 -2.2132
v -0.5310 0.3106 -2.1564
v -0.5310 0.3106 -2.1564
v -0.5310 0.3106 -2.1564
v -0.5310 0.3106 -2.1564
v -0.5310 0.3106 -2.0933
v -0.5310 0.3106 -2.0933
v -0.5310 0.3106 -2.0933
v -0.5310 0.3106 -2.0933
v -0.5310 0.3380 -2.0365
v -0.5310 0.3380 -2.0365
v -0.5310 0.3380 -2.0365
v -0.5310 0.3380 -2.0365
v -0.5310 0.3873 -1.9971
v -0.5310 0.3873 -1.9971
v -0.5310 0.3873 -1.9971
v -0.5310 0.3873 -1.9971
v -0.5310 0.4488 -1.9831
v -0.5310 0.4488 -1.9831
v -0.5310 0.4488 -1.9831
v -0.5310 0.4488 -1.9831
v -0.5310 0.5103 -1.9971
v -0.5310 0.5103 -1.9971
v -0.5310 0.5103 -1.9971
v -0.5310 0.5103 -1.9971
v -0.5310 0.5596 -2.0365
v -0.5310 0.5596 -2.0365
v -0.5310 0.5596 -2.0365
v -0.5310 0.5596 -2.0365
v -0.5310 0.5870 -2.0933
v -0.5310 0.5870 -2.0933
v -0.5310 0.5870 -2.0933
v -0.5310 0.5870 -2.0933
v -0.5310 0.5870 -2.1564
v -0.5310 0.5870 -2.1564
v -0.5310 0.5870 -2.1564
v -0.5310 0.5870 -2.1564
v -0.5310 0.5596 -2.2132
v -0.5310 0.5596 -2.2132
v -0.5310 0.5596 -2.2132
v -0.5310 0.5596 -2.2132
v -0.5310 0.5103 -2.2525
v -0.5310 0.5103 -2.2525
v -0.5310 0.5103 -2.2525
v -0.5310 0.5103 -2.2525
v -0.5310 0.3067 -2.4199
v -0.5310 0.3067 -2.4199
v -0.5310 0.3067 -2.4199
v -0.5310 0.3067 -2.4199
v -0.5310 0.4488 -2.4524
v -0.5310 0.4488 -2.4524
v -0.5310 0.4488 -2.4524
v -0.5310 0.4488 -2.4524
v -0.5310 0.1927 -2.3291
v -0.5310 0.1927 -2.3291
v -0.5310 0.1927 -2.3291
v -0.5310 0.1927 -2.3291
v -0.5310 0.1295 -2.1977
v -0.5310 0.1295 -2.1977
v -0.5310 0.1295 -2.1977
v -0.5310 0.1295 -2.1977
v -0.5310 0.1295 -2.0520
v -0.5310 0.1295 -2.0520
v -0.5310 0.1295 -2.0520
v -0.5310 0.1295 -2.0520
v -0.5310 0.1927 -1.9206
v -0.5310 0.1927 -1.9206
v -0.5310 0.1927 -1.9206
v -0.5310 0.1927 -1.9206
v -0.5310 0.3067 -1.8297
v -0.5310 0.3067 -1.8297
v -0.5310 0.3067 -1.8297
v -0.5310 0.3067 -1.8297
v -0.5310 0.4488 -1.7973
v -0.5310 0.4488 -1.7973
v -0.5310 0.4488 -1.7973
v -0.5310 0.4488 -1.7973
v -0.5310 0.5909 -1.8297
v -0.5310 0.5909 -1.8297
v -0.5310 0.5909 -1.8297
v -0.5310 0.5909 -1.8297
v -0.5310 0.7049 -1.9206
v -0.5310 0.7049 -1.9206
v -0.5310 0.7049 -1.9206
v -0.5310 0.7049 -1.9206
v -0.5310 0.7681 -2.0520
v -0.5310 0.7681 -2.0520
v -0.5310 0.7681 -2.0520
v -0.5310 0.7681 -2.0520
v -0.5310 0.7681 -2.1977
v -0.5310 0.7681 -2.1977
v -0.5310 0.7681 -2.1977
v -0.5310 0.7681 -2.1977
v -0.5310 0.7049 -2.3291
v -0.5310 0.7049 -2.3291
v -0.5310 0.7049 -2.3291
v -0.5310 0.7049 -2.3291
v -0.5310 0.5909 -2.4199
v -0.5310 0.5909 -2.4199
v -0.5310 0.5909 -2.4199
v -0.5310 0.5909 -2.4199
v -0.6858 0.3873 -2.2525
v -0.6858 0.3873 -2.2525
v -0.6858 0.3873 -2.2525
v -0.6858 0.4488 -2.2666
v -0.6858 0.4488 -2.2666
v -0.6858 0.4488 -2.2666
v -0.6858 0.3380 -2.2132
v -0.6858 0.3380 -2.2132
v -0.6858 0.3380 -2.2132
v -0.6858 0.3106 -2.1564
v -0.6858 0.3106 -2.1564
v -0.6858 0.3106 -2.1564
v -0.6858 0.3106 -2.0933
v -0.6858 0.3106 -2.0933
v -0.6858 0.3106 -2.0933
v -0.6858 0.3380 -2.0365
v -0.6858 0.3380 -2.0365
v -0.6858 0.3380 -2.0365
v -0.6858 0.3873 -1.9971
v -0.6858 0.3873 -1.9971
v -0.6858 0.3873 -1.9971
v -0.6858 0.4488 -1.9831
v -0.6858 0.4488 -1.9831
v -0.6858 0.4488 -1.9831
v -0.6858 0.5103 -1.9971
v -0.6858 0.5103 -1.9971
v -0.6858 0.5103 -1.9971
v -0.6858 0.5596 -2.0365
v -0.6858 0.5596 -2.0365
v -0.6858 0.5596 -2.0365
v -0.6858 0.5870 -2.0933
v -0.6858 0.5870 -2.0933
v -0.6858 0.5870 -2.0933
v -0.6858 0.5870 -2.1564
v -0.6858 0.5870 -2.1564
v -0.6858 0.5870 -2.1564
v -0.6858 0.5596 -2.2132
v -0.6858 0.5596 -2.2132
v -0.6858 0.5596 -2.2132
v -0.6858 0.5103 -2.2525
v -0.6858 0.5103 -2.2525
v -0.6858 0.5103 -2.2525
v -0.4388 0.4488 -2.2727
v -0.4388 0.4488 -2.2727
v -0.4388 0.4488 -2.2727
v -0.4388 0.4488 -2.2727
v -0.4388 0.3847 -2.2580
v -0.4388 0.3847 -2.2580
v -0.4388 0.3847 -2.2580
v -0.4388 0.3847 -2.2580
v -0.4388 0.3332 -2.2170
v -0.4388 0.3332 -2.2170
v -0.4388 0.3332 -2.2170
v -0.4388 0.3332 -2.2170
v -0.4388 0.3047 -2.1577
v -0.4388 0.3047 -2.1577
v -0.4388 0.3047 -2.1577
v -0.4388 0.3047 -2.1577
v -0.4388 0.3047 -2.0919
v -0.4388 0.3047 -2.0919
v -0.4388 0.3047 -2.0919
v -0.4388 0.3047 -2.0919
v -0.4388 0.3332 -2.0327
v -0.4388 0.3332 -2.0327
v -0.4388 0.3332 -2.0327
v -0.4388 0.3332 -2.0327
v -0.4388 0.3847 -1.9917
v -0.4388 0.3847 -1.9917
v -0.4388 0.3847 -1.9917
v -0.4388 0.3847 -1.9917
v -0.4388 0.4488 -1.9770
v -0.4388 0.4488 -1.9770
v -0.4388 0.4488 -1.9770
v -0.4388 0.4488 -1.9770
v -0.4388 0.5129 -1.9917
v -0.4388 0.5129 -1.9917
v -0.4388 0.5129 -1.9917
v -0.4388 0.5129 -1.9917
v -0.4388 0.5644 -2.0327
v -0.4388 0.5644 -2.0327
v -0.4388 0.5644 -2.0327
v -0.4388 0.5644 -2.0327
v -0.4388 0.5929 -2.0919
v -0.4388 0.5929 -2.0919
v -0.4388 0.5929 -2.0919
v -0.4388 0.5929 -2.0919
v -0.4388 0.5929 -2.1577
v -0.4388 0.5929 -2.1577
v -0.4388 0.5929 -2.1577
v -0.4388 0.5929 -2.1577
v -0.4388 0.5644 -2.2170
v -0.4388 0.5644 -2.2170
v -0.4388 0.5644 -2.2170
v -0.4388 0.5644 -2.2170
v -0.4388 0.5129 -2.2580
v -0.4388 0.5129 -2.2580
v -0.4388 0.5129 -2.2580
v -0.4388 0.5129 -2.2580
v 0.0000 0.4488 -2.2727
v 0.0000 0.4488 -2.2727
v 0.0000 0.4488 -2.2727
v 0.0000 0.4488 -2.2727
v 0.0000 0.4488 -2.2727
v 0.0000 0.3847 -2.2580
v 0.0000 0.3847 -2.2580
v 0.0000 0.3847 -2.2580
v 0.0000 0.3847 -2.2580
v 0.0000 0.3847 -2.2580
v 0.0000 0.3332 -2.2170
v 0.0000 0.3332 -2.2170
v 0.0000 0.3332 -2.2170
v 0.0000 0.3332 -2.2170
v 0.0000 0.3332 -2.2170
v 0.0000 0.3047 -2.1577
v 0.0000 0.3047 -2.1577
v 0.0000 0.3047 -2.1577
v 0.0000 0.3047 -2.1577
v 0.0000 0.3047 -2.1577
v 0.0000 0.3047 -2.0919
v 0.0000 0.3047 -2.0919
v 0.0000 0.3047 -2.0919
v 0.0000 0.3047 -2.0919
v 0.0000 0.3047 -2.0919
v 0.0000 0.3332 -2.0327
v 0.0000 0.3332 -2.0327
v 0.0000 0.3332 -2.0327
v 0.0000 0.3332 -2.0327
v 0.0000 0.3332 -2.0327
v 0.0000 0.3847 -1.9917
v 0.0000 0.3847 -1.9917
v 0.0000 0.3847 -1.9917
v 0.0000 0.3847 -1.9917
v 0.0000 0.3847 -1.9917
v 0.0000 0.4488 -1.9770
v 0.0000 0.4488 -1.9770
v 0.0000 0.4488 -1.9770
v 0.0000 0.4488 -1.9770
v 0.0000 0.4488 -1.9770
v 0.0000 0.5129 -1.9917
v 0.0000 0.5129 -1.9917
v 0.0000 0.5129 -1.9917
v 0.0000 0.5129 -1.9917
v 0.0000 0.5129 -1.9917
v 0.0000 0.5644 -2.0327
v 0.0000 0.5644 -2.0327
v 0.0000 0.5644 -2.0327
v 0.0000 0.5644 -2.0327
v 0.0000 0.5644 -2.0327
v 0.0000 0.5929 -2.0919
v 0.0000 0.5929 -2.0919
v 0.0000 0.5929 -2.0919
v 0.0000 0.5929 -2.0919
v 0.0000 0.5929 -2.0919
v 0.0000 0.5929 -2.1577
v 0.0000 0.5929 -2.1577
v 0.0000 0.5929 -2.1577
v 0.0000 0.5929 -2.1577
v 0.0000 0.5929 -2.1577
v 0.0000 0.5644 -2.2170
v 0.0000 0.5644 -2.2170
v 0.0000 0.5644 -2.2170
v 0.0000 0.5644 -2.2170
v 0.0000 0.5644 -2.2170
v 0.0000 0.5129 -2.2580
v 0.0000 0.5129 -2.2580
v 0.0000 0.5129 -2.2580
v 0.0000 0.5129 -2.2580
v 0.0000 0.5129 -2.2580
v 0.9575 0.3067 -2.4199
v 0.9575 0.3067 -2.4199
v 0.9575 0.4488 -2.4524
v 0.9575 0.4488 -2.4524
v 0.9575 0.1927 -2.3291
v 0.9575 0.1927 -2.3291
v 0.9575 0.1295 -2.1977
v 0.9575 0.1295 -2.1977
v 0.9575 0.1295 -2.0520
v 0.9575 0.1295 -2.0520
v 0.9575 0.1927 -1.9206
v 0.9575 0.1927 -1.9206
v 0.9575 0.3067 -1.8297
v 0.9575 0.3067 -1.8297
v 0.9575 0.4488 -1.7973
v 0.9575 0.4488 -1.7973
v 0.9575 0.5909 -1.8297
v 0.9575 0.5909 -1.8297
v 0.9575 0.7049 -1.9206
v 0.9575 0.7049 -1.9206
v 0.9575 0.7681 -2.0520
v 0.9575 0.7681 -2.0520
v 0.9575 0.7681 -2.1977
v 0.9575 0.7681 -2.1977
v 0.9575 0.7049 -2.3291
v 0.9575 0.7049 -2.3291
v 0.9575 0.5909 -2.4199
v 0.9575 0.5909 -2.4199
v 0.8052 0.3873 -2.2525
v 0.8052 0.4488 -2.2666
v 0.8052 0.3380 -2.2132
v 0.8052 0.3380 -2.2132
v 0.8052 0.3106 -2.1564
v 0.8052 0.3106 -2.1564
v 0.8052 0.3106 -2.0933
v 0.8052 0.3106 -2.0933
v 0.8052 0.3380 -2.0365
v 0.8052 0.3380 -2.0365
v 0.8052 0.3873 -1.9971
v 0.8052 0.3873 -1.9971
v 0.8052 0.4488 -1.9831
v 0.8052 0.4488 -1.9831
v 0.8052 0.5103 -1.9971
v 0.8052 0.5103 -1.9971
v 0.8052 0.5596 -2.0365
v 0.8052 0.5596 -2.0365
v 0.8052 0.5870 -2.0933
v 0.8052 0.5870 -2.0933
v 0.8052 0.5870 -2.1564
v 0.8052 0.5870 -2.1564
v 0.8052 0.5596 -2.2132
v 0.8052 0.5596 -2.2132
v 0.8052 0.5103 -2.2525
v 0.8052 0.3067 -2.4199
v 0.8052 0.3067 -2.4199
v 0.8052 0.3067 -2.4199
v 0.8052 0.4488 -2.4524
v 0.8052 0.4488 -2.4524
v 0.8052 0.4488 -2.4524
v 0.8052 0.1927 -2.3291
v 0.8052 0.1927 -2.3291
v 0.8052 0.1927 -2.3291
v 0.8052 0.1927 -2.3291
v 0.8052 0.1295 -2.1977
v 0.8052 0.1295 -2.1977
v 0.8052 0.1295 -2.1977
v 0.8052 0.1295 -2.1977
v 0.8052 0.1295 -2.0520
v 0.8052 0.1295 -2.0520
v 0.8052 0.1295 -2.0520
v 0.8052 0.1295 -2.0520
v 0.8052 0.1927 -1.9206
v 0.8052 0.1927 -1.9206
v 0.8052 0.1927 -1.9206
v 0.8052 0.1927 -1.9206
v 0.8052 0.3067 -1.8297
v 0.8052 0.3067 -1.8297
v 0.8052 0.3067 -1.8297
v 0.8052 0.3067 -1.8297
v 0.8052 0.4488 -1.7973
v 0.8052 0.4488 -1.7973
v 0.8052 0.4488 -1.7973
v 0.8052 0.4488 -1.7973
v 0.8052 0.5909 -1.8297
v 0.8052 0.5909 -1.8297
v 0.8052 0.5909 -1.8297
v 0.8052 0.5909 -1.8297
v 0.8052 0.7049 -1.9206
v 0.8052 0.7049 -1.9206
v 0.8052 0.7049 -1.9206
v 0.8052 0.7049 -1.9206
v 0.8052 0.7681 -2.0520
v 0.8052 0.7681 -2.0520
v 0.8052 0.7681 -2.0520
v 0.8052 0.7681 -2.0520
v 0.8052 0.7681 -2.1977
v 0.8052 0.7681 -2.1977
v 0.8052 0.7681 -2.1977
v 0.8052 0.7681 -2.1977
v 0.8052 0.7049 -2.3291
v 0.8052 0.7049 -2.3291
v 0.8052 0.7049 -2.3291
v 0.8052 0.7049 -2.3291
v 0.8052 0.5909 -2.4199
v 0.8052 0.5909 -2.4199
v 0.8052 0.5909 -2.4199
v -0.9575 0.3067 -2.4199
v -0.9575 0.3067 -2.4199
v -0.9575 0.4488 -2.4524
v -0.9575 0.4488 -2.4524
v -0.9575 0.1927 -2.3291
v -0.9575 0.1927 -2.3291
v -0.9575 0.1295 -2.1977
v -0.9575 0.1295 -2.1977
v -0.9575 0.1295 -2.0520
v -0.9575 0.1295 -2.0520
v -0.9575 0.1927 -1.9206
v -0.9575 0.1927 -1.9206
v -0.9575 0.3067 -1.8297
v -0.9575 0.3067 -1.8297
v -0.9575 0.4488 -1.7973
v -0.9575 0.4488 -1.7973
v -0.9575 0.5909 -1.8297
v -0.9575 0.5909 -1.8297
v -0.9575 0.7049 -1.9206
v -0.9575 0.7049 -1.9206
v -0.9575 0.7681 -2.0520
v -0.9575 0.7681 -2.0520
v -0.9575 0.7681 -2.1977
v -0.9575 0.7681 -2.1977
v -0.9575 0.7049 -2.3291
v -0.9575 0.7049 -2.3291
v -0.9575 0.5909 -2.4199
v -0.9575 0.5909 -2.4199
v -0.8052 0.3873 -2.2525
v -0.8052 0.4488 -2.2666
v -0.8052 0.4488 -2.2666
v -0.8052 0.3380 -2.2132
v -0.8052 0.3380 -2.2132
v -0.8052 0.3106 -2.1564
v -0.8052 0.3106 -2.1564
v -0.8052 0.3106 -2.0933
v -0.8052 0.3106 -2.0933
v -0.8052 0.3380 -2.0365
v -0.8052 0.3380 -2.0365
v -0.8052 0.3873 -1.9971
v -0.8052 0.3873 -1.9971
v -0.8052 0.4488 -1.9831
v -0.8052 0.4488 -1.9831
v -0.8052 0.5103 -1.9971
v -0.8052 0.5596 -2.0365
v -0.8052 0.5596 -2.0365
v -0.8052 0.5870 -2.0933
v -0.8052 0.5870 -2.0933
v -0.8052 0.5870 -2.1564
v -0.8052 0.5870 -2.1564
v -0.8052 0.5596 -2.2132
v -0.8052 0.5596 -2.2132
v -0.8052 0.5103 -2.2525
v -0.8052 0.5103 -2.2525
v -0.8052 0.3067 -2.4199
v -0.8052 0.3067 -2.4199
v -0.8052 0.3067 -2.4199
v -0.8052 0.4488 -2.4524
v -0.8052 0.4488 -2.4524
v -0.8052 0.4488 -2.4524
v -0.8052 0.4488 -2.4524
v -0.8052 0.1927 -2.3291
v -0.8052 0.1927 -2.3291
v -0.8052 0.1927 -2.3291
v -0.8052 0.1927 -2.3291
v -0.8052 0.1295 -2.1977
v -0.8052 0.1295 -2.1977
v -0.8052 0.1295 -2.1977
v -0.8052 0.1295 -2.1977
v -0.8052 0.1295 -2.0520
v -0.8052 0.1295 -2.0520
v -0.8052 0.1295 -2.0520
v -0.8052 0.1295 -2.0520
v -0.8052 0.1927 -1.9206
v -0.8052 0.1927 -1.9206
v -0.8052 0.1927 -1.9206
v -0.8052 0.1927 -1.9206
v -0.8052 0.3067 -1.8297
v -0.8052 0.3067 -1.8297
v -0.8052 0.3067 -1.8297
v -0.8052 0.3067 -1.8297
v -0.8052 0.4488 -1.7973
v -0.8052 0.4488 -1.7973
v -0.8052 0.4488 -1.7973
v -0.8052 0.4488 -1.7973
v -0.8052 0.5909 -1.8297
v -0.8052 0.5909 -1.8297
v -0.8052 0.5909 -1.8297
v -0.8052 0.7049 -1.9206
v -0.8052 0.7049 -1.9206
v -0.8052 0.7049 -1.9206
v -0.8052 0.7049 -1.9206
v -0.8052 0.7681 -2.0520
v -0.8052 0.7681 -2.0520
v -0.8052 0.7681 -2.0520
v -0.8052 0.7681 -2.0520
v -0.8052 0.7681 -2.1977
v -0.8052 0.7681 -2.1977
v -0.8052 0.7681 -2.1977
v -0.8052 0.7681 -2.1977
v -0.8052 0.7049 -2.3291
v -0.8052 0.7049 -2.3291
v -0.8052 0.7049 -2.3291
v -0.8052 0.7049 -2.3291
v -0.8052 0.5909 -2.4199
v -0.8052 0.5909 -2.4199
v -0.8052 0.5909 -2.4199
v -0.8052 0.5909 -2.4199
v 0.0000 0.9748 -2.1220
v 0.0000 0.9748 -2.1220
v 0.0000 0.9748 -2.1220
v 0.0000 0.9748 -2.1220
v 0.0000 1.0807 -2.1220
v 0.0000 1.0807 -2.1220
v 0.0000 1.0807 -2.1220
v 0.0066 0.9748 -2.1213
v 0.0066 0.9748 -2.1213
v 0.0066 0.9748 -2.1213
v 0.0066 0.9748 -2.1213
v 0.0066 1.0807 -2.1213
v 0.0066 1.0807 -2.1213
v 0.0066 1.0807 -2.1213
v 0.0129 0.9748 -2.1194
v 0.0129 0.9748 -2.1194
v 0.0129 0.9748 -2.1194
v 0.0129 0.9748 -2.1194
v 0.0129 1.0807 -2.1194
v 0.0129 1.0807 -2.1194
v 0.0129 1.0807 -2.1194
v 0.0187 0.9748 -2.1163
v 0.0187 0.9748 -2.1163
v 0.0187 0.9748 -2.1163
v 0.0187 0.9748 -2.1163
v 0.0187 1.0807 -2.1163
v 0.0187 1.0807 -2.1163
v 0.0187 1.0807 -2.1163
v 0.0238 0.9748 -2.1121
v 0.0238 0.9748 -2.1121
v 0.0238 0.9748 -2.1121
v 0.0238 0.9748 -2.1121
v 0.0238 1.0807 -2.1121
v 0.0238 1.0807 -2.1121
v 0.0238 1.0807 -2.1121
v 0.0280 0.9748 -2.1070
v 0.0280 0.9748 -2.1070
v 0.0280 0.9748 -2.1070
v 0.0280 0.9748 -2.1070
v 0.0280 1.0807 -2.1070
v 0.0280 1.0807 -2.1070
v 0.0280 1.0807 -2.1070
v 0.0312 0.9748 -2.1012
v 0.0312 0.9748 -2.1012
v 0.0312 0.9748 -2.1012
v 0.0312 0.9748 -2.1012
v 0.0312 1.0807 -2.1012
v 0.0312 1.0807 -2.1012
v 0.0312 1.0807 -2.1012
v 0.0331 0.9748 -2.0948
v 0.0331 0.9748 -2.0948
v 0.0331 0.9748 -2.0948
v 0.0331 0.9748 -2.0948
v 0.0331 1.0807 -2.0948
v 0.0331 1.0807 -2.0948
v 0.0331 1.0807 -2.0948
v 0.0337 0.9748 -2.0882
v 0.0337 0.9748 -2.0882
v 0.0337 0.9748 -2.0882
v 0.0337 0.9748 -2.0882
v 0.0337 1.0807 -2.0882
v 0.0337 1.0807 -2.0882
v 0.0337 1.0807 -2.0882
v 0.0331 0.9748 -2.0817
v 0.0331 0.9748 -2.0817
v 0.0331 0.9748 -2.0817
v 0.0331 0.9748 -2.0817
v 0.0331 1.0807 -2.0817
v 0.0331 1.0807 -2.0817
v 0.0331 1.0807 -2.0817
v 0.0312 0.9748 -2.0753
v 0.0312 0.9748 -2.0753
v 0.0312 0.9748 -2.0753
v 0.0312 0.9748 -2.0753
v 0.0312 1.0807 -2.0753
v 0.0312 1.0807 -2.0753
v 0.0312 1.0807 -2.0753
v 0.0280 0.9748 -2.0695
v 0.0280 0.9748 -2.0695
v 0.0280 0.9748 -2.0695
v 0.0280 1.0807 -2.0695
v 0.0280 1.0807 -2.0695
v 0.0280 1.0807 -2.0695
v 0.0238 0.9748 -2.0644
v 0.0238 0.9748 -2.0644
v 0.0238 0.9748 -2.0644
v 0.0238 0.9748 -2.0644
v 0.0238 1.0807 -2.0644
v 0.0238 1.0807 -2.0644
v 0.0238 1.0807 -2.0644
v 0.0187 0.9748 -2.0602
v 0.0187 0.9748 -2.0602
v 0.0187 0.9748 -2.0602
v 0.0187 0.9748 -2.0602
v 0.0187 1.0807 -2.0602
v 0.0187 1.0807 -2.0602
v 0.0187 1.0807 -2.0602
v 0.0129 0.9748 -2.0571
v 0.0129 0.9748 -2.0571
v 0.0129 0.9748 -2.0571
v 0.0129 0.9748 -2.0571
v 0.0129 1.0807 -2.0571
v 0.0129 1.0807 -2.0571
v 0.0129 1.0807 -2.0571
v 0.0066 0.9748 -2.0552
v 0.0066 0.9748 -2.0552
v 0.0066 0.9748 -2.0552
v 0.0066 0.9748 -2.0552
v 0.0066 1.0807 -2.0552
v 0.0066 1.0807 -2.0552
v 0.0066 1.0807 -2.0552
v -0.0000 0.9748 -2.0545
v -0.0000 0.9748 -2.0545
v -0.0000 0.9748 -2.0545
v -0.0000 0.9748 -2.0545
v -0.0000 1.0807 -2.0545
v -0.0000 1.0807 -2.0545
v -0.0000 1.0807 -2.0545
v -0.0066 0.9748 -2.0552
v -0.0066 0.9748 -2.0552
v -0.0066 0.9748 -2.0552
v -0.0066 0.9748 -2.0552
v -0.0066 1.0807 -2.0552
v -0.0066 1.0807 -2.0552
v -0.0066 1.0807 -2.0552
v -0.0129 0.9748 -2.0571
v -0.0129 0.9748 -2.0571
v -0.0129 0.9748 -2.0571
v -0.0129 0.9748 -2.0571
v -0.0129 1.0807 -2.0571
v -0.0129 1.0807 -2.0571
v -0.0129 1.0807 -2.0571
v -0.0187 0.9748 -2.0602
v -0.0187 0.9748 -2.0602
v -0.0187 0.9748 -2.0602
v -0.0187 0.9748 -2.0602
v -0.0187 1.0807 -2.0602
v -0.0187 1.0807 -2.0602
v -0.0187 1.0807 -2.0602
v -0.0238 0.9748 -2.0644
v -0.0238 0.9748 -2.0644
v -0.0238 0.9748 -2.0644
v -0.0238 0.9748 -2.0644
v -0.0238 1.0807 -2.0644
v -0.0238 1.0807 -2.0644
v -0.0238 1.0807 -2.0644
v -0.0280 0.9748 -2.0695
v -0.0280 0.9748 -2.0695
v -0.0280 0.9748 -2.0695
v -0.0280 0.9748 -2.0695
v -0.0280 1.0807 -2.0695
v -0.0280 1.0807 -2.0695
v -0.0280 1.0807 -2.0695
v -0.0312 0.9748 -2.0753
v -0.0312 0.9748 -2.0753
v -0.0312 0.9748 -2.0753
v -0.0312 0.9748 -2.0753
v -0.0312 1.0807 -2.0753
v -0.0312 1.0807 -2.0753
v -0.0312 1.0807 -2.0753
v -0.0331 0.9748 -2.0817
v -0.0331 0.9748 -2.0817
v -0.0331 0.9748 -2.0817
v -0.0331 0.9748 -2.0817
v -0.0331 1.0807 -2.0817
v -0.0331 1.0807 -2.0817
v -0.0331 1.0807 -2.0817
v -0.0337 0.9748 -2.0882
v -0.0337 0.9748 -2.0882
v -0.0337 0.9748 -2.0882
v -0.0337 1.0807 -2.0882
v -0.0337 1.0807 -2.0882
v -0.0337 1.0807 -2.0882
v -0.0331 0.9748 -2.0948
v -0.0331 0.9748 -2.0948
v -0.0331 0.9748 -2.0948
v -0.0331 1.0807 -2.0948
v -0.0331 1.0807 -2.0948
v -0.0331 1.0807 -2.0948
v -0.0312 0.9748 -2.1012
v -0.0312 0.9748 -2.1012
v -0.0312 0.9748 -2.1012
v -0.0312 1.0807 -2.1012
v -0.0312 1.0807 -2.1012
v -0.0312 1.0807 -2.1012
v -0.0280 0.9748 -2.1070
v -0.0280 0.9748 -2.1070
v -0.0280 0.9748 -2.1070
v -0.0280 1.0807 -2.1070
v -0.0280 1.0807 -2.1070
v -0.0280 1.0807 -2.1070
v -0.0238 0.9748 -2.1121
v -0.0238 0.9748 -2.1121
v -0.0238 0.9748 -2.1121
v -0.0238 0.9748 -2.1121
v -0.0238 1.0807 -2.1121
v -0.0238 1.0807 -2.1121
v -0.0238 1.0807 -2.1121
v -0.0187 0.9748 -2.1163
v -0.0187 0.9748 -2.1163
v -0.0187 0.9748 -2.1163
v -0.0187 0.9748 -2.1163
v -0.0187 1.0807 -2.1163
v -0.0187 1.0807 -2.1163
v -0.0187 1.0807 -2.1163
v -0.0129 0.9748 -2.1194
v -0.0129 0.9748 -2.1194
v -0.0129 0.9748 -2.1194
v -0.0129 0.9748 -2.1194
v -0.0129 1.0807 -2.1194
v -0.0129 1.0807 -2.1194
v -0.0129 1.0807 -2.1194
v -0.0066 0.9748 -2.1213
v -0.0066 0.9748 -2.1213
v -0.0066 0.9748 -2.1213
v -0.0066 0.9748 -2.1213
v -0.0066 1.0807 -2.1213
v -0.0066 1.0807 -2.1213
v -0.0066 1.0807 -2.1213
v -0.0000 0.9748 -2.1306
v -0.0000 0.9748 -2.1306
v -0.0000 0.9748 -2.1306
v -0.0000 0.9748 -2.1306
v 0.0083 0.9748 -2.1298
v 0.0083 0.9748 -2.1298
v 0.0083 0.9748 -2.1298
v 0.0083 0.9748 -2.1298
v 0.0162 0.9748 -2.1274
v 0.0162 0.9748 -2.1274
v 0.0162 0.9748 -2.1274
v 0.0162 0.9748 -2.1274
v 0.0235 0.9748 -2.1235
v 0.0235 0.9748 -2.1235
v 0.0235 0.9748 -2.1235
v 0.0235 0.9748 -2.1235
v 0.0300 0.9748 -2.1182
v 0.0300 0.9748 -2.1182
v 0.0300 0.9748 -2.1182
v 0.0300 0.9748 -2.1182
v 0.0352 0.9748 -2.1118
v 0.0352 0.9748 -2.1118
v 0.0352 0.9748 -2.1118
v 0.0352 0.9748 -2.1118
v 0.0391 0.9748 -2.1045
v 0.0391 0.9748 -2.1045
v 0.0391 0.9748 -2.1045
v 0.0391 0.9748 -2.1045
v 0.0416 0.9748 -2.0965
v 0.0416 0.9748 -2.0965
v 0.0416 0.9748 -2.0965
v 0.0416 0.9748 -2.0965
v 0.0424 0.9748 -2.0882
v 0.0424 0.9748 -2.0882
v 0.0424 0.9748 -2.0882
v 0.0424 0.9748 -2.0882
v 0.0416 0.9748 -2.0800
v 0.0416 0.9748 -2.0800
v 0.0416 0.9748 -2.0800
v 0.0416 0.9748 -2.0800
v 0.0391 0.9748 -2.0720
v 0.0391 0.9748 -2.0720
v 0.0391 0.9748 -2.0720
v 0.0391 0.9748 -2.0720
v 0.0352 0.9748 -2.0647
v 0.0352 0.9748 -2.0647
v 0.0352 0.9748 -2.0647
v 0.0300 0.9748 -2.0583
v 0.0300 0.9748 -2.0583
v 0.0300 0.9748 -2.0583
v 0.0300 0.9748 -2.0583
v 0.0235 0.9748 -2.0530
v 0.0235 0.9748 -2.0530
v 0.0235 0.9748 -2.0530
v 0.0235 0.9748 -2.0530
v 0.0162 0.9748 -2.0491
v 0.0162 0.9748 -2.0491
v 0.0162 0.9748 -2.0491
v 0.0162 0.9748 -2.0491
v 0.0083 0.9748 -2.0467
v 0.0083 0.9748 -2.0467
v 0.0083 0.9748 -2.0467
v 0.0083 0.9748 -2.0467
v -0.0000 0.9748 -2.0459
v -0.0000 0.9748 -2.0459
v -0.0000 0.9748 -2.0459
v -0.0000 0.9748 -2.0459
v -0.0083 0.9748 -2.0467
v -0.0083 0.9748 -2.0467
v -0.0083 0.9748 -2.0467
v -0.0083 0.9748 -2.0467
v -0.0162 0.9748 -2.0491
v -0.0162 0.9748 -2.0491
v -0.0162 0.9748 -2.0491
v -0.0162 0.9748 -2.0491
v -0.0235 0.9748 -2.0530
v -0.0235 0.9748 -2.0530
v -0.0235 0.9748 -2.0530
v -0.0235 0.9748 -2.0530
v -0.0300 0.9748 -2.0583
v -0.0300 0.9748 -2.0583
v -0.0300 0.9748 -2.0583
v -0.0300 0.9748 -2.0583
v -0.0352 0.9748 -2.0647
v -0.0352 0.9748 -2.0647
v -0.0352 0.9748 -2.0647
v -0.0352 0.9748 -2.0647
v -0.0391 0.9748 -2.0720
v -0.0391 0.9748 -2.0720
v -0.0391 0.9748 -2.0720
v -0.0391 0.9748 -2.0720
v -0.0416 0.9748 -2.0800
v -0.0416 0.9748 -2.0800
v -0.0416 0.9748 -2.0800
v -0.0416 0.9748 -2.0800
v -0.0424 0.9748 -2.0882
v -0.0424 0.9748 -2.0882
v -0.0424 0.9748 -2.0882
v -0.0416 0.9748 -2.0965
v -0.0416 0.9748 -2.0965
v -0.0416 0.9748 -2.0965
v -0.0391 0.9748 -2.1045
v -0.0391 0.9748 -2.1045
v -0.0391 0.9748 -2.1045
v -0.0352 0.9748 -2.1118
v -0.0352 0.9748 -2.1118
v -0.0352 0.9748 -2.1118
v -0.0300 0.9748 -2.1182
v -0.0300 0.9748 -2.1182
v -0.0300 0.9748 -2.1182
v -0.0300 0.9748 -2.1182
v -0.0235 0.9748 -2.1235
v -0.0235 0.9748 -2.1235
v -0.0235 0.9748 -2.1235
v -0.0235 0.9748 -2.1235
v -0.0162 0.9748 -2.1274
v -0.0162 0.9748 -2.1274
v -0.0162 0.9748 -2.1274
v -0.0162 0.9748 -2.1274
v -0.0083 0.9748 -2.1298
v -0.0083 0.9748 -2.1298
v -0.0083 0.9748 -2.1298
v -0.0083 0.9748 -2.1298
v -0.0000 0.9588 -2.1306
v -0.0000 0.9588 -2.1306
v -0.0000 0.9588 -2.1306
v 0.0083 0.9588 -2.1298
v 0.0083 0.9588 -2.1298
v 0.0083 0.9588 -2.1298
v 0.0162 0.9588 -2.1274
v 0.0162 0.9588 -2.1274
v 0.0162 0.9588 -2.1274
v 0.0235 0.9588 -2.1235
v 0.0235 0.9588 -2.1235
v 0.0235 0.9588 -2.1235
v 0.0300 0.9588 -2.1182
v 0.0300 0.9588 -2.1182
v 0.0300 0.9588 -2.1182
v 0.0352 0.9588 -2.1118
v 0.0352 0.9588 -2.1118
v 0.0352 0.9588 -2.1118
v 0.0391 0.9588 -2.1045
v 0.0391 0.9588 -2.1045
v 0.0391 0.9588 -2.1045
v 0.0416 0.9588 -2.0965
v 0.0416 0.9588 -2.0965
v 0.0416 0.9588 -2.0965
v 0.0424 0.9588 -2.0882
v 0.0424 0.9588 -2.0882
v 0.0424 0.9588 -2.0882
v 0.0416 0.9588 -2.0800
v 0.0416 0.9588 -2.0800
v 0.0416 0.9588 -2.0800
v 0.0391 0.9588 -2.0720
v 0.0391 0.9588 -2.0720
v 0.0391 0.9588 -2.0720
v 0.0352 0.9588 -2.0647
v 0.0352 0.9588 -2.0647
v 0.0352 0.9588 -2.0647
v 0.0300 0.9588 -2.0583
v 0.0300 0.9588 -2.0583
v 0.0300 0.9588 -2.0583
v 0.0235 0.9588 -2.0530
v 0.0235 0.9588 -2.0530
v 0.0235 0.9588 -2.0530
v 0.0162 0.9588 -2.0491
v 0.0162 0.9588 -2.0491
v 0.0162 0.9588 -2.0491
v 0.0083 0.9588 -2.0467
v 0.0083 0.9588 -2.0467
v 0.0083 0.9588 -2.0467
v -0.0000 0.9588 -2.0459
v -0.0000 0.9588 -2.0459
v -0.0000 0.9588 -2.0459
v -0.0083 0.9588 -2.0467
v -0.0083 0.9588 -2.0467
v -0.0083 0.9588 -2.0467
v -0.0162 0.9588 -2.0491
v -0.0162 0.9588 -2.0491
v -0.0162 0.9588 -2.0491
v -0.0235 0.9588 -2.0530
v -0.0235 0.9588 -2.0530
v -0.0235 0.9588 -2.0530
v -0.0300 0.9588 -2.0583
v -0.0300 0.9588 -2.0583
v -0.0300 0.9588 -2.0583
v -0.0352 0.9588 -2.0647
v -0.0352 0.9588 -2.0647
v -0.0352 0.9588 -2.0647
v -0.0391 0.9588 -2.0720
v -0.0391 0.9588 -2.0720
v -0.0391 0.9588 -2.0720
v -0.0416 0.9588 -2.0800
v -0.0416 0.9588 -2.0800
v -0.0416 0.9588 -2.0800
v -0.0424 0.9588 -2.0882
v -0.0424 0.9588 -2.0882
v -0.0424 0.9588 -2.0882
v -0.0416 0.9588 -2.0965
v -0.0416 0.9588 -2.0965
v -0.0416 0.9588 -2.0965
v -0.0391 0.9588 -2.1045
v -0.0391 0.9588 -2.1045
v -0.0391 0.9588 -2.1045
v -0.0352 0.9588 -2.1118
v -0.0352 0.9588 -2.1118
v -0.0352 0.9588 -2.1118
v -0.0300 0.9588 -2.1182
v -0.0300 0.9588 -2.1182
v -0.0300 0.9588 -2.1182
v -0.0235 0.9588 -2.1235
v -0.0235 0.9588 -2.1235
v -0.0235 0.9588 -2.1235
v -0.0162 0.9588 -2.1274
v -0.0162 0.9588 -2.1274
v -0.0162 0.9588 -2.1274
v -0.0083 0.9588 -2.1298
v -0.0083 0.9588 -2.1298
v -0.0083 0.9588 -2.1298
v -0.7131 0.4488 -3.7613
v -0.7131 0.2204 -3.7091
v -0.9415 0.2204 -3.7091
v -0.9415 0.4488 -3.7613
v -0.7131 0.2204 -3.7091
v -0.7131 0.0372 -3.5631
v -0.9415 0.0372 -3.5631
v -0.9415 0.2204 -3.7091
v -0.7131 0.0372 -3.5631
v -0.7131 -0.0644 -3.3520
v -0.9415 -0.0644 -3.3520
v -0.9415 0.0372 -3.5631
v -0.7131 -0.0644 -3.3520
v -0.7131 -0.0644 -3.1177
v -0.9415 -0.0644 -3.1177
v -0.9415 -0.0644 -3.3520
v -0.7131 -0.0644 -3.1177
v -0.7131 0.0372 -2.9066
v -0.9415 0.0372 -2.9066
v -0.9415 -0.0644 -3.1177
v -0.7131 0.0372 -2.9066
v -0.7131 0.2204 -2.7605
v -0.9415 0.2204 -2.7605
v -0.9415 0.0372 -2.9066
v -0.7131 0.2204 -2.7605
v -0.7131 0.4488 -2.7084
v -0.9415 0.4488 -2.7084
v -0.9415 0.2204 -2.7605
v -0.7131 0.4488 -2.7084
v -0.7131 0.6772 -2.7605
v -0.9415 0.6772 -2.7605
v -0.9415 0.4488 -2.7084
v -0.7131 0.6772 -2.7605
v -0.7131 0.8604 -2.9066
v -0.9415 0.8604 -2.9066
v -0.9415 0.6772 -2.7605
v -0.7131 0.8604 -2.9066
v -0.7131 0.9620 -3.1177
v -0.9415 0.9620 -3.1177
v -0.9415 0.8604 -2.9066
v -0.7131 0.9620 -3.1177
v -0.7131 0.9620 -3.3520
v -0.9415 0.9620 -3.3520
v -0.9415 0.9620 -3.1177
v -0.7131 0.9620 -3.3520
v -0.7131 0.8604 -3.5631
v -0.9415 0.8604 -3.5631
v -0.9415 0.9620 -3.3520
v -0.9415 0.8604 -3.5631
v -0.9782 0.8349 -3.5427
v -0.9782 0.9303 -3.3447
v -0.9415 0.9620 -3.3520
v -0.7131 0.8604 -3.5631
v -0.7131 0.6772 -3.7091
v -0.9415 0.6772 -3.7091
v -0.9415 0.8604 -3.5631
v -0.7131 0.6772 -3.7091
v -0.7131 0.4488 -3.7613
v -0.9415 0.4488 -3.7613
v -0.9415 0.6772 -3.7091
v -0.9415 0.0372 -2.9066
v -0.9782 0.0627 -2.9269
v -0.9782 -0.0327 -3.1249
v -0.9415 -0.0644 -3.1177
v -0.9415 0.9620 -3.1177
v -0.9782 0.9303 -3.1249
v -0.9782 0.8349 -2.9269
v -0.9415 0.8604 -2.9066
v -0.9415 -0.0644 -3.3520
v -0.9782 -0.0327 -3.3447
v -0.9782 0.0627 -3.5427
v -0.9415 0.0372 -3.5631
v -0.9415 0.6772 -2.7605
v -0.9782 0.6631 -2.7899
v -0.9782 0.4488 -2.7410
v -0.9415 0.4488 -2.7084
v -0.9415 0.2204 -3.7091
v -0.9782 0.2345 -3.6798
v -0.9782 0.4488 -3.7287
v -0.9415 0.4488 -3.7613
v -0.9415 0.6772 -3.7091
v -0.9782 0.6631 -3.6798
v -0.9782 0.8349 -3.5427
v -0.9415 0.8604 -3.5631
v -0.9415 0.2204 -2.7605
v -0.9782 0.2345 -2.7899
v -0.9782 0.0627 -2.9269
v -0.9415 0.0372 -2.9066
v -0.9415 0.9620 -3.3520
v -0.9782 0.9303 -3.3447
v -0.9782 0.9303 -3.1249
v -0.9415 0.9620 -3.1177
v -0.9415 -0.0644 -3.1177
v -0.9782 -0.0327 -3.1249
v -0.9782 -0.0327 -3.3447
v -0.9415 -0.0644 -3.3520
v -0.9415 0.8604 -2.9066
v -0.9782 0.8349 -2.9269
v -0.9782 0.6631 -2.7899
v -0.9415 0.6772 -2.7605
v -0.9415 0.4488 -3.7613
v -0.9782 0.4488 -3.7287
v -0.9782 0.6631 -3.6798
v -0.9415 0.6772 -3.7091
v -0.9415 0.0372 -3.5631
v -0.9782 0.0627 -3.5427
v -0.9782 0.2345 -3.6798
v -0.9415 0.2204 -3.7091
v -0.9415 0.4488 -2.7084
v -0.9782 0.4488 -2.7410
v -0.9782 0.2345 -2.7899
v -0.9415 0.2204 -2.7605
v -0.9782 0.4488 -3.5962
v -0.9782 0.4488 -3.7287
v -0.9782 0.2345 -3.6798
v -0.9782 0.2920 -3.5604
v -0.9782 0.2920 -3.5604
v -0.9782 0.2345 -3.6798
v -0.9782 0.0627 -3.5427
v -0.9782 0.1663 -3.4601
v -0.9782 0.1663 -3.4601
v -0.9782 0.0627 -3.5427
v -0.9782 -0.0327 -3.3447
v -0.9782 0.0965 -3.3152
v -0.9782 0.0965 -3.3152
v -0.9782 -0.0327 -3.3447
v -0.9782 -0.0327 -3.1249
v -0.9782 0.0965 -3.1544
v -0.9782 0.0627 -2.9269
v -0.9782 0.1663 -3.0096
v -0.9782 0.1663 -3.0096
v -0.9782 0.0627 -2.9269
v -0.9782 0.2345 -2.7899
v -0.9782 0.2920 -2.9093
v -0.9782 0.2920 -2.9093
v -0.9782 0.2345 -2.7899
v -0.9782 0.4488 -2.7410
v -0.9782 0.4488 -2.8735
v -0.9782 0.4488 -2.8735
v -0.9782 0.4488 -2.7410
v -0.9782 0.6631 -2.7899
v -0.9782 0.6056 -2.9093
v -0.9782 0.8349 -2.9269
v -0.9782 0.7313 -3.0096
v -0.9782 0.7313 -3.0096
v -0.9782 0.8349 -2.9269
v -0.9782 0.9303 -3.1249
v -0.9782 0.8011 -3.1544
v -0.9782 0.8011 -3.1544
v -0.9782 0.9303 -3.1249
v -0.9782 0.9303 -3.3447
v -0.9782 0.8011 -3.3152
v -0.9782 0.8011 -3.3152
v -0.9782 0.9303 -3.3447
v -0.9782 0.8349 -3.5427
v -0.9782 0.7313 -3.4601
v -0.9782 0.7313 -3.4601
v -0.9782 0.8349 -3.5427
v -0.9782 0.6631 -3.6798
v -0.9782 0.6056 -3.5604
v -0.9782 0.6056 -3.5604
v -0.9782 0.6631 -3.6798
v -0.9782 0.4488 -3.7287
v -0.9782 0.4488 -3.5962
v -0.9575 0.4488 -3.5624
v -0.9782 0.4488 -3.5962
v -0.9782 0.2920 -3.5604
v -0.9575 0.3067 -3.5299
v -0.9575 0.3067 -3.5299
v -0.9782 0.2920 -3.5604
v -0.9782 0.1663 -3.4601
v -0.9575 0.1927 -3.4391
v -0.9575 0.1927 -3.4391
v -0.9782 0.1663 -3.4601
v -0.9782 0.0965 -3.3152
v -0.9575 0.1295 -3.3077
v -0.9575 0.1295 -3.3077
v -0.9782 0.0965 -3.3152
v -0.9782 0.0965 -3.1544
v -0.9575 0.1295 -3.1620
v -0.9575 0.1295 -3.1620
v -0.9782 0.0965 -3.1544
v -0.9782 0.1663 -3.0096
v -0.9575 0.1927 -3.0306
v -0.9575 0.1927 -3.0306
v -0.9782 0.1663 -3.0096
v -0.9782 0.2920 -2.9093
v -0.9575 0.3067 -2.9397
v -0.9575 0.3067 -2.9397
v -0.9782 0.2920 -2.9093
v -0.9782 0.4488 -2.8735
v -0.9575 0.4488 -2.9073
v -0.9575 0.4488 -2.9073
v -0.9782 0.4488 -2.8735
v -0.9782 0.6056 -2.9093
v -0.9575 0.5909 -2.9397
v -0.9575 0.5909 -2.9397
v -0.9782 0.6056 -2.9093
v -0.9782 0.7313 -3.0096
v -0.9575 0.7049 -3.0306
v -0.9575 0.7049 -3.0306
v -0.9782 0.7313 -3.0096
v -0.9782 0.8011 -3.1544
v -0.9575 0.7681 -3.1620
v -0.9575 0.7681 -3.1620
v -0.9782 0.8011 -3.1544
v -0.9782 0.8011 -3.3152
v -0.9575 0.7681 -3.3077
v -0.9575 0.7681 -3.3077
v -0.9782 0.8011 -3.3152
v -0.9782 0.7313 -3.4601
v -0.9575 0.7049 -3.4391
v -0.9575 0.7049 -3.4391
v -0.9782 0.7313 -3.4601
v -0.9782 0.6056 -3.5604
v -0.9575 0.5909 -3.5299
v -0.9575 0.5909 -3.5299
v -0.9782 0.6056 -3.5604
v -0.9782 0.4488 -3.5962
v -0.9575 0.4488 -3.5624
v -0.8052 0.5103 -3.1071
v -0.9600 0.5103 -3.1071
v -0.9600 0.4488 -3.0931
v -0.8052 0.4488 -3.0931
v -0.8052 0.3873 -3.3625
v -0.9600 0.3873 -3.3625
v -0.9600 0.4488 -3.3766
v -0.8052 0.4488 -3.3766
v -0.8052 0.5596 -3.1465
v -0.9600 0.5596 -3.1465
v -0.9600 0.5103 -3.1071
v -0.8052 0.5103 -3.1071
v -0.8052 0.3380 -3.3232
v -0.9600 0.3380 -3.3232
v -0.9600 0.3873 -3.3625
v -0.8052 0.3873 -3.3625
v -0.8052 0.5870 -3.2033
v -0.9600 0.5870 -3.2033
v -0.9600 0.5596 -3.1465
v -0.8052 0.5596 -3.1465
v -0.8052 0.3106 -3.2664
v -0.9600 0.3106 -3.2664
v -0.9600 0.3380 -3.3232
v -0.8052 0.3380 -3.3232
v -0.8052 0.5870 -3.2664
v -0.9600 0.5870 -3.2664
v -0.9600 0.5870 -3.2033
v -0.8052 0.5870 -3.2033
v -0.8052 0.3106 -3.2033
v -0.9600 0.3106 -3.2033
v -0.9600 0.3106 -3.2664
v -0.8052 0.3106 -3.2664
v -0.8052 0.5596 -3.3232
v -0.9600 0.5596 -3.3232
v -0.9600 0.5870 -3.2664
v -0.8052 0.5870 -3.2664
v -0.8052 0.3380 -3.1465
v -0.9600 0.3380 -3.1465
v -0.9600 0.3106 -3.2033
v -0.8052 0.3106 -3.2033
v -0.8052 0.5103 -3.3625
v -0.9600 0.5103 -3.3625
v -0.9600 0.5596 -3.3232
v -0.8052 0.5596 -3.3232
v -0.8052 0.3873 -3.1071
v -0.9600 0.3873 -3.1071
v -0.9600 0.3380 -3.1465
v -0.8052 0.3380 -3.1465
v -0.8052 0.4488 -3.3766
v -0.9600 0.4488 -3.3766
v -0.9600 0.5103 -3.3625
v -0.8052 0.5103 -3.3625
v -0.8052 0.4488 -3.0931
v -0.9600 0.4488 -3.0931
v -0.9600 0.3873 -3.1071
v -0.8052 0.3873 -3.1071
v -0.4388 0.4488 -3.7613
v -0.4388 0.2204 -3.7091
v -0.6673 0.2204 -3.7091
v -0.6673 0.4488 -3.7613
v -0.4388 0.2204 -3.7091
v -0.4388 0.0372 -3.5631
v -0.6673 0.0372 -3.5631
v -0.6673 0.2204 -3.7091
v -0.4388 0.0372 -3.5631
v -0.4388 -0.0644 -3.3520
v -0.6673 -0.0644 -3.3520
v -0.6673 0.0372 -3.5631
v -0.4388 -0.0644 -3.3520
v -0.4388 -0.0644 -3.1177
v -0.6673 -0.0644 -3.1177
v -0.6673 -0.0644 -3.3520
v -0.4388 -0.0644 -3.1177
v -0.4388 0.0372 -2.9066
v -0.6673 0.0372 -2.9066
v -0.6673 -0.0644 -3.1177
v -0.4388 0.0372 -2.9066
v -0.4388 0.2204 -2.7605
v -0.6673 0.2204 -2.7605
v -0.6673 0.0372 -2.9066
v -0.4388 0.2204 -2.7605
v -0.4388 0.4488 -2.7084
v -0.6673 0.4488 -2.7084
v -0.6673 0.2204 -2.7605
v -0.4388 0.4488 -2.7084
v -0.4388 0.6772 -2.7605
v -0.6673 0.6772 -2.7605
v -0.6673 0.4488 -2.7084
v -0.4388 0.6772 -2.7605
v -0.4388 0.8604 -2.9066
v -0.6673 0.8604 -2.9066
v -0.6673 0.6772 -2.7605
v -0.4388 0.8604 -2.9066
v -0.4388 0.9620 -3.1177
v -0.6673 0.9620 -3.1177
v -0.6673 0.8604 -2.9066
v -0.4388 0.9620 -3.1177
v -0.4388 0.9620 -3.3520
v -0.6673 0.9620 -3.3520
v -0.6673 0.9620 -3.1177
v -0.4388 0.9620 -3.3520
v -0.4388 0.8604 -3.5631
v -0.6673 0.8604 -3.5631
v -0.6673 0.9620 -3.3520
v -0.6673 0.8604 -3.5631
v -0.7040 0.8349 -3.5427
v -0.7040 0.9303 -3.3447
v -0.6673 0.9620 -3.3520
v -0.4388 0.8604 -3.5631
v -0.4388 0.6772 -3.7091
v -0.6673 0.6772 -3.7091
v -0.6673 0.8604 -3.5631
v -0.4388 0.6772 -3.7091
v -0.4388 0.4488 -3.7613
v -0.6673 0.4488 -3.7613
v -0.6673 0.6772 -3.7091
v -0.4388 0.0372 -2.9066
v -0.4388 0.3332 -3.1427
v -0.4388 0.3847 -3.1017
v -0.4388 0.2204 -2.7605
v -0.6832 0.7049 -3.4391
v -0.5310 0.7049 -3.4391
v -0.5310 0.7681 -3.3077
v -0.6832 0.7681 -3.3077
v -0.6673 0.0372 -2.9066
v -0.7040 0.0627 -2.9269
v -0.7040 -0.0327 -3.1249
v -0.6673 -0.0644 -3.1177
v -0.6673 0.9620 -3.1177
v -0.7040 0.9303 -3.1249
v -0.7040 0.8349 -2.9269
v -0.6673 0.8604 -2.9066
v -0.6673 -0.0644 -3.3520
v -0.7040 -0.0327 -3.3447
v -0.7040 0.0627 -3.5427
v -0.6673 0.0372 -3.5631
v -0.6673 0.6772 -2.7605
v -0.7040 0.6631 -2.7899
v -0.7040 0.4488 -2.7410
v -0.6673 0.4488 -2.7084
v -0.6673 0.2204 -3.7091
v -0.7040 0.2345 -3.6798
v -0.7040 0.4488 -3.7287
v -0.6673 0.4488 -3.7613
v -0.6673 0.6772 -3.7091
v -0.7040 0.6631 -3.6798
v -0.7040 0.8349 -3.5427
v -0.6673 0.8604 -3.5631
v -0.6673 0.2204 -2.7605
v -0.7040 0.2345 -2.7899
v -0.7040 0.0627 -2.9269
v -0.6673 0.0372 -2.9066
v -0.6673 0.9620 -3.3520
v -0.7040 0.9303 -3.3447
v -0.7040 0.9303 -3.1249
v -0.6673 0.9620 -3.1177
v -0.6673 -0.0644 -3.1177
v -0.7040 -0.0327 -3.1249
v -0.7040 -0.0327 -3.3447
v -0.6673 -0.0644 -3.3520
v -0.6673 0.8604 -2.9066
v -0.7040 0.8349 -2.9269
v -0.7040 0.6631 -2.7899
v -0.6673 0.6772 -2.7605
v -0.6673 0.4488 -3.7613
v -0.7040 0.4488 -3.7287
v -0.7040 0.6631 -3.6798
v -0.6673 0.6772 -3.7091
v -0.6673 0.0372 -3.5631
v -0.7040 0.0627 -3.5427
v -0.7040 0.2345 -3.6798
v -0.6673 0.2204 -3.7091
v -0.6673 0.4488 -2.7084
v -0.7040 0.4488 -2.7410
v -0.7040 0.2345 -2.7899
v -0.6673 0.2204 -2.7605
v -0.7040 0.4488 -3.5962
v -0.7040 0.4488 -3.7287
v -0.7040 0.2345 -3.6798
v -0.7040 0.2920 -3.5604
v -0.7040 0.2920 -3.5604
v -0.7040 0.2345 -3.6798
v -0.7040 0.0627 -3.5427
v -0.7040 0.1663 -3.4601
v -0.7040 0.1663 -3.4601
v -0.7040 0.0627 -3.5427
v -0.7040 -0.0327 -3.3447
v -0.7040 0.0965 -3.3152
v -0.7040 -0.0327 -3.1249
v -0.7040 0.0965 -3.1544
v -0.7040 0.0627 -2.9269
v -0.7040 0.1663 -3.0096
v -0.7040 0.1663 -3.0096
v -0.7040 0.0627 -2.9269
v -0.7040 0.2345 -2.7899
v -0.7040 0.2920 -2.9093
v -0.7040 0.2920 -2.9093
v -0.7040 0.2345 -2.7899
v -0.7040 0.4488 -2.7410
v -0.7040 0.4488 -2.8735
v -0.7040 0.4488 -2.8735
v -0.7040 0.4488 -2.7410
v -0.7040 0.6631 -2.7899
v -0.7040 0.6056 -2.9093
v -0.7040 0.6056 -2.9093
v -0.7040 0.6631 -2.7899
v -0.7040 0.8349 -2.9269
v -0.7040 0.7313 -3.0096
v -0.7040 0.7313 -3.0096
v -0.7040 0.8349 -2.9269
v -0.7040 0.9303 -3.1249
v -0.7040 0.8011 -3.1544
v -0.7040 0.9303 -3.3447
v -0.7040 0.8011 -3.3152
v -0.7040 0.8349 -3.5427
v -0.7040 0.7313 -3.4601
v -0.7040 0.7313 -3.4601
v -0.7040 0.8349 -3.5427
v -0.7040 0.6631 -3.6798
v -0.7040 0.6056 -3.5604
v -0.7040 0.6056 -3.5604
v -0.7040 0.6631 -3.6798
v -0.7040 0.4488 -3.7287
v -0.7040 0.4488 -3.5962
v -0.6832 0.4488 -3.5624
v -0.7040 0.4488 -3.5962
v -0.7040 0.2920 -3.5604
v -0.6832 0.3067 -3.5299
v -0.6832 0.3067 -3.5299
v -0.7040 0.2920 -3.5604
v -0.7040 0.1663 -3.4601
v -0.6832 0.1927 -3.4391
v -0.6832 0.1927 -3.4391
v -0.7040 0.1663 -3.4601
v -0.7040 0.0965 -3.3152
v -0.6832 0.1295 -3.3077
v -0.6832 0.1295 -3.3077
v -0.7040 0.0965 -3.3152
v -0.7040 0.0965 -3.1544
v -0.6832 0.1295 -3.1620
v -0.6832 0.1295 -3.1620
v -0.7040 0.0965 -3.1544
v -0.7040 0.1663 -3.0096
v -0.6832 0.1927 -3.0306
v -0.6832 0.1927 -3.0306
v -0.7040 0.1663 -3.0096
v -0.7040 0.2920 -2.9093
v -0.6832 0.3067 -2.9397
v -0.6832 0.3067 -2.9397
v -0.7040 0.2920 -2.9093
v -0.7040 0.4488 -2.8735
v -0.6832 0.4488 -2.9073
v -0.6832 0.4488 -2.9073
v -0.7040 0.4488 -2.8735
v -0.7040 0.6056 -2.9093
v -0.6832 0.5909 -2.9397
v -0.6832 0.5909 -2.9397
v -0.7040 0.6056 -2.9093
v -0.7040 0.7313 -3.0096
v -0.6832 0.7049 -3.0306
v -0.6832 0.7049 -3.0306
v -0.7040 0.7313 -3.0096
v -0.7040 0.8011 -3.1544
v -0.6832 0.7681 -3.1620
v -0.6832 0.7681 -3.1620
v -0.7040 0.8011 -3.1544
v -0.7040 0.8011 -3.3152
v -0.6832 0.7681 -3.3077
v -0.6832 0.7681 -3.3077
v -0.7040 0.8011 -3.3152
v -0.7040 0.7313 -3.4601
v -0.6832 0.7049 -3.4391
v -0.6832 0.7049 -3.4391
v -0.7040 0.7313 -3.4601
v -0.7040 0.6056 -3.5604
v -0.6832 0.5909 -3.5299
v -0.6832 0.5909 -3.5299
v -0.7040 0.6056 -3.5604
v -0.7040 0.4488 -3.5962
v -0.6832 0.4488 -3.5624
v -0.5310 0.5103 -3.1071
v -0.6858 0.5103 -3.1071
v -0.6858 0.4488 -3.0931
v -0.5310 0.4488 -3.0931
v -0.6832 0.1927 -3.0306
v -0.5310 0.1927 -3.0306
v -0.5310 0.1295 -3.1620
v -0.6832 0.1295 -3.1620
v -0.6832 0.5909 -3.5299
v -0.5310 0.5909 -3.5299
v -0.5310 0.7049 -3.4391
v -0.6832 0.7049 -3.4391
v -0.6832 0.3067 -2.9397
v -0.5310 0.3067 -2.9397
v -0.5310 0.1927 -3.0306
v -0.6832 0.1927 -3.0306
v -0.6832 0.4488 -3.5624
v -0.5310 0.4488 -3.5624
v -0.5310 0.5909 -3.5299
v -0.6832 0.5909 -3.5299
v -0.6832 0.4488 -2.9073
v -0.5310 0.4488 -2.9073
v -0.5310 0.3067 -2.9397
v -0.6832 0.3067 -2.9397
v -0.6832 0.5909 -2.9397
v -0.5310 0.5909 -2.9397
v -0.5310 0.4488 -2.9073
v -0.6832 0.4488 -2.9073
v -0.6832 0.3067 -3.5299
v -0.5310 0.3067 -3.5299
v -0.5310 0.4488 -3.5624
v -0.6832 0.4488 -3.5624
v -0.6832 0.7049 -3.0306
v -0.5310 0.7049 -3.0306
v -0.5310 0.5909 -2.9397
v -0.6832 0.5909 -2.9397
v -0.6832 0.1927 -3.4391
v -0.5310 0.1927 -3.4391
v -0.5310 0.3067 -3.5299
v -0.6832 0.3067 -3.5299
v -0.6832 0.7681 -3.1620
v -0.5310 0.7681 -3.1620
v -0.5310 0.7049 -3.0306
v -0.6832 0.7049 -3.0306
v -0.6832 0.1295 -3.3077
v -0.5310 0.1295 -3.3077
v -0.5310 0.1927 -3.4391
v -0.6832 0.1927 -3.4391
v -0.6832 0.7681 -3.3077
v -0.5310 0.7681 -3.3077
v -0.5310 0.7681 -3.1620
v -0.6832 0.7681 -3.1620
v -0.6832 0.1295 -3.1620
v -0.5310 0.1295 -3.1620
v -0.5310 0.1295 -3.3077
v -0.6832 0.1295 -3.3077
v -0.5310 0.4488 -3.3766
v -0.5310 0.4488 -3.5624
v -0.5310 0.3067 -3.5299
v -0.5310 0.3873 -3.3625
v -0.5310 0.3873 -3.3625
v -0.5310 0.3067 -3.5299
v -0.5310 0.1927 -3.4391
v -0.5310 0.3380 -3.3232
v -0.5310 0.3380 -3.3232
v -0.5310 0.1927 -3.4391
v -0.5310 0.1295 -3.3077
v -0.5310 0.3106 -3.2664
v -0.5310 0.3106 -3.2664
v -0.5310 0.1295 -3.3077
v -0.5310 0.1295 -3.1620
v -0.5310 0.3106 -3.2033
v -0.5310 0.3106 -3.2033
v -0.5310 0.1295 -3.1620
v -0.5310 0.1927 -3.0306
v -0.5310 0.3380 -3.1465
v -0.5310 0.3380 -3.1465
v -0.5310 0.1927 -3.0306
v -0.5310 0.3067 -2.9397
v -0.5310 0.3873 -3.1071
v -0.5310 0.3873 -3.1071
v -0.5310 0.3067 -2.9397
v -0.5310 0.4488 -2.9073
v -0.5310 0.4488 -3.0931
v -0.5310 0.4488 -3.0931
v -0.5310 0.4488 -2.9073
v -0.5310 0.5909 -2.9397
v -0.5310 0.5103 -3.1071
v -0.5310 0.5103 -3.1071
v -0.5310 0.5909 -2.9397
v -0.5310 0.7049 -3.0306
v -0.5310 0.5596 -3.1465
v -0.5310 0.5596 -3.1465
v -0.5310 0.7049 -3.0306
v -0.5310 0.7681 -3.1620
v -0.5310 0.5870 -3.2033
v -0.5310 0.5870 -3.2033
v -0.5310 0.7681 -3.1620
v -0.5310 0.7681 -3.3077
v -0.5310 0.5870 -3.2664
v -0.5310 0.5870 -3.2664
v -0.5310 0.7681 -3.3077
v -0.5310 0.7049 -3.4391
v -0.5310 0.5596 -3.3232
v -0.5310 0.5596 -3.3232
v -0.5310 0.7049 -3.4391
v -0.5310 0.5909 -3.5299
v -0.5310 0.5103 -3.3625
v -0.5310 0.5103 -3.3625
v -0.5310 0.5909 -3.5299
v -0.5310 0.4488 -3.5624
v -0.5310 0.4488 -3.3766
v -0.5310 0.3873 -3.3625
v -0.6858 0.3873 -3.3625
v -0.6858 0.4488 -3.3766
v -0.5310 0.4488 -3.3766
v -0.5310 0.5596 -3.1465
v -0.6858 0.5596 -3.1465
v -0.6858 0.5103 -3.1071
v -0.5310 0.5103 -3.1071
v -0.5310 0.3380 -3.3232
v -0.6858 0.3380 -3.3232
v -0.6858 0.3873 -3.3625
v -0.5310 0.3873 -3.3625
v -0.5310 0.5870 -3.2033
v -0.6858 0.5870 -3.2033
v -0.6858 0.5596 -3.1465
v -0.5310 0.5596 -3.1465
v -0.5310 0.3106 -3.2664
v -0.6858 0.3106 -3.2664
v -0.6858 0.3380 -3.3232
v -0.5310 0.3380 -3.3232
v -0.5310 0.5870 -3.2664
v -0.6858 0.5870 -3.2664
v -0.6858 0.5870 -3.2033
v -0.5310 0.5870 -3.2033
v -0.5310 0.3106 -3.2033
v -0.6858 0.3106 -3.2033
v -0.6858 0.3106 -3.2664
v -0.5310 0.3106 -3.2664
v -0.5310 0.5596 -3.3232
v -0.6858 0.5596 -3.3232
v -0.6858 0.5870 -3.2664
v -0.5310 0.5870 -3.2664
v -0.5310 0.3380 -3.1465
v -0.6858 0.3380 -3.1465
v -0.6858 0.3106 -3.2033
v -0.5310 0.3106 -3.2033
v -0.5310 0.5103 -3.3625
v -0.6858 0.5103 -3.3625
v -0.6858 0.5596 -3.3232
v -0.5310 0.5596 -3.3232
v -0.5310 0.3873 -3.1071
v -0.6858 0.3873 -3.1071
v -0.6858 0.3380 -3.1465
v -0.5310 0.3380 -3.1465
v -0.5310 0.4488 -3.3766
v -0.6858 0.4488 -3.3766
v -0.6858 0.5103 -3.3625
v -0.5310 0.5103 -3.3625
v -0.5310 0.4488 -3.0931
v -0.6858 0.4488 -3.0931
v -0.6858 0.3873 -3.1071
v -0.5310 0.3873 -3.1071
v -0.4388 0.2204 -3.7091
v -0.4388 0.3847 -3.3680
v -0.4388 0.3332 -3.3270
v -0.4388 0.0372 -3.5631
v -0.4388 0.9620 -3.1177
v -0.4388 0.5929 -3.2019
v -0.4388 0.5929 -3.2677
v -0.4388 0.9620 -3.3520
v -0.4388 0.2204 -2.7605
v -0.4388 0.3847 -3.1017
v -0.4388 0.4488 -3.0870
v -0.4388 0.4488 -2.7084
v -0.4388 0.0372 -3.5631
v -0.4388 0.3332 -3.3270
v -0.4388 0.3047 -3.2677
v -0.4388 -0.0644 -3.3520
v -0.4388 0.9620 -3.3520
v -0.4388 0.5929 -3.2677
v -0.4388 0.5644 -3.3270
v -0.4388 0.8604 -3.5631
v -0.4388 0.4488 -2.7084
v -0.4388 0.4488 -3.0870
v -0.4388 0.5129 -3.1017
v -0.4388 0.6772 -2.7605
v -0.4388 -0.0644 -3.3520
v -0.4388 0.3047 -3.2677
v -0.4388 0.3047 -3.2019
v -0.4388 -0.0644 -3.1177
v -0.4388 0.8604 -3.5631
v -0.4388 0.5644 -3.3270
v -0.4388 0.5129 -3.3680
v -0.4388 0.6772 -3.7091
v -0.4388 0.6772 -2.7605
v -0.4388 0.5129 -3.1017
v -0.4388 0.5644 -3.1427
v -0.4388 0.8604 -2.9066
v -0.4388 -0.0644 -3.1177
v -0.4388 0.3047 -3.2019
v -0.4388 0.3332 -3.1427
v -0.4388 0.0372 -2.9066
v -0.4388 0.6772 -3.7091
v -0.4388 0.5129 -3.3680
v -0.4388 0.4488 -3.3827
v -0.4388 0.4488 -3.7613
v -0.4388 0.4488 -3.7613
v -0.4388 0.4488 -3.3827
v -0.4388 0.3847 -3.3680
v -0.4388 0.2204 -3.7091
v -0.4388 0.8604 -2.9066
v -0.4388 0.5644 -3.1427
v -0.4388 0.5929 -3.2019
v -0.4388 0.9620 -3.1177
v -0.7131 0.0372 -3.5631
v -0.7131 -0.0644 -3.1177
v -0.7131 -0.0644 -3.3520
v -0.7131 0.0372 -2.9066
v -0.7131 0.2204 -3.7091
v -0.7131 0.2204 -2.7605
v -0.7131 0.4488 -3.7613
v -0.7131 0.4488 -2.7084
v -0.7131 0.6772 -2.7605
v -0.7131 0.6772 -3.7091
v -0.7131 0.8604 -3.5631
v -0.7131 0.8604 -2.9066
v -0.7131 0.9620 -3.3520
v -0.7131 0.9620 -3.1177
v -0.9600 0.3380 -3.1465
v -0.9600 0.3106 -3.2664
v -0.9600 0.3106 -3.2033
v -0.9600 0.3380 -3.3232
v -0.9600 0.3873 -3.3625
v -0.9600 0.3873 -3.1071
v -0.9600 0.4488 -3.0931
v -0.9600 0.4488 -3.3766
v -0.9600 0.5103 -3.1071
v -0.9600 0.5103 -3.3625
v -0.9600 0.5596 -3.3232
v -0.9600 0.5596 -3.1465
v -0.9600 0.5870 -3.2033
v -0.9600 0.5870 -3.2664
v -0.6858 0.3380 -3.1465
v -0.6858 0.3106 -3.2664
v -0.6858 0.3106 -3.2033
v -0.6858 0.3380 -3.3232
v -0.6858 0.3873 -3.1071
v -0.6858 0.3873 -3.3625
v -0.6858 0.4488 -3.0931
v -0.6858 0.4488 -3.3766
v -0.6858 0.5103 -3.1071
v -0.6858 0.5103 -3.3625
v -0.6858 0.5596 -3.3232
v -0.6858 0.5596 -3.1465
v -0.6858 0.5870 -3.2033
v -0.6858 0.5870 -3.2664
v -0.9575 0.7049 -3.4391
v -0.8052 0.7049 -3.4391
v -0.8052 0.7681 -3.3077
v -0.9575 0.7681 -3.3077
v -0.9575 0.1927 -3.0306
v -0.8052 0.1927 -3.0306
v -0.8052 0.1295 -3.1620
v -0.9575 0.1295 -3.1620
v -0.9575 0.5909 -3.5299
v -0.8052 0.5909 -3.5299
v -0.8052 0.7049 -3.4391
v -0.9575 0.7049 -3.4391
v -0.9575 0.3067 -2.9397
v -0.8052 0.3067 -2.9397
v -0.8052 0.1927 -3.0306
v -0.9575 0.1927 -3.0306
v -0.9575 0.4488 -3.5624
v -0.8052 0.4488 -3.5624
v -0.8052 0.5909 -3.5299
v -0.9575 0.5909 -3.5299
v -0.9575 0.4488 -2.9073
v -0.8052 0.4488 -2.9073
v -0.8052 0.3067 -2.9397
v -0.9575 0.3067 -2.9397
v -0.9575 0.5909 -2.9397
v -0.8052 0.5909 -2.9397
v -0.8052 0.4488 -2.9073
v -0.9575 0.4488 -2.9073
v -0.9575 0.3067 -3.5299
v -0.8052 0.3067 -3.5299
v -0.8052 0.4488 -3.5624
v -0.9575 0.4488 -3.5624
v -0.9575 0.7049 -3.0306
v -0.8052 0.7049 -3.0306
v -0.8052 0.5909 -2.9397
v -0.9575 0.5909 -2.9397
v -0.9575 0.1927 -3.4391
v -0.8052 0.1927 -3.4391
v -0.8052 0.3067 -3.5299
v -0.9575 0.3067 -3.5299
v -0.9575 0.7681 -3.1620
v -0.8052 0.7681 -3.1620
v -0.8052 0.7049 -3.0306
v -0.9575 0.7049 -3.0306
v -0.9575 0.1295 -3.3077
v -0.8052 0.1295 -3.3077
v -0.8052 0.1927 -3.4391
v -0.9575 0.1927 -3.4391
v -0.9575 0.7681 -3.3077
v -0.8052 0.7681 -3.3077
v -0.8052 0.7681 -3.1620
v -0.9575 0.7681 -3.1620
v -0.9575 0.1295 -3.1620
v -0.8052 0.1295 -3.1620
v -0.8052 0.1295 -3.3077
v -0.9575 0.1295 -3.3077
v -0.8052 0.4488 -3.3766
v -0.8052 0.4488 -3.5624
v -0.8052 0.3067 -3.5299
v -0.8052 0.3873 -3.3625
v -0.8052 0.1927 -3.4391
v -0.8052 0.3380 -3.3232
v -0.8052 0.3380 -3.3232
v -0.8052 0.1927 -3.4391
v -0.8052 0.1295 -3.3077
v -0.8052 0.3106 -3.2664
v -0.8052 0.3106 -3.2664
v -0.8052 0.1295 -3.3077
v -0.8052 0.1295 -3.1620
v -0.8052 0.3106 -3.2033
v -0.8052 0.3106 -3.2033
v -0.8052 0.1295 -3.1620
v -0.8052 0.1927 -3.0306
v -0.8052 0.3380 -3.1465
v -0.8052 0.3380 -3.1465
v -0.8052 0.1927 -3.0306
v -0.8052 0.3067 -2.9397
v -0.8052 0.3873 -3.1071
v -0.8052 0.3873 -3.1071
v -0.8052 0.3067 -2.9397
v -0.8052 0.4488 -2.9073
v -0.8052 0.4488 -3.0931
v -0.8052 0.4488 -3.0931
v -0.8052 0.4488 -2.9073
v -0.8052 0.5909 -2.9397
v -0.8052 0.5103 -3.1071
v -0.8052 0.7049 -3.0306
v -0.8052 0.5596 -3.1465
v -0.8052 0.5596 -3.1465
v -0.8052 0.7049 -3.0306
v -0.8052 0.7681 -3.1620
v -0.8052 0.5870 -3.2033
v -0.8052 0.5870 -3.2033
v -0.8052 0.7681 -3.1620
v -0.8052 0.7681 -3.3077
v -0.8052 0.5870 -3.2664
v -0.8052 0.5870 -3.2664
v -0.8052 0.7681 -3.3077
v -0.8052 0.7049 -3.4391
v -0.8052 0.5596 -3.3232
v -0.8052 0.5596 -3.3232
v -0.8052 0.7049 -3.4391
v -0.8052 0.5909 -3.5299
v -0.8052 0.5103 -3.3625
v -0.8052 0.5103 -3.3625
v -0.8052 0.5909 -3.5299
v -0.8052 0.4488 -3.5624
v -0.8052 0.4488 -3.3766
vt 0.06250 0.06250
vt 0.18750 0.06250
vt 0.31250 0.06250
vt 0.43750 0.06250
vt 0.56250 0.06250
vt 0.68750 0.06250
vt 0.81250 0.06250
vt 0.93750 0.06250
vt 0.06250 0.18750
vt 0.18750 0.18750
vt 0.31250 0.18750
vt 0.43750 0.18750
vt 0.56250 0.18750
vt 0.68750 0.18750
vt 0.81250 0.18750
vt 0.93750 0.18750
vt 0.06250 0.31250
vt 0.18750 0.31250
vt 0.31250 0.31250
vt 0.43750 0.31250
vt 0.56250 0.31250
vt 0.68750 0.31250
f 1148/13 1159/13 1155/13
f 1160/13 1163/13 1156/13
f 1165/13 1150/13 1157/13
f 1781/13 1791/13 1796/13
f 1795/13 1790/13 1800/13
f 1798/13 1789/13 1787/13
f 911/13 925/13 917/13
f 911/13 917/13 913/13
f 921/13 1502/13 1522/13
f 921/13 1522/13 914/13
f 922/13 915/13 918/13
f 922/13 918/13 927/13
f 928/13 919/13 916/13
f 928/13 916/13 924/13
f 1499/13 910/13 912/13
f 1499/13 912/13 1521/13
f 936/13 988/13 991/13
f 936/13 991/13 943/13
f 944/13 992/13 995/13
f 944/13 995/13 951/13
f 950/13 994/13 998/13
f 950/13 998/13 958/13
f 957/13 997/13 1000/13
f 957/13 1000/13 964/13
f 965/13 1001/13 1003/13
f 965/13 1003/13 971/13
f 1049/13 982/13 1040/13
f 1049/13 1040/13 1055/13
f 972/13 1004/13 1007/13
f 972/13 1007/13 979/13
f 1044/13 1046/13 985/13
f 1044/13 985/13 930/13
f 940/13 947/13 993/13
f 940/13 993/13 990/13
f 947/13 954/13 996/13
f 947/13 996/13 993/13
f 954/13 961/13 999/13
f 954/13 999/13 996/13
f 961/13 968/13 1002/13
f 961/13 1002/13 999/13
f 968/13 975/13 1005/13
f 968/13 1005/13 1002/13
f 976/13 983/13 1009/13
f 976/13 1009/13 1006/13
f 1051/13 934/13 987/13
f 1051/13 987/13 1047/13
f 946/13 938/13 1015/13
f 946/13 1015/13 1020/13
f 953/13 945/13 1019/13
f 953/13 1019/13 1024/13
f 960/13 952/13 1023/13
f 960/13 1023/13 1028/13
f 966/13 959/13 1027/13
f 966/13 1027/13 1031/13
f 973/13 967/13 1032/13
f 973/13 1032/13 1035/13
f 981/13 974/13 1036/13
f 981/13 1036/13 1039/13
f 989/13 937/13 1016/13
f 989/13 1016/13 939/13
f 935/13 942/13 1018/13
f 935/13 1018/13 1014/13
f 941/13 949/13 1022/13
f 941/13 1022/13 1017/13
f 948/13 956/13 1026/13
f 948/13 1026/13 1021/13
f 955/13 962/13 1029/13
f 955/13 1029/13 1025/13
f 963/13 969/13 1033/13
f 963/13 1033/13 1030/13
f 970/13 977/13 1037/13
f 970/13 1037/13 1034/13
f 1042/13 929/13 1011/13
f 1042/13 1011/13 1054/13
f 986/13 933/13 1013/13
f 986/13 1013/13 931/13
f 978/13 1041/13 1053/13
f 978/13 1053/13 1038/13
f 984/13 1052/13 1048/13
f 984/13 1048/13 1010/13
f 980/13 1008/13 1045/13
f 980/13 1045/13 1043/13
f 932/13 1050/13 1056/13
f 932/13 1056/13 1012/13
f 1681/13 1682/13 1078/13
f 1681/13 1078/13 1083/13
f 1089/13 1057/13 1106/13
f 1089/13 1106/13 1120/13
f 1680/13 1082/13 1085/13
f 1680/13 1085/13 1684/13
f 1067/13 1071/13 1123/13
f 1067/13 1123/13 1116/13
f 1093/13 1694/13 1775/13
f 1093/13 1775/13 1143/13
f 1077/13 1072/13 1152/13
f 1077/13 1152/13 1170/13
f 1086/13 1137/13 1767/13
f 1086/13 1767/13 1685/13
f 1068/13 1066/13 1084/13
f 1068/13 1084/13 1080/13
f 1066/13 1059/13 1087/13
f 1066/13 1087/13 1084/13
f 1059/13 1091/13 1141/13
f 1059/13 1141/13 1087/13
f 1105/13 1117/13 1121/13
f 1105/13 1121/13 1108/13
f 1096/13 1110/13 1134/13
f 1096/13 1134/13 1129/13
f 1064/13 1067/13 1116/13
f 1064/13 1116/13 1103/13
f 1075/13 1088/13 1119/13
f 1075/13 1119/13 1127/13
f 1070/13 1074/13 1126/13
f 1070/13 1126/13 1122/13
f 1058/13 1065/13 1104/13
f 1058/13 1104/13 1107/13
f 1098/13 1102/13 1121/13
f 1098/13 1121/13 1117/13
f 1115/13 1111/13 1124/13
f 1115/13 1124/13 1128/13
f 1112/13 1099/13 1118/13
f 1112/13 1118/13 1125/13
f 1102/13 1115/13 1128/13
f 1102/13 1128/13 1121/13
f 1101/13 1097/13 1130/13
f 1101/13 1130/13 1132/13
f 1114/13 1100/13 1131/13
f 1114/13 1131/13 1136/13
f 1109/13 1113/13 1135/13
f 1109/13 1135/13 1133/13
f 1061/13 1686/13 1768/13
f 1061/13 1768/13 1138/13
f 1060/13 1092/13 1142/13
f 1060/13 1142/13 1144/13
f 1688/13 1062/13 1145/13
f 1688/13 1145/13 1773/13
f 1149/13 1174/13 1185/13
f 1149/13 1185/13 1161/13
f 1162/13 1186/13 1182/13
f 1162/13 1182/13 1164/13
f 1166/13 1183/13 1168/13
f 1166/13 1168/13 1151/13
f 1147/13 1692/13 1771/13
f 1147/13 1771/13 1171/13
f 1214/13 1232/13 1201/13
f 1214/13 1201/13 1192/13
f 1189/13 1217/13 1224/13
f 1189/13 1224/13 1194/13
f 1195/13 1225/13 1220/13
f 1195/13 1220/13 1197/13
f 1198/13 1222/13 1213/13
f 1198/13 1213/13 1191/13
f 1228/13 1204/13 1209/13
f 1228/13 1209/13 1234/13
f 1235/13 1210/13 1206/13
f 1235/13 1206/13 1238/13
f 1240/13 1207/13 1200/13
f 1240/13 1200/13 1231/13
f 1880/13 1215/13 1187/13
f 1880/13 1187/13 1882/13
f 1227/13 1879/13 1877/13
f 1227/13 1877/13 1203/13
f 1395/13 1409/13 1254/13
f 1395/13 1254/13 1246/13
f 1290/13 1297/13 1433/13
f 1290/13 1433/13 1436/13
f 1368/13 1279/13 1258/13
f 1368/13 1258/13 1403/13
f 1267/13 1281/13 1378/13
f 1267/13 1378/13 1364/13
f 1356/13 1270/13 1275/13
f 1356/13 1275/13 1351/13
f 1352/13 1276/13 1272/13
f 1352/13 1272/13 1359/13
f 1360/13 1273/13 1266/13
f 1360/13 1266/13 1363/13
f 1278/13 1367/13 1371/13
f 1278/13 1371/13 1285/13
f 1284/13 1370/13 1375/13
f 1284/13 1375/13 1288/13
f 1287/13 1374/13 1379/13
f 1287/13 1379/13 1282/13
f 1243/13 1383/13 1386/13
f 1243/13 1386/13 1248/13
f 1249/13 1387/13 1390/13
f 1249/13 1390/13 1251/13
f 1252/13 1391/13 1394/13
f 1252/13 1394/13 1245/13
f 1402/13 1257/13 1264/13
f 1402/13 1264/13 1399/13
f 1398/13 1263/13 1261/13
f 1398/13 1261/13 1406/13
f 1405/13 1260/13 1255/13
f 1405/13 1255/13 1410/13
f 1269/13 1355/13 1382/13
f 1269/13 1382/13 1242/13
f 1331/13 1322/13 1357/13
f 1331/13 1357/13 1354/13
f 1334/13 1330/13 1353/13
f 1334/13 1353/13 1361/13
f 1327/13 1335/13 1362/13
f 1327/13 1362/13 1366/13
f 1342/13 1349/13 1372/13
f 1342/13 1372/13 1369/13
f 1350/13 1346/13 1377/13
f 1350/13 1377/13 1373/13
f 1345/13 1339/13 1381/13
f 1345/13 1381/13 1376/13
f 1295/13 1304/13 1389/13
f 1295/13 1389/13 1384/13
f 1303/13 1299/13 1392/13
f 1303/13 1392/13 1388/13
f 1300/13 1291/13 1396/13
f 1300/13 1396/13 1393/13
f 1314/13 1307/13 1404/13
f 1314/13 1404/13 1400/13
f 1318/13 1315/13 1401/13
f 1318/13 1401/13 1407/13
f 1310/13 1319/13 1408/13
f 1310/13 1408/13 1411/13
f 1323/13 1296/13 1385/13
f 1323/13 1385/13 1358/13
f 1292/13 1311/13 1412/13
f 1292/13 1412/13 1397/13
f 1307/13 1342/13 1369/13
f 1307/13 1369/13 1404/13
f 1338/13 1326/13 1365/13
f 1338/13 1365/13 1380/13
f 1328/13 1333/13 1418/13
f 1328/13 1418/13 1413/13
f 1306/13 1312/13 1437/13
f 1306/13 1437/13 1440/13
f 1332/13 1325/13 1420/13
f 1332/13 1420/13 1417/13
f 1313/13 1316/13 1441/13
f 1313/13 1441/13 1438/13
f 1347/13 1341/13 1422/13
f 1347/13 1422/13 1423/13
f 1317/13 1308/13 1443/13
f 1317/13 1443/13 1442/13
f 1343/13 1348/13 1424/13
f 1343/13 1424/13 1425/13
f 1294/13 1321/13 1416/13
f 1294/13 1416/13 1430/13
f 1336/13 1344/13 1426/13
f 1336/13 1426/13 1427/13
f 1309/13 1289/13 1435/13
f 1309/13 1435/13 1444/13
f 1302/13 1293/13 1429/13
f 1302/13 1429/13 1432/13
f 1340/13 1305/13 1439/13
f 1340/13 1439/13 1421/13
f 1298/13 1301/13 1431/13
f 1298/13 1431/13 1434/13
f 1320/13 1329/13 1414/13
f 1320/13 1414/13 1415/13
f 1324/13 1337/13 1428/13
f 1324/13 1428/13 1419/13
f 2099/13 1447/13 1445/13
f 2099/13 1445/13 2100/13
f 1451/13 1454/13 1452/13
f 1451/13 1452/13 1449/13
f 1453/13 1450/13 1455/13
f 1453/13 1455/13 1456/13
f 1459/13 1462/13 1460/13
f 1459/13 1460/13 1457/13
f 1461/13 1458/13 1463/13
f 1461/13 1463/13 1464/13
f 1446/13 2102/13 2101/13
f 1446/13 2101/13 1448/13
f 1474/13 1470/13 1486/13
f 1474/13 1486/13 1489/13
f 1211/13 1221/13 1468/13
f 1211/13 1468/13 1471/13
f 1239/13 1229/13 1475/13
f 1239/13 1475/13 1480/13
f 1230/13 1212/13 1472/13
f 1230/13 1472/13 1476/13
f 1218/13 1236/13 1477/13
f 1218/13 1477/13 1465/13
f 1482/13 1491/13 1487/13
f 1482/13 1487/13 1484/13
f 1469/13 1467/13 1483/13
f 1469/13 1483/13 1485/13
f 1466/13 1478/13 1490/13
f 1466/13 1490/13 1481/13
f 1479/13 1473/13 1488/13
f 1479/13 1488/13 1492/13
f 1493/13 1503/13 1507/13
f 1493/13 1507/13 1514/13
f 1513/13 1506/13 1522/13
f 1513/13 1522/13 1502/13
f 1511/13 1518/13 1510/13
f 1511/13 1510/13 1505/13
f 1517/13 1515/13 1508/13
f 1517/13 1508/13 1509/13
f 1496/13 1520/13 1504/13
f 1496/13 1504/13 1494/13
f 1530/13 1536/13 1591/13
f 1530/13 1591/13 1587/13
f 1535/13 1543/13 1594/13
f 1535/13 1594/13 1590/13
f 1544/13 1551/13 1598/13
f 1544/13 1598/13 1595/13
f 1552/13 1560/13 1602/13
f 1552/13 1602/13 1599/13
f 1559/13 1567/13 1606/13
f 1559/13 1606/13 1601/13
f 1652/13 1654/13 1638/13
f 1652/13 1638/13 1581/13
f 1566/13 1575/13 1610/13
f 1566/13 1610/13 1605/13
f 1641/13 1524/13 1584/13
f 1641/13 1584/13 1647/13
f 1532/13 1585/13 1588/13
f 1532/13 1588/13 1539/13
f 1540/13 1589/13 1593/13
f 1540/13 1593/13 1548/13
f 1547/13 1592/13 1596/13
f 1547/13 1596/13 1555/13
f 1556/13 1597/13 1600/13
f 1556/13 1600/13 1563/13
f 1563/13 1600/13 1604/13
f 1563/13 1604/13 1571/13
f 1570/13 1603/13 1608/13
f 1570/13 1608/13 1579/13
f 1649/13 1645/13 1582/13
f 1649/13 1582/13 1526/13
f 1541/13 1617/13 1615/13
f 1541/13 1615/13 1534/13
f 1550/13 1622/13 1618/13
f 1550/13 1618/13 1542/13
f 1558/13 1626/13 1621/13
f 1558/13 1621/13 1549/13
f 1564/13 1629/13 1625/13
f 1564/13 1625/13 1557/13
f 1572/13 1633/13 1630/13
f 1572/13 1630/13 1565/13
f 1580/13 1637/13 1634/13
f 1580/13 1634/13 1573/13
f 1586/13 1533/13 1614/13
f 1586/13 1614/13 1529/13
f 1531/13 1616/13 1619/13
f 1531/13 1619/13 1537/13
f 1538/13 1620/13 1623/13
f 1538/13 1623/13 1545/13
f 1546/13 1624/13 1627/13
f 1546/13 1627/13 1553/13
f 1554/13 1628/13 1632/13
f 1554/13 1632/13 1562/13
f 1561/13 1631/13 1636/13
f 1561/13 1636/13 1569/13
f 1568/13 1635/13 1640/13
f 1568/13 1640/13 1577/13
f 1643/13 1655/13 1613/13
f 1643/13 1613/13 1525/13
f 1583/13 1523/13 1611/13
f 1583/13 1611/13 1527/13
f 1576/13 1639/13 1656/13
f 1576/13 1656/13 1644/13
f 1578/13 1607/13 1646/13
f 1578/13 1646/13 1650/13
f 1574/13 1642/13 1648/13
f 1574/13 1648/13 1609/13
f 1528/13 1612/13 1653/13
f 1528/13 1653/13 1651/13
f 1681/13 1702/13 1698/13
f 1681/13 1698/13 1682/13
f 1710/13 1745/13 1727/13
f 1710/13 1727/13 1659/13
f 1680/13 1684/13 1705/13
f 1680/13 1705/13 1701/13
f 1671/13 1740/13 1749/13
f 1671/13 1749/13 1675/13
f 1713/13 1776/13 1775/13
f 1713/13 1775/13 1694/13
f 1677/13 1802/13 1785/13
f 1677/13 1785/13 1673/13
f 1706/13 1685/13 1767/13
f 1706/13 1767/13 1765/13
f 1670/13 1697/13 1700/13
f 1670/13 1700/13 1666/13
f 1665/13 1699/13 1704/13
f 1665/13 1704/13 1658/13
f 1657/13 1703/13 1762/13
f 1657/13 1762/13 1707/13
f 1723/13 1726/13 1743/13
f 1723/13 1743/13 1739/13
f 1717/13 1754/13 1759/13
f 1717/13 1759/13 1732/13
f 1667/13 1724/13 1740/13
f 1667/13 1740/13 1671/13
f 1679/13 1753/13 1744/13
f 1679/13 1744/13 1709/13
f 1674/13 1748/13 1752/13
f 1674/13 1752/13 1678/13
f 1660/13 1728/13 1725/13
f 1660/13 1725/13 1668/13
f 1716/13 1738/13 1742/13
f 1716/13 1742/13 1720/13
f 1734/13 1751/13 1747/13
f 1734/13 1747/13 1730/13
f 1729/13 1746/13 1737/13
f 1729/13 1737/13 1715/13
f 1719/13 1741/13 1750/13
f 1719/13 1750/13 1733/13
f 1722/13 1757/13 1755/13
f 1722/13 1755/13 1718/13
f 1736/13 1761/13 1756/13
f 1736/13 1756/13 1721/13
f 1731/13 1758/13 1760/13
f 1731/13 1760/13 1735/13
f 1662/13 1766/13 1769/13
f 1662/13 1769/13 1687/13
f 1664/13 1779/13 1777/13
f 1664/13 1777/13 1714/13
f 1689/13 1774/13 1778/13
f 1689/13 1778/13 1663/13
f 1780/13 1794/13 1819/13
f 1780/13 1819/13 1805/13
f 1793/13 1799/13 1816/13
f 1793/13 1816/13 1818/13
f 1797/13 1786/13 1803/13
f 1797/13 1803/13 1815/13
f 1783/13 1808/13 1771/13
f 1783/13 1771/13 1692/13
f 1845/13 1824/13 1833/13
f 1845/13 1833/13 1863/13
f 1821/13 1828/13 1858/13
f 1821/13 1858/13 1849/13
f 1827/13 1831/13 1854/13
f 1827/13 1854/13 1857/13
f 1830/13 1825/13 1846/13
f 1830/13 1846/13 1852/13
f 1860/13 1868/13 1843/13
f 1860/13 1843/13 1836/13
f 1867/13 1872/13 1840/13
f 1867/13 1840/13 1842/13
f 1870/13 1864/13 1834/13
f 1870/13 1834/13 1839/13
f 1880/13 1882/13 1822/13
f 1880/13 1822/13 1850/13
f 1862/13 1838/13 1877/13
f 1862/13 1877/13 1879/13
f 2032/13 1889/13 1897/13
f 2032/13 1897/13 2045/13
f 1936/13 2070/13 2067/13
f 1936/13 2067/13 1942/13
f 2006/13 2038/13 1901/13
f 2006/13 1901/13 1922/13
f 1910/13 2002/13 2017/13
f 1910/13 2017/13 1924/13
f 1995/13 1991/13 1918/13
f 1995/13 1918/13 1913/13
f 1992/13 1997/13 1915/13
f 1992/13 1915/13 1919/13
f 1998/13 2001/13 1909/13
f 1998/13 1909/13 1916/13
f 1921/13 1928/13 2010/13
f 1921/13 2010/13 2005/13
f 1927/13 1931/13 2014/13
f 1927/13 2014/13 2009/13
f 1930/13 1925/13 2018/13
f 1930/13 2018/13 2013/13
f 1886/13 1891/13 2023/13
f 1886/13 2023/13 2021/13
f 1892/13 1894/13 2027/13
f 1892/13 2027/13 2024/13
f 1895/13 1888/13 2031/13
f 1895/13 2031/13 2028/13
f 2037/13 2035/13 1907/13
f 2037/13 1907/13 1900/13
f 2034/13 2042/13 1904/13
f 2034/13 1904/13 1906/13
f 2041/13 2046/13 1898/13
f 2041/13 1898/13 1903/13
f 1912/13 1885/13 2020/13
f 1912/13 2020/13 1994/13
f 1968/13 1990/13 1993/13
f 1968/13 1993/13 1961/13
f 1971/13 1996/13 1990/13
f 1971/13 1990/13 1968/13
f 1965/13 2000/13 1996/13
f 1965/13 1996/13 1971/13
f 1978/13 2003/13 2007/13
f 1978/13 2007/13 1986/13
f 1987/13 2008/13 2011/13
f 1987/13 2011/13 1982/13
f 1983/13 2012/13 2015/13
f 1983/13 2015/13 1974/13
f 1937/13 2019/13 2022/13
f 1937/13 2022/13 1944/13
f 1944/13 2022/13 2026/13
f 1944/13 2026/13 1941/13
f 1940/13 2025/13 2029/13
f 1940/13 2029/13 1933/13
f 1954/13 2033/13 2036/13
f 1954/13 2036/13 1947/13
f 1957/13 2039/13 2033/13
f 1957/13 2033/13 1954/13
f 1951/13 2044/13 2040/13
f 1951/13 2040/13 1958/13
f 1961/13 1993/13 2019/13
f 1961/13 2019/13 1937/13
f 1934/13 2030/13 2043/13
f 1934/13 2043/13 1950/13
f 1947/13 2036/13 2004/13
f 1947/13 2004/13 1979/13
f 1975/13 2016/13 1999/13
f 1975/13 1999/13 1964/13
f 1969/13 2047/13 2052/13
f 1969/13 2052/13 1973/13
f 1949/13 2074/13 2071/13
f 1949/13 2071/13 1955/13
f 1972/13 2051/13 2054/13
f 1972/13 2054/13 1967/13
f 1956/13 2072/13 2075/13
f 1956/13 2075/13 1959/13
f 1988/13 2057/13 2056/13
f 1988/13 2056/13 1981/13
f 1960/13 2076/13 2077/13
f 1960/13 2077/13 1952/13
f 1984/13 2059/13 2058/13
f 1984/13 2058/13 1989/13
f 1939/13 2064/13 2050/13
f 1939/13 2050/13 1963/13
f 1976/13 2061/13 2060/13
f 1976/13 2060/13 1985/13
f 1953/13 2078/13 2069/13
f 1953/13 2069/13 1935/13
f 1946/13 2066/13 2063/13
f 1946/13 2063/13 1938/13
f 1980/13 2055/13 2073/13
f 1980/13 2073/13 1948/13
f 1943/13 2068/13 2065/13
f 1943/13 2065/13 1945/13
f 1962/13 2049/13 2048/13
f 1962/13 2048/13 1970/13
f 1966/13 2053/13 2062/13
f 1966/13 2062/13 1977/13
f 2099/13 2100/13 2079/13
f 2099/13 2079/13 2081/13
f 2085/13 2083/13 2086/13
f 2085/13 2086/13 2088/13
f 2087/13 2090/13 2089/13
f 2087/13 2089/13 2084/13
f 2093/13 2091/13 2094/13
f 2093/13 2094/13 2096/13
f 2095/13 2098/13 2097/13
f 2095/13 2097/13 2092/13
f 2080/13 2082/13 2101/13
f 2080/13 2101/13 2102/13
f 2113/13 2125/13 2122/13
f 2113/13 2122/13 2109/13
f 1848/13 2108/13 2103/13
f 1848/13 2103/13 1853/13
f 1871/13 2115/13 2112/13
f 1871/13 2112/13 1866/13
f 1865/13 2111/13 2107/13
f 1865/13 2107/13 1847/13
f 1856/13 2106/13 2118/13
f 1856/13 2118/13 1874/13
f 2120/13 2124/13 2127/13
f 2120/13 2127/13 2129/13
f 2110/13 2123/13 2119/13
f 2110/13 2119/13 2104/13
f 2105/13 2121/13 2130/13
f 2105/13 2130/13 2117/13
f 2116/13 2128/13 2126/13
f 2116/13 2126/13 2114/13
f 2189/13 2201/13 2344/13
f 2189/13 2344/13 2332/13
f 2218/13 2233/13 2298/13
f 2218/13 2298/13 2283/13
f 2229/13 2178/13 2260/13
f 2229/13 2260/13 2286/13
f 2174/13 2165/13 2370/13
f 2174/13 2370/13 2372/13
f 2159/13 2240/13 2244/13
f 2159/13 2244/13 2167/13
f 2166/13 2243/13 2247/13
f 2166/13 2247/13 2170/13
f 2169/13 2246/13 2349/13
f 2169/13 2349/13 2354/13
f 2257/13 2176/13 2183/13
f 2257/13 2183/13 2254/13
f 2253/13 2182/13 2180/13
f 2253/13 2180/13 2262/13
f 2261/13 2179/13 2358/13
f 2261/13 2358/13 2362/13
f 2275/13 2221/13 2226/13
f 2275/13 2226/13 2270/13
f 2271/13 2227/13 2223/13
f 2271/13 2223/13 2278/13
f 2279/13 2224/13 2217/13
f 2279/13 2217/13 2282/13
f 2230/13 2287/13 2290/13
f 2230/13 2290/13 2235/13
f 2236/13 2291/13 2293/13
f 2236/13 2293/13 2238/13
f 2239/13 2294/13 2297/13
f 2239/13 2297/13 2232/13
f 2160/13 2219/13 2272/13
f 2160/13 2272/13 2241/13
f 2135/13 2141/13 2245/13
f 2135/13 2245/13 2242/13
f 2141/13 2138/13 2248/13
f 2141/13 2248/13 2245/13
f 2138/13 2131/13 2350/13
f 2138/13 2350/13 2248/13
f 2152/13 2146/13 2259/13
f 2152/13 2259/13 2255/13
f 2156/13 2153/13 2256/13
f 2156/13 2256/13 2263/13
f 2148/13 2156/13 2263/13
f 2148/13 2263/13 2363/13
f 2196/13 2187/13 2274/13
f 2196/13 2274/13 2269/13
f 2200/13 2195/13 2268/13
f 2200/13 2268/13 2277/13
f 2191/13 2199/13 2276/13
f 2191/13 2276/13 2280/13
f 2208/13 2214/13 2288/13
f 2208/13 2288/13 2285/13
f 2215/13 2211/13 2292/13
f 2215/13 2292/13 2289/13
f 2211/13 2204/13 2296/13
f 2211/13 2296/13 2292/13
f 2186/13 2135/13 2242/13
f 2186/13 2242/13 2273/13
f 2132/13 2149/13 2364/13
f 2132/13 2364/13 2351/13
f 2203/13 2192/13 2281/13
f 2203/13 2281/13 2295/13
f 2145/13 2207/13 2284/13
f 2145/13 2284/13 2258/13
f 2193/13 2198/13 2330/13
f 2193/13 2330/13 2323/13
f 2142/13 2137/13 2301/13
f 2142/13 2301/13 2303/13
f 2206/13 2144/13 2314/13
f 2206/13 2314/13 2336/13
f 2197/13 2190/13 2333/13
f 2197/13 2333/13 2329/13
f 2139/13 2143/13 2304/13
f 2139/13 2304/13 2306/13
f 2213/13 2205/13 2335/13
f 2213/13 2335/13 2339/13
f 2133/13 2140/13 2307/13
f 2133/13 2307/13 2309/13
f 2210/13 2212/13 2338/13
f 2210/13 2338/13 2342/13
f 2147/13 2154/13 2312/13
f 2147/13 2312/13 2316/13
f 2202/13 2209/13 2341/13
f 2202/13 2341/13 2345/13
f 2155/13 2157/13 2318/13
f 2155/13 2318/13 2313/13
f 2136/13 2188/13 2328/13
f 2136/13 2328/13 2300/13
f 2158/13 2150/13 2321/13
f 2158/13 2321/13 2319/13
f 2151/13 2134/13 2310/13
f 2151/13 2310/13 2322/13
f 2185/13 2194/13 2324/13
f 2185/13 2324/13 2326/13
f 2250/13 2163/13 2353/13
f 2250/13 2353/13 2348/13
f 2173/13 2265/13 2361/13
f 2173/13 2361/13 2357/13
f 2264/13 2249/13 2347/13
f 2264/13 2347/13 2360/13
f 2162/13 2172/13 2356/13
f 2162/13 2356/13 2352/13
f 2365/13 2374/13 2371/13
f 2365/13 2371/13 2368/13
f 2267/13 2175/13 2373/13
f 2267/13 2373/13 2376/13
f 2252/13 2266/13 2375/13
f 2252/13 2375/13 2367/13
f 2164/13 2251/13 2366/13
f 2164/13 2366/13 2369/13
f 2439/13 2584/13 2596/13
f 2439/13 2596/13 2450/13
f 2463/13 2530/13 2546/13
f 2463/13 2546/13 2478/13
f 2477/13 2537/13 2509/13
f 2477/13 2509/13 2424/13
f 2419/13 2619/13 2617/13
f 2419/13 2617/13 2410/13
f 2408/13 2414/13 2493/13
f 2408/13 2493/13 2490/13
f 2415/13 2417/13 2497/13
f 2415/13 2497/13 2494/13
f 2418/13 2602/13 2598/13
f 2418/13 2598/13 2498/13
f 2510/13 2505/13 2430/13
f 2510/13 2430/13 2425/13
f 2506/13 2512/13 2427/13
f 2506/13 2427/13 2431/13
f 2513/13 2610/13 2606/13
f 2513/13 2606/13 2428/13
f 2522/13 2519/13 2473/13
f 2522/13 2473/13 2466/13
f 2518/13 2527/13 2470/13
f 2518/13 2470/13 2472/13
f 2526/13 2531/13 2464/13
f 2526/13 2464/13 2469/13
f 2475/13 2482/13 2539/13
f 2475/13 2539/13 2534/13
f 2481/13 2485/13 2543/13
f 2481/13 2543/13 2538/13
f 2484/13 2479/13 2547/13
f 2484/13 2547/13 2542/13
f 2406/13 2487/13 2523/13
f 2406/13 2523/13 2467/13
f 2383/13 2489/13 2492/13
f 2383/13 2492/13 2391/13
f 2390/13 2491/13 2496/13
f 2390/13 2496/13 2387/13
f 2386/13 2495/13 2597/13
f 2386/13 2597/13 2379/13
f 2401/13 2503/13 2508/13
f 2401/13 2508/13 2394/13
f 2405/13 2511/13 2504/13
f 2405/13 2504/13 2402/13
f 2398/13 2609/13 2511/13
f 2398/13 2511/13 2405/13
f 2441/13 2521/13 2525/13
f 2441/13 2525/13 2434/13
f 2445/13 2529/13 2520/13
f 2445/13 2520/13 2440/13
f 2436/13 2532/13 2528/13
f 2436/13 2528/13 2444/13
f 2451/13 2535/13 2540/13
f 2451/13 2540/13 2459/13
f 2460/13 2541/13 2544/13
f 2460/13 2544/13 2455/13
f 2456/13 2545/13 2548/13
f 2456/13 2548/13 2448/13
f 2433/13 2524/13 2488/13
f 2433/13 2488/13 2382/13
f 2379/13 2597/13 2609/13
f 2379/13 2609/13 2398/13
f 2448/13 2548/13 2533/13
f 2448/13 2533/13 2437/13
f 2393/13 2507/13 2536/13
f 2393/13 2536/13 2452/13
f 2443/13 2575/13 2580/13
f 2443/13 2580/13 2446/13
f 2389/13 2553/13 2549/13
f 2389/13 2549/13 2380/13
f 2453/13 2586/13 2566/13
f 2453/13 2566/13 2395/13
f 2447/13 2581/13 2583/13
f 2447/13 2583/13 2438/13
f 2385/13 2556/13 2552/13
f 2385/13 2552/13 2388/13
f 2461/13 2589/13 2587/13
f 2461/13 2587/13 2454/13
f 2378/13 2559/13 2555/13
f 2378/13 2555/13 2384/13
f 2457/13 2592/13 2590/13
f 2457/13 2590/13 2462/13
f 2392/13 2564/13 2562/13
f 2392/13 2562/13 2400/13
f 2449/13 2595/13 2593/13
f 2449/13 2593/13 2458/13
f 2399/13 2561/13 2568/13
f 2399/13 2568/13 2404/13
f 2381/13 2550/13 2576/13
f 2381/13 2576/13 2432/13
f 2403/13 2567/13 2571/13
f 2403/13 2571/13 2397/13
f 2396/13 2570/13 2558/13
f 2396/13 2558/13 2377/13
f 2435/13 2578/13 2574/13
f 2435/13 2574/13 2442/13
f 2502/13 2600/13 2604/13
f 2502/13 2604/13 2412/13
f 2422/13 2608/13 2612/13
f 2422/13 2612/13 2517/13
f 2516/13 2611/13 2599/13
f 2516/13 2599/13 2501/13
f 2411/13 2603/13 2607/13
f 2411/13 2607/13 2421/13
f 2615/13 2618/13 2621/13
f 2615/13 2621/13 2624/13
f 2515/13 2623/13 2620/13
f 2515/13 2620/13 2420/13
f 2500/13 2614/13 2622/13
f 2500/13 2622/13 2514/13
f 2409/13 2616/13 2613/13
f 2409/13 2613/13 2499/13
f 920/13 1498/13 1501/13
f 1498/13 920/13 909/13
f 909/13 920/13 926/13
f 909/13 926/13 923/13
f 1158/13 1069/13 1081/13
f 1069/13 1158/13 1073/13
f 1073/13 1158/13 1153/13
f 1146/13 1683/13 1691/13
f 1683/13 1146/13 1079/13
f 1079/13 1146/13 1154/13
f 1139/13 1095/13 1063/13
f 1095/13 1139/13 1176/13
f 1176/13 1139/13 1178/13
f 1094/13 1772/13 1695/13
f 1772/13 1094/13 1172/13
f 1172/13 1094/13 1175/13
f 1076/13 1140/13 1090/13
f 1140/13 1076/13 1180/13
f 1180/13 1076/13 1169/13
f 1177/13 1184/13 1173/13
f 1184/13 1177/13 2625/13
f 1184/13 2625/13 1181/13
f 1179/13 2625/13 1167/13
f 1188/13 1875/13 1883/13
f 1875/13 1188/13 1202/13
f 1202/13 1188/13 1193/13
f 1202/13 1193/13 1208/13
f 1208/13 1193/13 1196/13
f 1208/13 1196/13 1205/13
f 1205/13 1196/13 1190/13
f 1205/13 1190/13 1199/13
f 1226/13 1881/13 1878/13
f 1881/13 1226/13 1216/13
f 1216/13 1226/13 1233/13
f 1216/13 1233/13 1223/13
f 1223/13 1233/13 1237/13
f 1223/13 1237/13 1219/13
f 1247/13 1268/13 1241/13
f 1268/13 1247/13 1274/13
f 1274/13 1247/13 1250/13
f 1274/13 1250/13 1271/13
f 1271/13 1250/13 1244/13
f 1271/13 1244/13 1265/13
f 1265/13 1244/13 1253/13
f 1265/13 1253/13 1280/13
f 1280/13 1253/13 1259/13
f 1280/13 1259/13 1286/13
f 1286/13 1259/13 1262/13
f 1286/13 1262/13 1283/13
f 1283/13 1262/13 1256/13
f 1283/13 1256/13 1277/13
f 1519/13 1495/13 1516/13
f 1495/13 1519/13 1497/13
f 1497/13 1519/13 1512/13
f 1497/13 1512/13 1500/13
f 1669/13 1788/13 1696/13
f 1788/13 1669/13 1672/13
f 1788/13 1672/13 1784/13
f 1782/13 1698/13 1792/13
f 1698/13 1782/13 1682/13
f 1682/13 1782/13 1690/13
f 1661/13 1814/13 1764/13
f 1814/13 1661/13 1810/13
f 1810/13 1661/13 1711/13
f 1712/13 1807/13 1811/13
f 1807/13 1712/13 1693/13
f 1807/13 1693/13 1770/13
f 1763/13 1676/13 1708/13
f 1676/13 1763/13 1812/13
f 1676/13 1812/13 1801/13
f 1809/13 1817/13 2626/13
f 1817/13 1809/13 1820/13
f 1820/13 1809/13 1806/13
f 2626/13 1813/13 1804/13
f 1832/13 1835/13 1826/13
f 1835/13 1832/13 1841/13
f 1841/13 1832/13 1829/13
f 1841/13 1829/13 1844/13
f 1844/13 1829/13 1823/13
f 1844/13 1823/13 1837/13
f 1837/13 1823/13 1884/13
f 1837/13 1884/13 1876/13
f 1869/13 1855/13 1873/13
f 1855/13 1869/13 1859/13
f 1859/13 1869/13 1861/13
f 1859/13 1861/13 1851/13
f 1851/13 1861/13 1878/13
f 1851/13 1878/13 1881/13
f 1920/13 1887/13 1914/13
f 1887/13 1920/13 1893/13
f 1893/13 1920/13 1917/13
f 1893/13 1917/13 1896/13
f 1896/13 1917/13 1911/13
f 1896/13 1911/13 1890/13
f 1890/13 1911/13 1926/13
f 1890/13 1926/13 1899/13
f 1899/13 1926/13 1932/13
f 1899/13 1932/13 1905/13
f 1905/13 1932/13 1929/13
f 1905/13 1929/13 1908/13
f 1908/13 1929/13 1923/13
f 1908/13 1923/13 1902/13
f 2181/13 2355/13 2359/13
f 2355/13 2181/13 2171/13
f 2171/13 2181/13 2184/13
f 2171/13 2184/13 2168/13
f 2168/13 2184/13 2177/13
f 2168/13 2177/13 2161/13
f 2161/13 2177/13 2228/13
f 2161/13 2228/13 2220/13
f 2220/13 2228/13 2234/13
f 2220/13 2234/13 2225/13
f 2225/13 2234/13 2237/13
f 2225/13 2237/13 2222/13
f 2222/13 2237/13 2231/13
f 2222/13 2231/13 2216/13
f 2308/13 2317/13 2320/13
f 2317/13 2308/13 2305/13
f 2317/13 2305/13 2311/13
f 2311/13 2305/13 2302/13
f 2311/13 2302/13 2315/13
f 2315/13 2302/13 2299/13
f 2315/13 2299/13 2337/13
f 2337/13 2299/13 2327/13
f 2337/13 2327/13 2340/13
f 2340/13 2327/13 2325/13
f 2340/13 2325/13 2343/13
f 2343/13 2325/13 2331/13
f 2343/13 2331/13 2346/13
f 2346/13 2331/13 2334/13
f 2480/13 2471/13 2465/13
f 2471/13 2480/13 2486/13
f 2471/13 2486/13 2474/13
f 2474/13 2486/13 2483/13
f 2474/13 2483/13 2468/13
f 2468/13 2483/13 2476/13
f 2468/13 2476/13 2407/13
f 2407/13 2476/13 2423/13
f 2407/13 2423/13 2429/13
f 2407/13 2429/13 2413/13
f 2413/13 2429/13 2416/13
f 2416/13 2429/13 2426/13
f 2416/13 2426/13 2601/13
f 2601/13 2426/13 2605/13
f 2579/13 2594/13 2582/13
f 2594/13 2579/13 2591/13
f 2591/13 2579/13 2573/13
f 2591/13 2573/13 2588/13
f 2588/13 2573/13 2577/13
f 2588/13 2577/13 2585/13
f 2585/13 2577/13 2551/13
f 2585/13 2551/13 2565/13
f 2565/13 2551/13 2554/13
f 2565/13 2554/13 2563/13
f 2563/13 2554/13 2557/13
f 2563/13 2557/13 2569/13
f 2569/13 2557/13 2560/13
f 2569/13 2560/13 2572/13
f 2628/7 2627/7 2629/7
f 2628/7 2629/7 2630/7
f 2632/7 2630/7 2629/7
f 2632/7 2629/7 2631/7
f 2633/14 2636/14 2642/14
f 2633/14 2642/14 2639/14
f 2641/14 2643/14 2654/14
f 2641/14 2654/14 2652/14
f 2653/14 2656/14 2650/14
f 2653/14 2650/14 2647/14
f 2646/14 2648/14 2637/14
f 2646/14 2637/14 2635/14
f 2640/14 2651/14 2645/14
f 2640/14 2645/14 2634/14
f 2655/14 2644/14 2638/14
f 2655/14 2638/14 2649/14
f 2657/14 2660/14 2666/14
f 2657/14 2666/14 2663/14
f 2665/14 2667/14 2678/14
f 2665/14 2678/14 2676/14
f 2677/14 2680/14 2674/14
f 2677/14 2674/14 2671/14
f 2670/14 2672/14 2661/14
f 2670/14 2661/14 2659/14
f 2664/14 2675/14 2669/14
f 2664/14 2669/14 2658/14
f 2679/14 2668/14 2662/14
f 2679/14 2662/14 2673/14
f 2681/14 2684/14 2690/14
f 2681/14 2690/14 2687/14
f 2689/14 2691/14 2702/14
f 2689/14 2702/14 2700/14
f 2701/14 2704/14 2698/14
f 2701/14 2698/14 2695/14
f 2694/14 2696/14 2685/14
f 2694/14 2685/14 2683/14
f 2688/14 2699/14 2693/14
f 2688/14 2693/14 2682/14
f 2703/14 2692/14 2686/14
f 2703/14 2686/14 2697/14
f 2705/14 2708/14 2714/14
f 2705/14 2714/14 2711/14
f 2713/14 2715/14 2726/14
f 2713/14 2726/14 2724/14
f 2725/14 2728/14 2722/14
f 2725/14 2722/14 2719/14
f 2718/14 2720/14 2709/14
f 2718/14 2709/14 2707/14
f 2712/14 2723/14 2717/14
f 2712/14 2717/14 2706/14
f 2727/14 2716/14 2710/14
f 2727/14 2710/14 2721/14
f 2729/14 2732/14 2738/14
f 2729/14 2738/14 2735/14
f 2737/14 2739/14 2750/14
f 2737/14 2750/14 2748/14
f 2749/14 2752/14 2746/14
f 2749/14 2746/14 2743/14
f 2742/14 2744/14 2733/14
f 2742/14 2733/14 2731/14
f 2736/14 2747/14 2741/14
f 2736/14 2741/14 2730/14
f 2751/14 2740/14 2734/14
f 2751/14 2734/14 2745/14
f 2753/14 2756/14 2762/14
f 2753/14 2762/14 2759/14
f 2761/14 2763/14 2774/14
f 2761/14 2774/14 2772/14
f 2773/14 2776/14 2770/14
f 2773/14 2770/14 2767/14
f 2766/14 2768/14 2757/14
f 2766/14 2757/14 2755/14
f 2760/14 2771/14 2765/14
f 2760/14 2765/14 2754/14
f 2775/14 2764/14 2758/14
f 2775/14 2758/14 2769/14
f 2777/14 2780/14 2786/14
f 2777/14 2786/14 2783/14
f 2785/14 2787/14 2798/14
f 2785/14 2798/14 2796/14
f 2797/14 2800/14 2794/14
f 2797/14 2794/14 2791/14
f 2790/14 2792/14 2781/14
f 2790/14 2781/14 2779/14
f 2784/14 2795/14 2789/14
f 2784/14 2789/14 2778/14
f 2799/14 2788/14 2782/14
f 2799/14 2782/14 2793/14
f 2801/14 2804/14 2810/14
f 2801/14 2810/14 2807/14
f 2809/14 2811/14 2822/14
f 2809/14 2822/14 2820/14
f 2821/14 2824/14 2818/14
f 2821/14 2818/14 2815/14
f 2814/14 2816/14 2805/14
f 2814/14 2805/14 2803/14
f 2808/14 2819/14 2813/14
f 2808/14 2813/14 2802/14
f 2823/14 2812/14 2806/14
f 2823/14 2806/14 2817/14
f 2825/14 2828/14 2834/14
f 2825/14 2834/14 2831/14
f 2833/14 2835/14 2846/14
f 2833/14 2846/14 2844/14
f 2845/14 2848/14 2842/14
f 2845/14 2842/14 2839/14
f 2838/14 2840/14 2829/14
f 2838/14 2829/14 2827/14
f 2832/14 2843/14 2837/14
f 2832/14 2837/14 2826/14
f 2847/14 2836/14 2830/14
f 2847/14 2830/14 2841/14
f 2851/14 2857/14 2860/14
f 2851/14 2860/14 2854/14
f 2856/14 2869/14 2871/14
f 2856/14 2871/14 2858/14
f 2867/14 2861/14 2864/14
f 2867/14 2864/14 2870/14
f 2863/14 2850/14 2852/14
f 2863/14 2852/14 2865/14
f 2855/14 2849/14 2862/14
f 2855/14 2862/14 2868/14
f 2872/14 2866/14 2853/14
f 2872/14 2853/14 2859/14
f 2875/14 2881/14 2884/14
f 2875/14 2884/14 2878/14
f 2880/14 2893/14 2895/14
f 2880/14 2895/14 2882/14
f 2891/14 2885/14 2888/14
f 2891/14 2888/14 2894/14
f 2887/14 2874/14 2876/14
f 2887/14 2876/14 2889/14
f 2879/14 2873/14 2886/14
f 2879/14 2886/14 2892/14
f 2896/14 2890/14 2877/14
f 2896/14 2877/14 2883/14
f 2899/14 2905/14 2908/14
f 2899/14 2908/14 2902/14
f 2904/14 2917/14 2919/14
f 2904/14 2919/14 2906/14
f 2915/14 2909/14 2912/14
f 2915/14 2912/14 2918/14
f 2911/14 2898/14 2900/14
f 2911/14 2900/14 2913/14
f 2903/14 2897/14 2910/14
f 2903/14 2910/14 2916/14
f 2920/14 2914/14 2901/14
f 2920/14 2901/14 2907/14
f 2923/14 2929/14 2932/14
f 2923/14 2932/14 2926/14
f 2928/14 2941/14 2943/14
f 2928/14 2943/14 2930/14
f 2939/14 2933/14 2936/14
f 2939/14 2936/14 2942/14
f 2935/14 2922/14 2924/14
f 2935/14 2924/14 2937/14
f 2927/14 2921/14 2934/14
f 2927/14 2934/14 2940/14
f 2944/14 2938/14 2925/14
f 2944/14 2925/14 2931/14
f 2947/14 2953/14 2956/14
f 2947/14 2956/14 2950/14
f 2952/14 2965/14 2967/14
f 2952/14 2967/14 2954/14
f 2963/14 2957/14 2960/14
f 2963/14 2960/14 2966/14
f 2959/14 2946/14 2948/14
f 2959/14 2948/14 2961/14
f 2951/14 2945/14 2958/14
f 2951/14 2958/14 2964/14
f 2968/14 2962/14 2949/14
f 2968/14 2949/14 2955/14
f 2971/14 2977/14 2980/14
f 2971/14 2980/14 2974/14
f 2976/14 2989/14 2991/14
f 2976/14 2991/14 2978/14
f 2987/14 2981/14 2984/14
f 2987/14 2984/14 2990/14
f 2983/14 2970/14 2972/14
f 2983/14 2972/14 2985/14
f 2975/14 2969/14 2982/14
f 2975/14 2982/14 2988/14
f 2992/14 2986/14 2973/14
f 2992/14 2973/14 2979/14
f 2995/14 3001/14 3004/14
f 2995/14 3004/14 2998/14
f 3000/14 3013/14 3015/14
f 3000/14 3015/14 3002/14
f 3011/14 3005/14 3008/14
f 3011/14 3008/14 3014/14
f 3007/14 2994/14 2996/14
f 3007/14 2996/14 3009/14
f 2999/14 2993/14 3006/14
f 2999/14 3006/14 3012/14
f 3016/14 3010/14 2997/14
f 3016/14 2997/14 3003/14
f 3019/14 3025/14 3028/14
f 3019/14 3028/14 3022/14
f 3024/14 3037/14 3039/14
f 3024/14 3039/14 3026/14
f 3035/14 3029/14 3032/14
f 3035/14 3032/14 3038/14
f 3031/14 3018/14 3020/14
f 3031/14 3020/14 3033/14
f 3023/14 3017/14 3030/14
f 3023/14 3030/14 3036/14
f 3040/14 3034/14 3021/14
f 3040/14 3021/14 3027/14
f 3043/14 3049/14 3052/14
f 3043/14 3052/14 3046/14
f 3048/14 3061/14 3063/14
f 3048/14 3063/14 3050/14
f 3059/14 3053/14 3056/14
f 3059/14 3056/14 3062/14
f 3055/14 3042/14 3044/14
f 3055/14 3044/14 3057/14
f 3047/14 3041/14 3054/14
f 3047/14 3054/14 3060/14
f 3064/14 3058/14 3045/14
f 3064/14 3045/14 3051/14
f 3078/9 3801/9 3826/9
f 3078/9 3826/9 3106/9
f 3076/9 3086/9 3088/9
f 3076/9 3088/9 3094/9
f 3099/9 3090/9 3087/9
f 3099/9 3087/9 3085/9
f 3082/9 3095/9 3089/9
f 3082/9 3089/9 3093/9
f 3100/9 3104/9 3073/9
f 3100/9 3073/9 3091/9
f 3092/9 3074/9 3070/9
f 3092/9 3070/9 3081/9
f 3793/9 3069/9 3071/9
f 3793/9 3071/9 3797/9
f 3798/9 3072/9 3101/9
f 3798/9 3101/9 3819/9
f 3075/9 3805/9 3808/9
f 3075/9 3808/9 3083/9
f 3084/9 3809/9 3825/9
f 3084/9 3825/9 3098/9
f 3080/9 3066/9 3102/9
f 3080/9 3102/9 3097/9
f 3067/9 3795/9 3820/9
f 3067/9 3820/9 3103/9
f 3802/9 3079/9 3096/9
f 3802/9 3096/9 3823/9
f 3065/9 3077/9 3105/9
f 3065/9 3105/9 3107/9
f 3796/9 3068/9 3108/9
f 3796/9 3108/9 3827/9
f 3111/9 3114/9 3119/9
f 3111/9 3119/9 3116/9
f 3117/9 3120/9 3125/9
f 3117/9 3125/9 3122/9
f 3123/9 3126/9 3131/9
f 3123/9 3131/9 3128/9
f 3129/9 3132/9 3138/9
f 3129/9 3138/9 3135/9
f 3134/9 3137/9 3144/9
f 3134/9 3144/9 3141/9
f 3140/9 3143/9 3150/9
f 3140/9 3150/9 3147/9
f 3146/9 3149/9 3156/9
f 3146/9 3156/9 3153/9
f 3151/9 3154/9 3161/9
f 3151/9 3161/9 3158/9
f 3157/9 3160/9 3167/9
f 3157/9 3167/9 3164/9
f 3163/9 3166/9 3173/9
f 3163/9 3173/9 3170/9
f 3169/9 3172/9 3178/9
f 3169/9 3178/9 3175/9
f 3176/9 3179/9 3184/9
f 3176/9 3184/9 3181/9
f 3182/9 3185/9 3190/9
f 3182/9 3190/9 3187/9
f 3188/9 3191/9 3112/9
f 3188/9 3112/9 3109/9
f 3195/9 3198/9 3203/9
f 3195/9 3203/9 3200/9
f 3201/9 3204/9 3209/9
f 3201/9 3209/9 3206/9
f 3207/9 3210/9 3215/9
f 3207/9 3215/9 3212/9
f 3213/9 3216/9 3222/9
f 3213/9 3222/9 3219/9
f 3218/9 3221/9 3228/9
f 3218/9 3228/9 3225/9
f 3224/9 3227/9 3234/9
f 3224/9 3234/9 3231/9
f 3230/9 3233/9 3240/9
f 3230/9 3240/9 3237/9
f 3235/9 3238/9 3245/9
f 3235/9 3245/9 3242/9
f 3241/9 3244/9 3251/9
f 3241/9 3251/9 3248/9
f 3247/9 3250/9 3257/9
f 3247/9 3257/9 3253/9
f 3259/9 3262/9 3287/9
f 3259/9 3287/9 3278/9
f 3265/9 3261/9 3284/9
f 3265/9 3284/9 3289/9
f 3263/9 3267/9 3273/9
f 3263/9 3273/9 3270/9
f 3271/9 3274/9 3196/9
f 3271/9 3196/9 3193/9
f 3279/9 3276/9 3285/9
f 3279/9 3285/9 3282/9
f 3283/9 3286/9 3291/9
f 3283/9 3291/9 3288/9
f 3254/9 3258/9 3277/9
f 3254/9 3277/9 3280/9
f 3262/9 3268/9 3292/9
f 3262/9 3292/9 3287/9
f 3261/9 3256/9 3281/9
f 3261/9 3281/9 3284/9
f 3269/9 3266/9 3290/9
f 3269/9 3290/9 3293/9
f 3296/9 3299/9 3304/9
f 3296/9 3304/9 3301/9
f 3302/9 3305/9 3310/9
f 3302/9 3310/9 3307/9
f 3308/9 3311/9 3316/9
f 3308/9 3316/9 3313/9
f 3314/9 3317/9 3323/9
f 3314/9 3323/9 3320/9
f 3319/9 3322/9 3329/9
f 3319/9 3329/9 3326/9
f 3325/9 3328/9 3335/9
f 3325/9 3335/9 3332/9
f 3331/9 3334/9 3341/9
f 3331/9 3341/9 3338/9
f 3336/9 3339/9 3346/9
f 3336/9 3346/9 3343/9
f 3342/9 3345/9 3352/9
f 3342/9 3352/9 3349/9
f 3348/9 3351/9 3358/9
f 3348/9 3358/9 3354/9
f 3360/9 3365/9 3394/9
f 3360/9 3394/9 3384/9
f 3370/9 3364/9 3391/9
f 3370/9 3391/9 3397/9
f 3368/9 3372/9 3379/9
f 3368/9 3379/9 3376/9
f 3377/9 3380/9 3297/9
f 3377/9 3297/9 3294/9
f 3385/9 3382/9 3392/9
f 3385/9 3392/9 3388/9
f 3389/9 3393/9 3399/9
f 3389/9 3399/9 3396/9
f 3355/9 3359/9 3383/9
f 3355/9 3383/9 3386/9
f 3367/9 3374/9 3400/9
f 3367/9 3400/9 3395/9
f 3362/9 3356/9 3387/9
f 3362/9 3387/9 3390/9
f 3375/9 3371/9 3398/9
f 3375/9 3398/9 3401/9
f 3404/9 3407/9 3412/9
f 3404/9 3412/9 3409/9
f 3410/9 3413/9 3418/9
f 3410/9 3418/9 3415/9
f 3416/9 3419/9 3424/9
f 3416/9 3424/9 3421/9
f 3422/9 3425/9 3431/9
f 3422/9 3431/9 3428/9
f 3427/9 3430/9 3437/9
f 3427/9 3437/9 3434/9
f 3433/9 3436/9 3443/9
f 3433/9 3443/9 3440/9
f 3439/9 3442/9 3449/9
f 3439/9 3449/9 3446/9
f 3444/9 3447/9 3454/9
f 3444/9 3454/9 3451/9
f 3450/9 3453/9 3460/9
f 3450/9 3460/9 3457/9
f 3456/9 3459/9 3466/9
f 3456/9 3466/9 3463/9
f 3462/9 3465/9 3471/9
f 3462/9 3471/9 3468/9
f 3469/9 3472/9 3477/9
f 3469/9 3477/9 3474/9
f 3475/9 3478/9 3483/9
f 3475/9 3483/9 3480/9
f 3481/9 3484/9 3405/9
f 3481/9 3405/9 3402/9
f 3488/9 3491/9 3496/9
f 3488/9 3496/9 3493/9
f 3494/9 3497/9 3502/9
f 3494/9 3502/9 3499/9
f 3500/9 3503/9 3508/9
f 3500/9 3508/9 3505/9
f 3506/9 3509/9 3515/9
f 3506/9 3515/9 3512/9
f 3511/9 3514/9 3521/9
f 3511/9 3521/9 3518/9
f 3517/9 3520/9 3527/9
f 3517/9 3527/9 3524/9
f 3523/9 3526/9 3533/9
f 3523/9 3533/9 3530/9
f 3528/9 3531/9 3538/9
f 3528/9 3538/9 3535/9
f 3534/9 3537/9 3544/9
f 3534/9 3544/9 3541/9
f 3540/9 3543/9 3550/9
f 3540/9 3550/9 3547/9
f 3546/9 3549/9 3555/9
f 3546/9 3555/9 3552/9
f 3553/9 3556/9 3561/9
f 3553/9 3561/9 3558/9
f 3559/9 3562/9 3567/9
f 3559/9 3567/9 3564/9
f 3565/9 3568/9 3489/9
f 3565/9 3489/9 3486/9
f 3572/9 3575/9 3580/9
f 3572/9 3580/9 3577/9
f 3578/9 3581/9 3586/9
f 3578/9 3586/9 3583/9
f 3584/9 3587/9 3592/9
f 3584/9 3592/9 3589/9
f 3590/9 3593/9 3599/9
f 3590/9 3599/9 3596/9
f 3595/9 3598/9 3605/9
f 3595/9 3605/9 3602/9
f 3601/9 3604/9 3611/9
f 3601/9 3611/9 3608/9
f 3607/9 3610/9 3617/9
f 3607/9 3617/9 3614/9
f 3612/9 3615/9 3622/9
f 3612/9 3622/9 3619/9
f 3618/9 3621/9 3628/9
f 3618/9 3628/9 3625/9
f 3624/9 3627/9 3634/9
f 3624/9 3634/9 3631/9
f 3630/9 3633/9 3639/9
f 3630/9 3639/9 3636/9
f 3637/9 3640/9 3645/9
f 3637/9 3645/9 3642/9
f 3643/9 3646/9 3651/9
f 3643/9 3651/9 3648/9
f 3649/9 3652/9 3573/9
f 3649/9 3573/9 3570/9
f 3656/9 3659/9 3664/9
f 3656/9 3664/9 3661/9
f 3662/9 3665/9 3670/9
f 3662/9 3670/9 3667/9
f 3668/9 3671/9 3676/9
f 3668/9 3676/9 3673/9
f 3674/9 3677/9 3683/9
f 3674/9 3683/9 3680/9
f 3679/9 3682/9 3689/9
f 3679/9 3689/9 3686/9
f 3685/9 3688/9 3695/9
f 3685/9 3695/9 3692/9
f 3691/9 3694/9 3701/9
f 3691/9 3701/9 3698/9
f 3696/9 3699/9 3706/9
f 3696/9 3706/9 3703/9
f 3702/9 3705/9 3712/9
f 3702/9 3712/9 3709/9
f 3708/9 3711/9 3718/9
f 3708/9 3718/9 3715/9
f 3714/9 3717/9 3723/9
f 3714/9 3723/9 3720/9
f 3721/9 3724/9 3729/9
f 3721/9 3729/9 3726/9
f 3727/9 3730/9 3735/9
f 3727/9 3735/9 3732/9
f 3733/9 3736/9 3657/9
f 3733/9 3657/9 3654/9
f 3738/9 3741/9 3747/9
f 3738/9 3747/9 3744/9
f 3746/9 3748/9 3759/9
f 3746/9 3759/9 3757/9
f 3758/9 3761/9 3755/9
f 3758/9 3755/9 3752/9
f 3751/9 3753/9 3742/9
f 3751/9 3742/9 3740/9
f 3745/9 3756/9 3750/9
f 3745/9 3750/9 3739/9
f 3760/9 3749/9 3743/9
f 3760/9 3743/9 3754/9
f 3774/9 3828/9 3826/9
f 3774/9 3826/9 3801/9
f 3772/9 3792/9 3785/9
f 3772/9 3785/9 3780/9
f 3811/9 3781/9 3786/9
f 3811/9 3786/9 3790/9
f 3778/9 3787/9 3784/9
f 3778/9 3784/9 3791/9
f 3810/9 3789/9 3769/9
f 3810/9 3769/9 3815/9
f 3788/9 3779/9 3766/9
f 3788/9 3766/9 3768/9
f 3794/9 3800/9 3771/9
f 3794/9 3771/9 3767/9
f 3799/9 3821/9 3818/9
f 3799/9 3818/9 3770/9
f 3773/9 3783/9 3807/9
f 3773/9 3807/9 3804/9
f 3782/9 3812/9 3822/9
f 3782/9 3822/9 3806/9
f 3776/9 3814/9 3816/9
f 3776/9 3816/9 3762/9
f 3763/9 3817/9 3820/9
f 3763/9 3820/9 3795/9
f 3803/9 3824/9 3813/9
f 3803/9 3813/9 3775/9
f 3765/9 3831/9 3829/9
f 3765/9 3829/9 3777/9
f 3796/9 3827/9 3830/9
f 3796/9 3830/9 3764/9
f 3832/9 3839/9 3842/9
f 3832/9 3842/9 3835/9
f 3838/9 3845/9 3848/9
f 3838/9 3848/9 3841/9
f 3844/9 3851/9 3854/9
f 3844/9 3854/9 3847/9
f 3850/9 3856/9 3859/9
f 3850/9 3859/9 3853/9
f 3857/9 3862/9 3865/9
f 3857/9 3865/9 3860/9
f 3863/9 3868/9 3871/9
f 3863/9 3871/9 3866/9
f 3869/9 3874/9 3877/9
f 3869/9 3877/9 3872/9
f 3876/9 3881/9 3884/9
f 3876/9 3884/9 3879/9
f 3882/9 3887/9 3890/9
f 3882/9 3890/9 3885/9
f 3888/9 3893/9 3896/9
f 3888/9 3896/9 3891/9
f 3894/9 3900/9 3903/9
f 3894/9 3903/9 3897/9
f 3899/9 3906/9 3909/9
f 3899/9 3909/9 3902/9
f 3905/9 3912/9 3915/9
f 3905/9 3915/9 3908/9
f 3911/9 3834/9 3837/9
f 3911/9 3837/9 3914/9
f 3916/9 3923/9 3926/9
f 3916/9 3926/9 3919/9
f 3922/9 3929/9 3932/9
f 3922/9 3932/9 3925/9
f 3928/9 3935/9 3938/9
f 3928/9 3938/9 3931/9
f 3934/9 3940/9 3943/9
f 3934/9 3943/9 3937/9
f 3941/9 3946/9 3949/9
f 3941/9 3949/9 3944/9
f 3947/9 3952/9 3955/9
f 3947/9 3955/9 3950/9
f 3953/9 3958/9 3961/9
f 3953/9 3961/9 3956/9
f 3960/9 3965/9 3968/9
f 3960/9 3968/9 3963/9
f 3966/9 3971/9 3974/9
f 3966/9 3974/9 3969/9
f 3972/9 3979/9 3983/9
f 3972/9 3983/9 3975/9
f 3981/9 4003/9 4013/9
f 3981/9 4013/9 3988/9
f 3990/9 4017/9 4009/9
f 3990/9 4009/9 3984/9
f 3992/9 3999/9 4002/9
f 3992/9 4002/9 3996/9
f 3998/9 3918/9 3921/9
f 3998/9 3921/9 4001/9
f 4008/9 4012/9 4015/9
f 4008/9 4015/9 4005/9
f 4011/9 4018/9 4021/9
f 4011/9 4021/9 4014/9
f 3978/9 4007/9 4004/9
f 3978/9 4004/9 3982/9
f 3988/9 4013/9 4020/9
f 3988/9 4020/9 3995/9
f 3985/9 4010/9 4006/9
f 3985/9 4006/9 3976/9
f 3993/9 4019/9 4016/9
f 3993/9 4016/9 3989/9
f 4022/9 4029/9 4032/9
f 4022/9 4032/9 4025/9
f 4028/9 4035/9 4038/9
f 4028/9 4038/9 4031/9
f 4034/9 4041/9 4044/9
f 4034/9 4044/9 4037/9
f 4040/9 4046/9 4049/9
f 4040/9 4049/9 4043/9
f 4047/9 4052/9 4055/9
f 4047/9 4055/9 4050/9
f 4053/9 4058/9 4061/9
f 4053/9 4061/9 4056/9
f 4059/9 4064/9 4067/9
f 4059/9 4067/9 4062/9
f 4066/9 4071/9 4074/9
f 4066/9 4074/9 4069/9
f 4072/9 4077/9 4080/9
f 4072/9 4080/9 4075/9
f 4078/9 4085/9 4089/9
f 4078/9 4089/9 4081/9
f 4087/9 4110/9 4121/9
f 4087/9 4121/9 4095/9
f 4098/9 4125/9 4116/9
f 4098/9 4116/9 4091/9
f 4099/9 4106/9 4109/9
f 4099/9 4109/9 4103/9
f 4105/9 4024/9 4027/9
f 4105/9 4027/9 4108/9
f 4115/9 4119/9 4123/9
f 4115/9 4123/9 4112/9
f 4118/9 4126/9 4129/9
f 4118/9 4129/9 4122/9
f 4084/9 4114/9 4111/9
f 4084/9 4111/9 4088/9
f 4093/9 4120/9 4128/9
f 4093/9 4128/9 4101/9
f 4092/9 4117/9 4113/9
f 4092/9 4113/9 4083/9
f 4100/9 4127/9 4124/9
f 4100/9 4124/9 4096/9
f 4130/9 4137/9 4140/9
f 4130/9 4140/9 4133/9
f 4136/9 4143/9 4146/9
f 4136/9 4146/9 4139/9
f 4142/9 4149/9 4152/9
f 4142/9 4152/9 4145/9
f 4148/9 4154/9 4157/9
f 4148/9 4157/9 4151/9
f 4155/9 4160/9 4163/9
f 4155/9 4163/9 4158/9
f 4161/9 4166/9 4169/9
f 4161/9 4169/9 4164/9
f 4167/9 4172/9 4175/9
f 4167/9 4175/9 4170/9
f 4174/9 4179/9 4182/9
f 4174/9 4182/9 4177/9
f 4180/9 4185/9 4188/9
f 4180/9 4188/9 4183/9
f 4186/9 4191/9 4194/9
f 4186/9 4194/9 4189/9
f 4192/9 4198/9 4201/9
f 4192/9 4201/9 4195/9
f 4197/9 4204/9 4207/9
f 4197/9 4207/9 4200/9
f 4203/9 4210/9 4213/9
f 4203/9 4213/9 4206/9
f 4209/9 4132/9 4135/9
f 4209/9 4135/9 4212/9
f 4214/9 4221/9 4224/9
f 4214/9 4224/9 4217/9
f 4220/9 4227/9 4230/9
f 4220/9 4230/9 4223/9
f 4226/9 4233/9 4236/9
f 4226/9 4236/9 4229/9
f 4232/9 4238/9 4241/9
f 4232/9 4241/9 4235/9
f 4239/9 4244/9 4247/9
f 4239/9 4247/9 4242/9
f 4245/9 4250/9 4253/9
f 4245/9 4253/9 4248/9
f 4251/9 4256/9 4259/9
f 4251/9 4259/9 4254/9
f 4258/9 4263/9 4266/9
f 4258/9 4266/9 4261/9
f 4264/9 4269/9 4272/9
f 4264/9 4272/9 4267/9
f 4270/9 4275/9 4278/9
f 4270/9 4278/9 4273/9
f 4276/9 4282/9 4285/9
f 4276/9 4285/9 4279/9
f 4281/9 4288/9 4291/9
f 4281/9 4291/9 4284/9
f 4287/9 4294/9 4297/9
f 4287/9 4297/9 4290/9
f 4293/9 4216/9 4219/9
f 4293/9 4219/9 4296/9
f 4298/9 4305/9 4308/9
f 4298/9 4308/9 4301/9
f 4304/9 4311/9 4314/9
f 4304/9 4314/9 4307/9
f 4310/9 4317/9 4320/9
f 4310/9 4320/9 4313/9
f 4316/9 4322/9 4325/9
f 4316/9 4325/9 4319/9
f 4323/9 4328/9 4331/9
f 4323/9 4331/9 4326/9
f 4329/9 4334/9 4337/9
f 4329/9 4337/9 4332/9
f 4335/9 4340/9 4343/9
f 4335/9 4343/9 4338/9
f 4342/9 4347/9 4350/9
f 4342/9 4350/9 4345/9
f 4348/9 4353/9 4356/9
f 4348/9 4356/9 4351/9
f 4354/9 4359/9 4362/9
f 4354/9 4362/9 4357/9
f 4360/9 4366/9 4369/9
f 4360/9 4369/9 4363/9
f 4365/9 4372/9 4375/9
f 4365/9 4375/9 4368/9
f 4371/9 4378/9 4381/9
f 4371/9 4381/9 4374/9
f 4377/9 4300/9 4303/9
f 4377/9 4303/9 4380/9
f 4382/9 4389/9 4392/9
f 4382/9 4392/9 4385/9
f 4388/9 4395/9 4398/9
f 4388/9 4398/9 4391/9
f 4394/9 4401/9 4404/9
f 4394/9 4404/9 4397/9
f 4400/9 4406/9 4409/9
f 4400/9 4409/9 4403/9
f 4407/9 4412/9 4415/9
f 4407/9 4415/9 4410/9
f 4413/9 4418/9 4421/9
f 4413/9 4421/9 4416/9
f 4419/9 4424/9 4427/9
f 4419/9 4427/9 4422/9
f 4426/9 4431/9 4434/9
f 4426/9 4434/9 4429/9
f 4432/9 4437/9 4440/9
f 4432/9 4440/9 4435/9
f 4438/9 4443/9 4446/9
f 4438/9 4446/9 4441/9
f 4444/9 4450/9 4453/9
f 4444/9 4453/9 4447/9
f 4449/9 4456/9 4459/9
f 4449/9 4459/9 4452/9
f 4455/9 4462/9 4465/9
f 4455/9 4465/9 4458/9
f 4461/9 4384/9 4387/9
f 4461/9 4387/9 4464/9
f 3192/9 3118/9 3113/9
f 3118/9 3192/9 3186/9
f 3118/9 3186/9 3124/9
f 3124/9 3186/9 3180/9
f 3124/9 3180/9 3130/9
f 3130/9 3180/9 3174/9
f 3130/9 3174/9 3136/9
f 3136/9 3174/9 3168/9
f 3136/9 3168/9 3142/9
f 3142/9 3168/9 3162/9
f 3142/9 3162/9 3148/9
f 3148/9 3162/9 3155/9
f 3115/9 3189/9 3110/9
f 3189/9 3115/9 3121/9
f 3189/9 3121/9 3183/9
f 3183/9 3121/9 3127/9
f 3183/9 3127/9 3177/9
f 3177/9 3127/9 3133/9
f 3177/9 3133/9 3171/9
f 3171/9 3133/9 3139/9
f 3171/9 3139/9 3165/9
f 3165/9 3139/9 3145/9
f 3165/9 3145/9 3159/9
f 3159/9 3145/9 3152/9
f 3275/9 3202/9 3197/9
f 3202/9 3275/9 3268/9
f 3202/9 3268/9 3208/9
f 3208/9 3268/9 3262/9
f 3208/9 3262/9 3214/9
f 3214/9 3262/9 3259/9
f 3214/9 3259/9 3220/9
f 3220/9 3259/9 3252/9
f 3220/9 3252/9 3226/9
f 3226/9 3252/9 3246/9
f 3226/9 3246/9 3232/9
f 3232/9 3246/9 3239/9
f 3199/9 3272/9 3194/9
f 3272/9 3199/9 3205/9
f 3272/9 3205/9 3264/9
f 3264/9 3205/9 3211/9
f 3264/9 3211/9 3260/9
f 3260/9 3211/9 3217/9
f 3260/9 3217/9 3255/9
f 3255/9 3217/9 3223/9
f 3255/9 3223/9 3249/9
f 3249/9 3223/9 3229/9
f 3249/9 3229/9 3243/9
f 3243/9 3229/9 3236/9
f 3381/9 3303/9 3298/9
f 3303/9 3381/9 3373/9
f 3303/9 3373/9 3309/9
f 3309/9 3373/9 3366/9
f 3309/9 3366/9 3315/9
f 3315/9 3366/9 3361/9
f 3315/9 3361/9 3321/9
f 3321/9 3361/9 3353/9
f 3321/9 3353/9 3327/9
f 3327/9 3353/9 3347/9
f 3327/9 3347/9 3333/9
f 3333/9 3347/9 3340/9
f 3300/9 3378/9 3295/9
f 3378/9 3300/9 3306/9
f 3378/9 3306/9 3369/9
f 3369/9 3306/9 3312/9
f 3369/9 3312/9 3363/9
f 3363/9 3312/9 3318/9
f 3363/9 3318/9 3357/9
f 3357/9 3318/9 3324/9
f 3357/9 3324/9 3350/9
f 3350/9 3324/9 3330/9
f 3350/9 3330/9 3344/9
f 3344/9 3330/9 3337/9
f 3461/9 3473/9 3467/9
f 3473/9 3461/9 3479/9
f 3479/9 3461/9 3455/9
f 3479/9 3455/9 3485/9
f 3485/9 3455/9 3448/9
f 3485/9 3448/9 3406/9
f 3406/9 3448/9 3411/9
f 3411/9 3448/9 3441/9
f 3411/9 3441/9 3435/9
f 3411/9 3435/9 3417/9
f 3417/9 3435/9 3429/9
f 3417/9 3429/9 3423/9
f 3476/9 3464/9 3470/9
f 3464/9 3476/9 3458/9
f 3458/9 3476/9 3482/9
f 3458/9 3482/9 3452/9
f 3452/9 3482/9 3403/9
f 3452/9 3403/9 3445/9
f 3445/9 3403/9 3408/9
f 3445/9 3408/9 3438/9
f 3438/9 3408/9 3414/9
f 3438/9 3414/9 3432/9
f 3432/9 3414/9 3420/9
f 3432/9 3420/9 3426/9
f 3545/9 3557/9 3551/9
f 3557/9 3545/9 3563/9
f 3563/9 3545/9 3539/9
f 3563/9 3539/9 3569/9
f 3569/9 3539/9 3532/9
f 3569/9 3532/9 3490/9
f 3490/9 3532/9 3525/9
f 3490/9 3525/9 3495/9
f 3495/9 3525/9 3519/9
f 3495/9 3519/9 3501/9
f 3501/9 3519/9 3513/9
f 3501/9 3513/9 3507/9
f 3560/9 3548/9 3554/9
f 3548/9 3560/9 3542/9
f 3542/9 3560/9 3566/9
f 3542/9 3566/9 3536/9
f 3536/9 3566/9 3529/9
f 3529/9 3566/9 3487/9
f 3529/9 3487/9 3492/9
f 3529/9 3492/9 3522/9
f 3522/9 3492/9 3498/9
f 3522/9 3498/9 3516/9
f 3516/9 3498/9 3504/9
f 3516/9 3504/9 3510/9
f 3629/9 3641/9 3635/9
f 3641/9 3629/9 3647/9
f 3647/9 3629/9 3623/9
f 3647/9 3623/9 3653/9
f 3653/9 3623/9 3616/9
f 3653/9 3616/9 3574/9
f 3574/9 3616/9 3579/9
f 3579/9 3616/9 3609/9
f 3579/9 3609/9 3603/9
f 3579/9 3603/9 3585/9
f 3585/9 3603/9 3597/9
f 3585/9 3597/9 3591/9
f 3644/9 3632/9 3638/9
f 3632/9 3644/9 3626/9
f 3626/9 3644/9 3650/9
f 3626/9 3650/9 3620/9
f 3620/9 3650/9 3613/9
f 3613/9 3650/9 3571/9
f 3613/9 3571/9 3576/9
f 3613/9 3576/9 3606/9
f 3606/9 3576/9 3582/9
f 3606/9 3582/9 3600/9
f 3600/9 3582/9 3588/9
f 3600/9 3588/9 3594/9
f 3713/9 3725/9 3719/9
f 3725/9 3713/9 3731/9
f 3731/9 3713/9 3707/9
f 3731/9 3707/9 3737/9
f 3737/9 3707/9 3700/9
f 3737/9 3700/9 3658/9
f 3658/9 3700/9 3693/9
f 3658/9 3693/9 3663/9
f 3663/9 3693/9 3687/9
f 3663/9 3687/9 3669/9
f 3669/9 3687/9 3681/9
f 3669/9 3681/9 3675/9
f 3728/9 3716/9 3722/9
f 3716/9 3728/9 3710/9
f 3710/9 3728/9 3734/9
f 3710/9 3734/9 3704/9
f 3704/9 3734/9 3697/9
f 3697/9 3734/9 3655/9
f 3697/9 3655/9 3660/9
f 3697/9 3660/9 3690/9
f 3690/9 3660/9 3666/9
f 3690/9 3666/9 3684/9
f 3684/9 3666/9 3672/9
f 3684/9 3672/9 3678/9
f 3843/9 3913/9 3836/9
f 3913/9 3843/9 3849/9
f 3913/9 3849/9 3907/9
f 3907/9 3849/9 3855/9
f 3907/9 3855/9 3901/9
f 3901/9 3855/9 3861/9
f 3901/9 3861/9 3895/9
f 3895/9 3861/9 3867/9
f 3895/9 3867/9 3889/9
f 3889/9 3867/9 3873/9
f 3889/9 3873/9 3883/9
f 3883/9 3873/9 3878/9
f 3910/9 3840/9 3833/9
f 3840/9 3910/9 3904/9
f 3840/9 3904/9 3846/9
f 3846/9 3904/9 3898/9
f 3846/9 3898/9 3852/9
f 3852/9 3898/9 3892/9
f 3852/9 3892/9 3858/9
f 3858/9 3892/9 3886/9
f 3858/9 3886/9 3864/9
f 3864/9 3886/9 3880/9
f 3864/9 3880/9 3870/9
f 3870/9 3880/9 3875/9
f 3927/9 4000/9 3920/9
f 4000/9 3927/9 3933/9
f 4000/9 3933/9 3994/9
f 3994/9 3933/9 3939/9
f 3994/9 3939/9 3987/9
f 3987/9 3939/9 3945/9
f 3987/9 3945/9 3980/9
f 3980/9 3945/9 3951/9
f 3980/9 3951/9 3973/9
f 3973/9 3951/9 3957/9
f 3973/9 3957/9 3967/9
f 3967/9 3957/9 3962/9
f 3997/9 3924/9 3917/9
f 3924/9 3997/9 3991/9
f 3924/9 3991/9 3930/9
f 3930/9 3991/9 3986/9
f 3930/9 3986/9 3936/9
f 3936/9 3986/9 3977/9
f 3936/9 3977/9 3942/9
f 3942/9 3977/9 3970/9
f 3942/9 3970/9 3948/9
f 3948/9 3970/9 3964/9
f 3948/9 3964/9 3954/9
f 3954/9 3964/9 3959/9
f 4033/9 4107/9 4026/9
f 4107/9 4033/9 4039/9
f 4107/9 4039/9 4102/9
f 4102/9 4039/9 4045/9
f 4102/9 4045/9 4094/9
f 4094/9 4045/9 4051/9
f 4094/9 4051/9 4086/9
f 4086/9 4051/9 4057/9
f 4086/9 4057/9 4079/9
f 4079/9 4057/9 4063/9
f 4079/9 4063/9 4073/9
f 4073/9 4063/9 4068/9
f 4104/9 4030/9 4023/9
f 4030/9 4104/9 4097/9
f 4030/9 4097/9 4036/9
f 4036/9 4097/9 4090/9
f 4036/9 4090/9 4042/9
f 4042/9 4090/9 4082/9
f 4042/9 4082/9 4048/9
f 4048/9 4082/9 4076/9
f 4048/9 4076/9 4054/9
f 4054/9 4076/9 4070/9
f 4054/9 4070/9 4060/9
f 4060/9 4070/9 4065/9
f 4165/9 4153/9 4159/9
f 4153/9 4165/9 4147/9
f 4147/9 4165/9 4171/9
f 4147/9 4171/9 4141/9
f 4141/9 4171/9 4176/9
f 4141/9 4176/9 4134/9
f 4134/9 4176/9 4181/9
f 4134/9 4181/9 4211/9
f 4211/9 4181/9 4187/9
f 4211/9 4187/9 4205/9
f 4205/9 4187/9 4193/9
f 4205/9 4193/9 4199/9
f 4144/9 4156/9 4150/9
f 4156/9 4144/9 4162/9
f 4162/9 4144/9 4138/9
f 4162/9 4138/9 4168/9
f 4168/9 4138/9 4131/9
f 4168/9 4131/9 4173/9
f 4173/9 4131/9 4178/9
f 4178/9 4131/9 4208/9
f 4178/9 4208/9 4202/9
f 4178/9 4202/9 4184/9
f 4184/9 4202/9 4196/9
f 4184/9 4196/9 4190/9
f 4249/9 4237/9 4243/9
f 4237/9 4249/9 4231/9
f 4231/9 4249/9 4255/9
f 4231/9 4255/9 4225/9
f 4225/9 4255/9 4260/9
f 4225/9 4260/9 4218/9
f 4218/9 4260/9 4265/9
f 4218/9 4265/9 4295/9
f 4295/9 4265/9 4289/9
f 4289/9 4265/9 4271/9
f 4289/9 4271/9 4277/9
f 4289/9 4277/9 4283/9
f 4228/9 4240/9 4234/9
f 4240/9 4228/9 4246/9
f 4246/9 4228/9 4222/9
f 4246/9 4222/9 4252/9
f 4252/9 4222/9 4215/9
f 4252/9 4215/9 4257/9
f 4257/9 4215/9 4292/9
f 4257/9 4292/9 4262/9
f 4262/9 4292/9 4286/9
f 4262/9 4286/9 4268/9
f 4268/9 4286/9 4280/9
f 4268/9 4280/9 4274/9
f 4333/9 4321/9 4327/9
f 4321/9 4333/9 4315/9
f 4315/9 4333/9 4339/9
f 4315/9 4339/9 4309/9
f 4309/9 4339/9 4344/9
f 4309/9 4344/9 4302/9
f 4302/9 4344/9 4349/9
f 4302/9 4349/9 4379/9
f 4379/9 4349/9 4373/9
f 4373/9 4349/9 4355/9
f 4373/9 4355/9 4361/9
f 4373/9 4361/9 4367/9
f 4312/9 4324/9 4318/9
f 4324/9 4312/9 4330/9
f 4330/9 4312/9 4306/9
f 4330/9 4306/9 4336/9
f 4336/9 4306/9 4299/9
f 4336/9 4299/9 4341/9
f 4341/9 4299/9 4346/9
f 4346/9 4299/9 4376/9
f 4346/9 4376/9 4370/9
f 4346/9 4370/9 4352/9
f 4352/9 4370/9 4364/9
f 4352/9 4364/9 4358/9
f 4417/9 4405/9 4411/9
f 4405/9 4417/9 4399/9
f 4399/9 4417/9 4423/9
f 4399/9 4423/9 4393/9
f 4393/9 4423/9 4428/9
f 4393/9 4428/9 4386/9
f 4386/9 4428/9 4433/9
f 4386/9 4433/9 4463/9
f 4463/9 4433/9 4457/9
f 4457/9 4433/9 4439/9
f 4457/9 4439/9 4445/9
f 4457/9 4445/9 4451/9
f 4396/9 4408/9 4402/9
f 4408/9 4396/9 4414/9
f 4414/9 4396/9 4390/9
f 4414/9 4390/9 4420/9
f 4420/9 4390/9 4383/9
f 4420/9 4383/9 4425/9
f 4425/9 4383/9 4460/9
f 4425/9 4460/9 4430/9
f 4430/9 4460/9 4454/9
f 4430/9 4454/9 4436/9
f 4436/9 4454/9 4448/9
f 4436/9 4448/9 4442/9
f 4467/2 4466/2 4468/2
f 4467/2 4468/2 4469/2
f 4493/2 4471/2 4470/2
f 4493/2 4470/2 4495/2
f 4489/2 4491/2 4490/2
f 4489/2 4490/2 4488/2
f 4492/2 4494/2 4496/2
f 4492/2 4496/2 4497/2
f 4472/2 4480/2 4473/2
f 4480/2 4472/2 4481/2
f 4481/2 4472/2 4474/2
f 4481/2 4474/2 4482/2
f 4482/2 4474/2 4475/2
f 4482/2 4475/2 4483/2
f 4483/2 4475/2 4479/2
f 4483/2 4479/2 4487/2
f 4487/2 4479/2 4478/2
f 4487/2 4478/2 4486/2
f 4486/2 4478/2 4477/2
f 4486/2 4477/2 4484/2
f 4484/2 4477/2 4476/2
f 4484/2 4476/2 4485/2
f 4507/2 4499/2 4506/2
f 4499/2 4507/2 4498/2
f 4498/2 4507/2 4508/2
f 4498/2 4508/2 4500/2
f 4500/2 4508/2 4509/2
f 4500/2 4509/2 4501/2
f 4501/2 4509/2 4513/2
f 4501/2 4513/2 4505/2
f 4505/2 4513/2 4512/2
f 4505/2 4512/2 4504/2
f 4504/2 4512/2 4510/2
f 4504/2 4510/2 4503/2
f 4503/2 4510/2 4511/2
f 4503/2 4511/2 4502/2
f 4516/6 4519/6 4524/6
f 4516/6 4524/6 4521/6
f 4522/6 4525/6 4530/6
f 4522/6 4530/6 4527/6
f 4528/6 4531/6 4536/6
f 4528/6 4536/6 4533/6
f 4534/6 4537/6 4543/6
f 4534/6 4543/6 4540/6
f 4539/6 4542/6 4549/6
f 4539/6 4549/6 4546/6
f 4545/6 4548/6 4555/6
f 4545/6 4555/6 4552/6
f 4551/6 4554/6 4561/6
f 4551/6 4561/6 4558/6
f 4556/6 4559/6 4566/6
f 4556/6 4566/6 4563/6
f 4562/6 4565/6 4572/6
f 4562/6 4572/6 4569/6
f 4568/6 4571/6 4578/6
f 4568/6 4578/6 4575/6
f 4574/6 4577/6 4583/6
f 4574/6 4583/6 4580/6
f 4581/6 4584/6 4589/6
f 4581/6 4589/6 4586/6
f 4587/6 4590/6 4595/6
f 4587/6 4595/6 4592/6
f 4593/6 4596/6 4517/6
f 4593/6 4517/6 4514/6
f 4814/6 4604/6 4618/6
f 4814/6 4618/6 4825/6
f 4856/6 4649/6 4664/6
f 4856/6 4664/6 4871/6
f 4870/6 4663/6 4679/6
f 4870/6 4679/6 4886/6
f 4885/6 4678/6 4694/6
f 4885/6 4694/6 4901/6
f 4900/6 4693/6 4709/6
f 4900/6 4709/6 4916/6
f 4913/6 4706/6 4722/6
f 4913/6 4722/6 4929/6
f 4928/6 4721/6 4737/6
f 4928/6 4737/6 4944/6
f 4943/6 4736/6 4752/6
f 4943/6 4752/6 4959/6
f 4958/6 4751/6 4766/6
f 4958/6 4766/6 4973/6
f 4974/6 4767/6 4781/6
f 4974/6 4781/6 4988/6
f 4989/6 4782/6 4796/6
f 4989/6 4796/6 5003/6
f 4826/6 4619/6 4633/6
f 4826/6 4633/6 4840/6
f 4841/6 4634/6 4648/6
f 4841/6 4648/6 4855/6
f 5004/6 4797/6 4601/6
f 5004/6 4601/6 4811/6
f 4616/6 4603/6 4612/6
f 4616/6 4612/6 4626/6
f 4624/6 4611/6 4608/6
f 4624/6 4608/6 4622/6
f 4620/6 4607/6 4600/6
f 4620/6 4600/6 4614/6
f 4631/6 4617/6 4627/6
f 4631/6 4627/6 4641/6
f 4639/6 4625/6 4623/6
f 4639/6 4623/6 4637/6
f 4635/6 4621/6 4615/6
f 4635/6 4615/6 4629/6
f 4646/6 4632/6 4642/6
f 4646/6 4642/6 4656/6
f 4654/6 4640/6 4638/6
f 4654/6 4638/6 4652/6
f 4650/6 4636/6 4630/6
f 4650/6 4630/6 4644/6
f 4662/6 4647/6 4657/6
f 4662/6 4657/6 4672/6
f 4670/6 4655/6 4653/6
f 4670/6 4653/6 4668/6
f 4666/6 4651/6 4645/6
f 4666/6 4645/6 4660/6
f 4677/6 4661/6 4671/6
f 4677/6 4671/6 4687/6
f 4685/6 4669/6 4667/6
f 4685/6 4667/6 4683/6
f 4681/6 4665/6 4659/6
f 4681/6 4659/6 4675/6
f 4692/6 4676/6 4686/6
f 4692/6 4686/6 4702/6
f 4700/6 4684/6 4682/6
f 4700/6 4682/6 4698/6
f 4696/6 4680/6 4674/6
f 4696/6 4674/6 4690/6
f 4708/6 4691/6 4701/6
f 4708/6 4701/6 4717/6
f 4716/6 4699/6 4697/6
f 4716/6 4697/6 4713/6
f 4712/6 4695/6 4689/6
f 4712/6 4689/6 4705/6
f 4724/6 4707/6 4714/6
f 4724/6 4714/6 4730/6
f 4732/6 4715/6 4710/6
f 4732/6 4710/6 4726/6
f 4728/6 4711/6 4703/6
f 4728/6 4703/6 4719/6
f 4739/6 4723/6 4729/6
f 4739/6 4729/6 4745/6
f 4747/6 4731/6 4725/6
f 4747/6 4725/6 4741/6
f 4743/6 4727/6 4718/6
f 4743/6 4718/6 4734/6
f 4754/6 4738/6 4744/6
f 4754/6 4744/6 4760/6
f 4762/6 4746/6 4740/6
f 4762/6 4740/6 4756/6
f 4758/6 4742/6 4733/6
f 4758/6 4733/6 4749/6
f 4768/6 4753/6 4759/6
f 4768/6 4759/6 4774/6
f 4776/6 4761/6 4755/6
f 4776/6 4755/6 4770/6
f 4772/6 4757/6 4748/6
f 4772/6 4748/6 4763/6
f 4783/6 4769/6 4775/6
f 4783/6 4775/6 4789/6
f 4791/6 4777/6 4771/6
f 4791/6 4771/6 4785/6
f 4787/6 4773/6 4764/6
f 4787/6 4764/6 4778/6
f 4798/6 4784/6 4790/6
f 4798/6 4790/6 4804/6
f 4806/6 4792/6 4786/6
f 4806/6 4786/6 4800/6
f 4802/6 4788/6 4779/6
f 4802/6 4779/6 4793/6
f 4602/6 4799/6 4805/6
f 4602/6 4805/6 4609/6
f 4610/6 4807/6 4801/6
f 4610/6 4801/6 4605/6
f 4606/6 4803/6 4794/6
f 4606/6 4794/6 4598/6
f 4813/6 4823/6 4832/6
f 4813/6 4832/6 4822/6
f 4821/6 4830/6 4836/6
f 4821/6 4836/6 4818/6
f 4817/6 4834/6 4828/6
f 4817/6 4828/6 4810/6
f 4824/6 4838/6 4847/6
f 4824/6 4847/6 4833/6
f 4831/6 4845/6 4851/6
f 4831/6 4851/6 4837/6
f 4835/6 4849/6 4843/6
f 4835/6 4843/6 4829/6
f 4839/6 4853/6 4862/6
f 4839/6 4862/6 4848/6
f 4846/6 4860/6 4866/6
f 4846/6 4866/6 4852/6
f 4850/6 4864/6 4858/6
f 4850/6 4858/6 4844/6
f 4854/6 4869/6 4878/6
f 4854/6 4878/6 4863/6
f 4861/6 4876/6 4882/6
f 4861/6 4882/6 4867/6
f 4865/6 4880/6 4874/6
f 4865/6 4874/6 4859/6
f 4868/6 4884/6 4893/6
f 4868/6 4893/6 4877/6
f 4875/6 4891/6 4897/6
f 4875/6 4897/6 4881/6
f 4879/6 4895/6 4889/6
f 4879/6 4889/6 4873/6
f 4883/6 4899/6 4908/6
f 4883/6 4908/6 4892/6
f 4890/6 4906/6 4912/6
f 4890/6 4912/6 4896/6
f 4894/6 4910/6 4904/6
f 4894/6 4904/6 4888/6
f 4898/6 4915/6 4923/6
f 4898/6 4923/6 4907/6
f 4905/6 4922/6 4927/6
f 4905/6 4927/6 4911/6
f 4909/6 4926/6 4919/6
f 4909/6 4919/6 4903/6
f 4914/6 4931/6 4936/6
f 4914/6 4936/6 4920/6
f 4921/6 4938/6 4940/6
f 4921/6 4940/6 4924/6
f 4925/6 4942/6 4933/6
f 4925/6 4933/6 4917/6
f 4930/6 4946/6 4951/6
f 4930/6 4951/6 4935/6
f 4937/6 4953/6 4955/6
f 4937/6 4955/6 4939/6
f 4941/6 4957/6 4948/6
f 4941/6 4948/6 4932/6
f 4945/6 4961/6 4966/6
f 4945/6 4966/6 4950/6
f 4952/6 4968/6 4970/6
f 4952/6 4970/6 4954/6
f 4956/6 4972/6 4963/6
f 4956/6 4963/6 4947/6
f 4960/6 4975/6 4980/6
f 4960/6 4980/6 4965/6
f 4967/6 4982/6 4984/6
f 4967/6 4984/6 4969/6
f 4971/6 4986/6 4977/6
f 4971/6 4977/6 4962/6
f 4976/6 4990/6 4995/6
f 4976/6 4995/6 4981/6
f 4983/6 4997/6 4999/6
f 4983/6 4999/6 4985/6
f 4987/6 5001/6 4992/6
f 4987/6 4992/6 4978/6
f 4991/6 5005/6 5010/6
f 4991/6 5010/6 4996/6
f 4998/6 5012/6 5014/6
f 4998/6 5014/6 5000/6
f 5002/6 5016/6 5007/6
f 5002/6 5007/6 4993/6
f 5006/6 4812/6 4819/6
f 5006/6 4819/6 5011/6
f 5013/6 4820/6 4815/6
f 5013/6 4815/6 5015/6
f 5017/6 4816/6 4808/6
f 5017/6 4808/6 5008/6
f 5018/6 5025/6 5028/6
f 5018/6 5028/6 5021/6
f 5024/6 5031/6 5034/6
f 5024/6 5034/6 5027/6
f 5030/6 5037/6 5040/6
f 5030/6 5040/6 5033/6
f 5036/6 5042/6 5045/6
f 5036/6 5045/6 5039/6
f 5043/6 5048/6 5051/6
f 5043/6 5051/6 5046/6
f 5049/6 5054/6 5057/6
f 5049/6 5057/6 5052/6
f 5055/6 5060/6 5063/6
f 5055/6 5063/6 5058/6
f 5062/6 5067/6 5070/6
f 5062/6 5070/6 5065/6
f 5068/6 5073/6 5076/6
f 5068/6 5076/6 5071/6
f 5074/6 5079/6 5082/6
f 5074/6 5082/6 5077/6
f 5080/6 5086/6 5089/6
f 5080/6 5089/6 5083/6
f 5085/6 5092/6 5095/6
f 5085/6 5095/6 5088/6
f 5091/6 5098/6 5101/6
f 5091/6 5101/6 5094/6
f 5097/6 5020/6 5023/6
f 5097/6 5023/6 5100/6
f 5315/6 5328/6 5121/6
f 5315/6 5121/6 5105/6
f 5357/6 5372/6 5165/6
f 5357/6 5165/6 5150/6
f 5373/6 5387/6 5180/6
f 5373/6 5180/6 5166/6
f 5388/6 5402/6 5195/6
f 5388/6 5195/6 5181/6
f 5403/6 5417/6 5210/6
f 5403/6 5210/6 5196/6
f 5420/6 5434/6 5227/6
f 5420/6 5227/6 5213/6
f 5435/6 5449/6 5242/6
f 5435/6 5242/6 5228/6
f 5450/6 5464/6 5257/6
f 5450/6 5257/6 5243/6
f 5465/6 5480/6 5273/6
f 5465/6 5273/6 5258/6
f 5479/6 5495/6 5288/6
f 5479/6 5288/6 5272/6
f 5494/6 5510/6 5303/6
f 5494/6 5303/6 5287/6
f 5327/6 5343/6 5136/6
f 5327/6 5136/6 5120/6
f 5342/6 5358/6 5151/6
f 5342/6 5151/6 5135/6
f 5509/6 5318/6 5108/6
f 5509/6 5108/6 5302/6
f 5123/6 5129/6 5113/6
f 5123/6 5113/6 5106/6
f 5131/6 5125/6 5109/6
f 5131/6 5109/6 5114/6
f 5127/6 5118/6 5102/6
f 5127/6 5102/6 5110/6
f 5138/6 5144/6 5128/6
f 5138/6 5128/6 5122/6
f 5146/6 5140/6 5124/6
f 5146/6 5124/6 5130/6
f 5142/6 5133/6 5117/6
f 5142/6 5117/6 5126/6
f 5153/6 5159/6 5143/6
f 5153/6 5143/6 5137/6
f 5161/6 5155/6 5139/6
f 5161/6 5139/6 5145/6
f 5157/6 5148/6 5132/6
f 5157/6 5132/6 5141/6
f 5167/6 5173/6 5158/6
f 5167/6 5158/6 5152/6
f 5175/6 5169/6 5154/6
f 5175/6 5154/6 5160/6
f 5171/6 5162/6 5147/6
f 5171/6 5147/6 5156/6
f 5182/6 5188/6 5174/6
f 5182/6 5174/6 5168/6
f 5190/6 5184/6 5170/6
f 5190/6 5170/6 5176/6
f 5186/6 5177/6 5163/6
f 5186/6 5163/6 5172/6
f 5197/6 5203/6 5189/6
f 5197/6 5189/6 5183/6
f 5205/6 5199/6 5185/6
f 5205/6 5185/6 5191/6
f 5201/6 5192/6 5178/6
f 5201/6 5178/6 5187/6
f 5211/6 5218/6 5204/6
f 5211/6 5204/6 5198/6
f 5219/6 5214/6 5200/6
f 5219/6 5200/6 5206/6
f 5215/6 5207/6 5193/6
f 5215/6 5193/6 5202/6
f 5225/6 5235/6 5221/6
f 5225/6 5221/6 5212/6
f 5233/6 5231/6 5217/6
f 5233/6 5217/6 5220/6
f 5229/6 5223/6 5209/6
f 5229/6 5209/6 5216/6
f 5240/6 5250/6 5236/6
f 5240/6 5236/6 5226/6
f 5248/6 5246/6 5232/6
f 5248/6 5232/6 5234/6
f 5244/6 5238/6 5224/6
f 5244/6 5224/6 5230/6
f 5255/6 5265/6 5251/6
f 5255/6 5251/6 5241/6
f 5263/6 5261/6 5247/6
f 5263/6 5247/6 5249/6
f 5259/6 5253/6 5239/6
f 5259/6 5239/6 5245/6
f 5271/6 5281/6 5266/6
f 5271/6 5266/6 5256/6
f 5279/6 5277/6 5262/6
f 5279/6 5262/6 5264/6
f 5275/6 5269/6 5254/6
f 5275/6 5254/6 5260/6
f 5286/6 5296/6 5280/6
f 5286/6 5280/6 5270/6
f 5294/6 5292/6 5276/6
f 5294/6 5276/6 5278/6
f 5290/6 5284/6 5268/6
f 5290/6 5268/6 5274/6
f 5301/6 5311/6 5295/6
f 5301/6 5295/6 5285/6
f 5309/6 5307/6 5291/6
f 5309/6 5291/6 5293/6
f 5305/6 5299/6 5283/6
f 5305/6 5283/6 5289/6
f 5107/6 5116/6 5310/6
f 5107/6 5310/6 5300/6
f 5115/6 5112/6 5306/6
f 5115/6 5306/6 5308/6
f 5111/6 5104/6 5298/6
f 5111/6 5298/6 5304/6
f 5316/6 5323/6 5335/6
f 5316/6 5335/6 5330/6
f 5324/6 5319/6 5339/6
f 5324/6 5339/6 5337/6
f 5320/6 5312/6 5332/6
f 5320/6 5332/6 5341/6
f 5329/6 5334/6 5350/6
f 5329/6 5350/6 5345/6
f 5336/6 5338/6 5354/6
f 5336/6 5354/6 5352/6
f 5340/6 5331/6 5347/6
f 5340/6 5347/6 5356/6
f 5344/6 5349/6 5365/6
f 5344/6 5365/6 5360/6
f 5351/6 5353/6 5369/6
f 5351/6 5369/6 5367/6
f 5355/6 5346/6 5362/6
f 5355/6 5362/6 5371/6
f 5359/6 5364/6 5379/6
f 5359/6 5379/6 5374/6
f 5366/6 5368/6 5383/6
f 5366/6 5383/6 5381/6
f 5370/6 5361/6 5376/6
f 5370/6 5376/6 5385/6
f 5375/6 5380/6 5394/6
f 5375/6 5394/6 5389/6
f 5382/6 5384/6 5398/6
f 5382/6 5398/6 5396/6
f 5386/6 5377/6 5391/6
f 5386/6 5391/6 5400/6
f 5390/6 5395/6 5409/6
f 5390/6 5409/6 5404/6
f 5397/6 5399/6 5413/6
f 5397/6 5413/6 5411/6
f 5401/6 5392/6 5406/6
f 5401/6 5406/6 5415/6
f 5405/6 5410/6 5424/6
f 5405/6 5424/6 5418/6
f 5412/6 5414/6 5428/6
f 5412/6 5428/6 5425/6
f 5416/6 5407/6 5421/6
f 5416/6 5421/6 5429/6
f 5419/6 5427/6 5441/6
f 5419/6 5441/6 5432/6
f 5426/6 5431/6 5445/6
f 5426/6 5445/6 5439/6
f 5430/6 5423/6 5437/6
f 5430/6 5437/6 5443/6
f 5433/6 5442/6 5456/6
f 5433/6 5456/6 5447/6
f 5440/6 5446/6 5460/6
f 5440/6 5460/6 5454/6
f 5444/6 5438/6 5452/6
f 5444/6 5452/6 5458/6
f 5448/6 5457/6 5471/6
f 5448/6 5471/6 5462/6
f 5455/6 5461/6 5475/6
f 5455/6 5475/6 5469/6
f 5459/6 5453/6 5467/6
f 5459/6 5467/6 5473/6
f 5463/6 5472/6 5487/6
f 5463/6 5487/6 5478/6
f 5470/6 5476/6 5491/6
f 5470/6 5491/6 5485/6
f 5474/6 5468/6 5483/6
f 5474/6 5483/6 5489/6
f 5477/6 5486/6 5502/6
f 5477/6 5502/6 5493/6
f 5484/6 5490/6 5506/6
f 5484/6 5506/6 5500/6
f 5488/6 5482/6 5498/6
f 5488/6 5498/6 5504/6
f 5492/6 5501/6 5517/6
f 5492/6 5517/6 5508/6
f 5499/6 5505/6 5521/6
f 5499/6 5521/6 5515/6
f 5503/6 5497/6 5513/6
f 5503/6 5513/6 5519/6
f 5507/6 5516/6 5326/6
f 5507/6 5326/6 5317/6
f 5514/6 5520/6 5322/6
f 5514/6 5322/6 5325/6
f 5518/6 5512/6 5314/6
f 5518/6 5314/6 5321/6
f 4573/6 4585/6 4579/6
f 4585/6 4573/6 4591/6
f 4591/6 4573/6 4567/6
f 4591/6 4567/6 4597/6
f 4597/6 4567/6 4560/6
f 4597/6 4560/6 4518/6
f 4518/6 4560/6 4523/6
f 4523/6 4560/6 4553/6
f 4523/6 4553/6 4547/6
f 4523/6 4547/6 4529/6
f 4529/6 4547/6 4541/6
f 4529/6 4541/6 4535/6
f 4588/6 4576/6 4582/6
f 4576/6 4588/6 4570/6
f 4570/6 4588/6 4594/6
f 4570/6 4594/6 4564/6
f 4564/6 4594/6 4557/6
f 4557/6 4594/6 4515/6
f 4557/6 4515/6 4520/6
f 4557/6 4520/6 4550/6
f 4550/6 4520/6 4526/6
f 4550/6 4526/6 4544/6
f 4544/6 4526/6 4532/6
f 4544/6 4532/6 4538/6
f 4735/6 4765/6 4750/6
f 4765/6 4735/6 4780/6
f 4780/6 4735/6 4720/6
f 4780/6 4720/6 4795/6
f 4795/6 4720/6 4704/6
f 4795/6 4704/6 4599/6
f 4599/6 4704/6 4613/6
f 4613/6 4704/6 4688/6
f 4613/6 4688/6 4628/6
f 4628/6 4688/6 4673/6
f 4628/6 4673/6 4658/6
f 4628/6 4658/6 4643/6
f 4994/6 4964/6 4979/6
f 4964/6 4994/6 4949/6
f 4949/6 4994/6 5009/6
f 4949/6 5009/6 4934/6
f 4934/6 5009/6 4918/6
f 4918/6 5009/6 4809/6
f 4918/6 4809/6 4827/6
f 4918/6 4827/6 4902/6
f 4902/6 4827/6 4842/6
f 4902/6 4842/6 4887/6
f 4887/6 4842/6 4872/6
f 4872/6 4842/6 4857/6
f 5053/6 5041/6 5047/6
f 5041/6 5053/6 5035/6
f 5035/6 5053/6 5059/6
f 5035/6 5059/6 5029/6
f 5029/6 5059/6 5064/6
f 5029/6 5064/6 5022/6
f 5022/6 5064/6 5069/6
f 5022/6 5069/6 5099/6
f 5099/6 5069/6 5093/6
f 5093/6 5069/6 5075/6
f 5093/6 5075/6 5081/6
f 5093/6 5081/6 5087/6
f 5032/6 5044/6 5038/6
f 5044/6 5032/6 5050/6
f 5050/6 5032/6 5026/6
f 5050/6 5026/6 5056/6
f 5056/6 5026/6 5019/6
f 5056/6 5019/6 5061/6
f 5061/6 5019/6 5066/6
f 5066/6 5019/6 5096/6
f 5066/6 5096/6 5090/6
f 5066/6 5090/6 5072/6
f 5072/6 5090/6 5084/6
f 5072/6 5084/6 5078/6
f 5179/6 5149/6 5164/6
f 5149/6 5179/6 5134/6
f 5134/6 5179/6 5119/6
f 5119/6 5179/6 5194/6
f 5119/6 5194/6 5208/6
f 5119/6 5208/6 5103/6
f 5103/6 5208/6 5222/6
f 5103/6 5222/6 5297/6
f 5297/6 5222/6 5237/6
f 5297/6 5237/6 5282/6
f 5282/6 5237/6 5252/6
f 5282/6 5252/6 5267/6
f 5348/6 5378/6 5363/6
f 5378/6 5348/6 5393/6
f 5393/6 5348/6 5333/6
f 5393/6 5333/6 5408/6
f 5408/6 5333/6 5313/6
f 5408/6 5313/6 5422/6
f 5422/6 5313/6 5436/6
f 5436/6 5313/6 5511/6
f 5436/6 5511/6 5496/6
f 5436/6 5496/6 5451/6
f 5451/6 5496/6 5466/6
f 5466/6 5496/6 5481/6
f 5522/11 5523/11 5524/11
f 5522/11 5524/11 5525/11
f 5526/11 5527/11 5528/11
f 5526/11 5528/11 5529/11
f 5530/11 5531/11 5532/11
f 5530/11 5532/11 5533/11
f 5534/11 5535/11 5536/11
f 5534/11 5536/11 5537/11
f 5538/11 5539/11 5540/11
f 5538/11 5540/11 5541/11
f 5542/11 5543/11 5544/11
f 5542/11 5544/11 5545/11
f 5546/11 5547/11 5548/11
f 5546/11 5548/11 5549/11
f 5550/11 5551/11 5552/11
f 5550/11 5552/11 5553/11
f 5554/11 5555/11 5556/11
f 5554/11 5556/11 5557/11
f 5558/11 5559/11 5560/11
f 5558/11 5560/11 5561/11
f 5562/11 5563/11 5564/11
f 5562/11 5564/11 5565/11
f 5566/11 5567/11 5568/11
f 5566/11 5568/11 5569/11
f 5570/11 5571/11 5572/11
f 5570/11 5572/11 5573/11
f 5574/11 5575/11 5576/11
f 5574/11 5576/11 5577/11
f 5578/11 5579/11 5580/11
f 5578/11 5580/11 5581/11
f 5582/11 5583/11 5584/11
f 5582/11 5584/11 5585/11
f 5586/11 5587/11 5588/11
f 5586/11 5588/11 5589/11
f 5590/11 5591/11 5592/11
f 5590/11 5592/11 5593/11
f 5594/11 5595/11 5596/11
f 5594/11 5596/11 5597/11
f 5598/11 5599/11 5600/11
f 5598/11 5600/11 5601/11
f 5602/11 5603/11 5604/11
f 5602/11 5604/11 5605/11
f 5606/11 5607/11 5608/11
f 5606/11 5608/11 5609/11
f 5610/11 5611/11 5612/11
f 5610/11 5612/11 5613/11
f 5614/11 5615/11 5616/11
f 5614/11 5616/11 5617/11
f 5618/11 5619/11 5620/11
f 5618/11 5620/11 5621/11
f 5622/11 5623/11 5624/11
f 5622/11 5624/11 5625/11
f 5626/11 5627/11 5628/11
f 5626/11 5628/11 5629/11
f 5630/11 5631/11 5632/11
f 5630/11 5632/11 5633/11
f 5634/11 5635/11 5636/11
f 5634/11 5636/11 5637/11
f 5638/11 5639/11 5640/11
f 5638/11 5640/11 5641/11
f 5639/11 5642/11 5643/11
f 5639/11 5643/11 5640/11
f 5642/11 5644/11 5645/11
f 5642/11 5645/11 5643/11
f 5635/11 5646/11 5647/11
f 5635/11 5647/11 5636/11
f 5646/11 5626/11 5629/11
f 5646/11 5629/11 5647/11
f 5648/11 5649/11 5650/11
f 5648/11 5650/11 5651/11
f 5649/11 5618/11 5621/11
f 5649/11 5621/11 5650/11
f 5652/11 5653/11 5654/11
f 5652/11 5654/11 5655/11
f 5656/11 5657/11 5658/11
f 5656/11 5658/11 5659/11
f 5607/11 5660/11 5661/11
f 5607/11 5661/11 5608/11
f 5660/11 5598/11 5601/11
f 5660/11 5601/11 5661/11
f 5603/11 5662/11 5663/11
f 5603/11 5663/11 5604/11
f 5662/11 5594/11 5597/11
f 5662/11 5597/11 5663/11
f 5664/11 5665/11 5666/11
f 5664/11 5666/11 5667/11
f 5665/11 5582/11 5585/11
f 5665/11 5585/11 5666/11
f 5668/11 5669/11 5670/11
f 5668/11 5670/11 5671/11
f 5669/11 5578/11 5581/11
f 5669/11 5581/11 5670/11
f 5672/11 5673/11 5674/11
f 5672/11 5674/11 5675/11
f 5676/11 5574/11 5577/11
f 5676/11 5577/11 5677/11
f 5678/11 5679/11 5680/11
f 5678/11 5680/11 5681/11
f 5679/11 5570/11 5573/11
f 5679/11 5573/11 5680/11
f 5682/11 5683/11 5684/11
f 5682/11 5684/11 5685/11
f 5686/11 5687/11 5688/11
f 5686/11 5688/11 5689/11
f 5690/11 5691/11 5692/11
f 5690/11 5692/11 5693/11
f 5694/11 5695/11 5696/11
f 5694/11 5696/11 5697/11
f 5698/11 5699/11 5700/11
f 5698/11 5700/11 5701/11
f 5702/11 5703/11 5704/11
f 5702/11 5704/11 5705/11
f 5706/11 5707/11 5708/11
f 5706/11 5708/11 5709/11
f 5710/11 5711/11 5712/11
f 5710/11 5712/11 5713/11
f 5627/11 5714/11 5715/11
f 5627/11 5715/11 5628/11
f 5716/11 5717/11 5718/11
f 5716/11 5718/11 5719/11
f 5720/11 5721/11 5722/11
f 5720/11 5722/11 5723/11
f 5724/11 5725/11 5726/11
f 5724/11 5726/11 5727/11
f 5728/11 5729/11 5730/11
f 5728/11 5730/11 5731/11
f 5729/11 5622/11 5625/11
f 5729/11 5625/11 5730/11
f 5732/11 5733/11 5734/11
f 5732/11 5734/11 5735/11
f 5733/11 5614/11 5617/11
f 5733/11 5617/11 5734/11
f 5736/11 5737/11 5738/11
f 5736/11 5738/11 5739/11
f 5740/11 5741/11 5742/11
f 5740/11 5742/11 5743/11
f 5595/11 5744/11 5745/11
f 5595/11 5745/11 5596/11
f 5744/11 5606/11 5609/11
f 5744/11 5609/11 5745/11
f 5599/11 5746/11 5747/11
f 5599/11 5747/11 5600/11
f 5746/11 5602/11 5605/11
f 5746/11 5605/11 5747/11
f 5748/11 5749/11 5750/11
f 5748/11 5750/11 5751/11
f 5749/11 5590/11 5593/11
f 5749/11 5593/11 5750/11
f 5752/11 5753/11 5754/11
f 5752/11 5754/11 5755/11
f 5753/11 5586/11 5589/11
f 5753/11 5589/11 5754/11
f 5756/11 5757/11 5758/11
f 5756/11 5758/11 5759/11
f 5760/11 5761/11 5762/11
f 5760/11 5762/11 5763/11
f 5764/11 5765/11 5766/11
f 5764/11 5766/11 5767/11
f 5768/11 5769/11 5770/11
f 5768/11 5770/11 5771/11
f 5772/11 5773/11 5774/11
f 5772/11 5774/11 5775/11
f 5776/11 5777/11 5778/11
f 5776/11 5778/11 5779/11
f 5780/11 5781/11 5782/11
f 5780/11 5782/11 5783/11
f 5784/11 5785/11 5786/11
f 5784/11 5786/11 5787/11
f 5788/11 5789/11 5790/11
f 5788/11 5790/11 5791/11
f 5792/11 5793/11 5794/11
f 5792/11 5794/11 5795/11
f 5796/11 5797/11 5798/11
f 5796/11 5798/11 5773/11
f 5799/11 5800/11 5801/11
f 5799/11 5801/11 5802/11
f 5803/11 5804/11 5805/11
f 5803/11 5805/11 5806/11
f 5807/11 5808/11 5809/11
f 5807/11 5809/11 5810/11
f 5811/11 5812/11 5813/11
f 5811/11 5813/11 5814/11
f 5815/11 5816/11 5817/11
f 5815/11 5817/11 5818/11
f 5819/11 5820/11 5821/11
f 5819/11 5821/11 5822/11
f 5823/11 5824/11 5825/11
f 5823/11 5825/11 5826/11
f 5827/11 5828/11 5829/11
f 5827/11 5829/11 5830/11
f 5831/11 5832/11 5833/11
f 5831/11 5833/11 5834/11
f 5835/11 5836/11 5837/11
f 5835/11 5837/11 5838/11
f 5839/11 5840/11 5841/11
f 5839/11 5841/11 5842/11
f 5843/11 5844/11 5845/11
f 5843/11 5845/11 5846/11
f 5847/11 5848/11 5849/11
f 5847/11 5849/11 5850/11
f 5851/11 5852/11 5853/11
f 5851/11 5853/11 5854/11
f 5855/11 5856/11 5857/11
f 5855/11 5857/11 5858/11
f 5859/11 5860/11 5861/11
f 5859/11 5861/11 5862/11
f 5863/11 5864/11 5865/11
f 5863/11 5865/11 5866/11
f 5867/11 5868/11 5869/11
f 5867/11 5869/11 5870/11
f 5871/11 5872/11 5873/11
f 5871/11 5873/11 5874/11
f 5875/11 5876/11 5877/11
f 5875/11 5877/11 5878/11
f 5879/11 5880/11 5881/11
f 5879/11 5881/11 5882/11
f 5876/11 5879/11 5882/11
f 5876/11 5882/11 5877/11
f 5880/11 5875/11 5878/11
f 5880/11 5878/11 5881/11
f 5883/11 5884/11 5885/11
f 5883/11 5885/11 5886/11
f 5887/11 5888/11 5889/11
f 5887/11 5889/11 5890/11
f 5891/11 5892/11 5893/11
f 5891/11 5893/11 5894/11
f 5895/11 5896/11 5897/11
f 5895/11 5897/11 5898/11
f 5899/11 5900/11 5901/11
f 5899/11 5901/11 5902/11
f 5903/11 5904/11 5905/11
f 5903/11 5905/11 5906/11
f 5907/11 5908/11 5909/11
f 5907/11 5909/11 5910/11
f 5911/11 5912/11 5913/11
f 5911/11 5913/11 5914/11
f 5915/11 5916/11 5917/11
f 5915/11 5917/11 5918/11
f 5919/11 5920/11 5921/11
f 5919/11 5921/11 5922/11
f 5923/11 5911/11 5914/11
f 5923/11 5914/11 5924/11
f 5925/11 5906/11 5926/11
f 5925/11 5926/11 5927/11
f 5928/11 5903/11 5906/11
f 5928/11 5906/11 5925/11
f 5929/11 5930/11 5931/11
f 5929/11 5931/11 5932/11
f 5933/11 5934/11 5935/11
f 5933/11 5935/11 5936/11
f 5937/11 5938/11 5939/11
f 5937/11 5939/11 5940/11
f 5911/11 5923/11 5941/11
f 5911/11 5941/11 5942/11
f 5943/11 5944/11 5945/11
f 5943/11 5945/11 5946/11
f 5947/11 5948/11 5949/11
f 5947/11 5949/11 5950/11
f 5951/11 5952/11 5953/11
f 5951/11 5953/11 5954/11
f 5955/11 5956/11 5957/11
f 5955/11 5957/11 5958/11
f 5959/11 5960/11 5961/11
f 5959/11 5961/11 5962/11
f 5963/11 5964/11 5965/11
f 5963/11 5965/11 5966/11
f 5967/11 5968/11 5969/11
f 5967/11 5969/11 5970/11
f 5971/11 5972/11 5973/11
f 5971/11 5973/11 5974/11
f 5975/11 5976/11 5977/11
f 5975/11 5977/11 5978/11
f 5979/11 5980/11 5981/11
f 5979/11 5981/11 5982/11
f 5983/11 5984/11 5985/11
f 5983/11 5985/11 5986/11
f 5987/11 5988/11 5989/11
f 5987/11 5989/11 5990/11
f 5991/11 5992/11 5993/11
f 5991/11 5993/11 5994/11
f 5995/11 5996/11 5997/11
f 5995/11 5997/11 5998/11
f 5999/11 6000/11 6001/11
f 5999/11 6001/11 6002/11
f 6003/11 6004/11 6005/11
f 6003/11 6005/11 6006/11
f 6007/11 6008/11 6009/11
f 6007/11 6009/11 6010/11
f 6011/11 6012/11 6013/11
f 6011/11 6013/11 6014/11
f 6015/11 6016/11 6017/11
f 6015/11 6017/11 6018/11
f 6019/11 6020/11 6021/11
f 6019/11 6021/11 6022/11
f 6023/11 6024/11 6025/11
f 6023/11 6025/11 6026/11
f 6027/11 6028/11 6029/11
f 6027/11 6029/11 6030/11
f 6031/11 6032/11 6033/11
f 6031/11 6033/11 6034/11
f 6035/11 6036/11 6037/11
f 6035/11 6037/11 6038/11
f 6039/11 6040/11 6041/11
f 6039/11 6041/11 6042/11
f 6043/11 6044/11 6045/11
f 6043/11 6045/11 6046/11
f 6047/11 6048/11 6049/11
f 6047/11 6049/11 6050/11
f 6051/11 6052/11 6053/11
f 6051/11 6053/11 6054/11
f 6055/11 6056/11 6057/11
f 6055/11 6057/11 6058/11
f 6059/11 6060/11 6061/11
f 6059/11 6061/11 6062/11
f 6063/11 6064/11 6065/11
f 6063/11 6065/11 6066/11
f 6067/11 6068/11 6069/11
f 6067/11 6069/11 6070/11
f 6071/11 6072/11 6073/11
f 6071/11 6073/11 6074/11
f 6075/11 6076/11 6077/11
f 6075/11 6077/11 6078/11
f 6079/11 6080/11 6081/11
f 6079/11 6081/11 6082/11
f 6083/11 6084/11 6085/11
f 6083/11 6085/11 6086/11
f 6087/11 6088/11 6089/11
f 6087/11 6089/11 6090/11
f 6091/11 6092/11 6093/11
f 6091/11 6093/11 6094/11
f 6095/11 6096/11 6097/11
f 6095/11 6097/11 6098/11
f 6099/11 6100/11 6101/11
f 6099/11 6101/11 6102/11
f 6103/11 6104/11 6105/11
f 6103/11 6105/11 6106/11
f 6107/11 6108/11 6109/11
f 6107/11 6109/11 6110/11
f 6111/11 6112/11 6113/11
f 6111/11 6113/11 6114/11
f 6115/11 6116/11 6117/11
f 6115/11 6117/11 6118/11
f 6119/11 6120/11 6121/11
f 6119/11 6121/11 6122/11
f 6123/11 6124/11 6125/11
f 6123/11 6125/11 6126/11
f 6127/11 6128/11 6129/11
f 6127/11 6129/11 6130/11
f 6131/11 6132/11 6133/11
f 6131/11 6133/11 6134/11
f 6135/11 6136/11 6137/11
f 6135/11 6137/11 6138/11
f 6139/11 6140/11 6141/11
f 6139/11 6141/11 6142/11
f 6143/11 6144/11 6145/11
f 6143/11 6145/11 6146/11
f 6147/11 6148/11 6149/11
f 6147/11 6149/11 6150/11
f 6151/11 6152/11 6153/11
f 6151/11 6153/11 6154/11
f 6155/11 6156/11 6157/11
f 6155/11 6157/11 6158/11
f 6159/11 6160/11 6161/11
f 6159/11 6161/11 6162/11
f 6163/11 6164/11 6165/11
f 6163/11 6165/11 6166/11
f 6167/11 6168/11 6169/11
f 6167/11 6169/11 6170/11
f 6171/11 6172/11 6173/11
f 6171/11 6173/11 6174/11
f 6175/11 6176/11 6177/11
f 6175/11 6177/11 6178/11
f 6179/11 6180/11 6181/11
f 6179/11 6181/11 6182/11
f 6183/11 6184/11 6185/11
f 6183/11 6185/11 6186/11
f 6187/11 6188/11 6189/11
f 6187/11 6189/11 6190/11
f 6191/11 6192/11 6193/11
f 6191/11 6193/11 6194/11
f 6195/11 6196/11 6197/11
f 6195/11 6197/11 6198/11
f 6199/11 6200/11 6201/11
f 6199/11 6201/11 6202/11
f 6203/11 6204/11 6205/11
f 6203/11 6205/11 6206/11
f 6207/11 6208/11 6209/11
f 6207/11 6209/11 6210/11
f 6211/11 6212/11 6213/11
f 6211/11 6213/11 6214/11
f 6215/11 6216/11 6217/11
f 6215/11 6217/11 6218/11
f 6219/11 6220/11 6221/11
f 6219/11 6221/11 6222/11
f 6223/11 6224/11 6225/11
f 6223/11 6225/11 6226/11
f 6227/11 6228/11 6229/11
f 6227/11 6229/11 6230/11
f 6231/11 6232/11 6233/11
f 6231/11 6233/11 6234/11
f 6235/11 6236/11 6237/11
f 6235/11 6237/11 6238/11
f 6239/11 6240/11 6241/11
f 6239/11 6241/11 6242/11
f 6243/11 6244/11 6245/11
f 6243/11 6245/11 6246/11
f 6247/11 6248/11 6249/11
f 6247/11 6249/11 6250/11
f 6251/11 6252/11 6253/11
f 6251/11 6253/11 6254/11
f 6255/11 6256/11 6257/11
f 6255/11 6257/11 6258/11
f 6259/11 6260/11 6261/11
f 6259/11 6261/11 6262/11
f 6263/11 6264/11 6265/11
f 6263/11 6265/11 6266/11
f 6267/11 6268/11 6269/11
f 6267/11 6269/11 6270/11
f 6271/11 6272/11 6273/11
f 6271/11 6273/11 6274/11
f 6275/11 6276/11 6277/11
f 6275/11 6277/11 6278/11
f 6279/11 6280/11 6281/11
f 6279/11 6281/11 6282/11
f 6283/11 6284/11 6285/11
f 6283/11 6285/11 6286/11
f 6287/11 6288/11 6289/11
f 6287/11 6289/11 6290/11
f 6291/11 6292/11 6293/11
f 6291/11 6293/11 6294/11
f 6295/11 6296/11 6297/11
f 6295/11 6297/11 6298/11
f 6299/11 6300/11 6301/11
f 6299/11 6301/11 6302/11
f 6303/11 6304/11 6305/11
f 6303/11 6305/11 6306/11
f 6307/11 6308/11 6309/11
f 6307/11 6309/11 6310/11
f 6311/11 6312/11 6313/11
f 6311/11 6313/11 6314/11
f 6315/11 6316/11 6317/11
f 6315/11 6317/11 6318/11
f 6319/11 6320/11 6321/11
f 6319/11 6321/11 6322/11
f 6323/11 6324/11 6325/11
f 6323/11 6325/11 6326/11
f 6327/11 6328/11 6329/11
f 6327/11 6329/11 6330/11
f 6331/11 6332/11 6333/11
f 6331/11 6333/11 6334/11
f 6335/11 6336/11 6337/11
f 6335/11 6337/11 6338/11
f 6339/11 6340/11 6341/11
f 6339/11 6341/11 6342/11
f 6343/11 6344/11 6345/11
f 6343/11 6345/11 6346/11
f 6347/11 6348/11 6349/11
f 6347/11 6349/11 6350/11
f 6351/11 6352/11 6353/11
f 6351/11 6353/11 6354/11
f 6355/11 6356/11 6357/11
f 6355/11 6357/11 6358/11
f 6359/11 6360/11 6361/11
f 6359/11 6361/11 6362/11
f 6363/11 6364/11 6365/11
f 6363/11 6365/11 6366/11
f 6367/11 6368/11 6369/11
f 6367/11 6369/11 6370/11
f 6371/11 6372/11 6373/11
f 6371/11 6373/11 6374/11
f 6375/11 6376/11 6377/11
f 6375/11 6377/11 6378/11
f 6379/11 6380/11 6381/11
f 6379/11 6381/11 6382/11
f 6383/11 6384/11 6385/11
f 6383/11 6385/11 6386/11
f 6387/11 6388/11 6389/11
f 6387/11 6389/11 6390/11
f 6391/11 6392/11 6393/11
f 6391/11 6393/11 6394/11
f 6395/11 6396/11 6397/11
f 6395/11 6397/11 6398/11
f 6399/11 6400/11 6401/11
f 6399/11 6401/11 6402/11
f 6403/11 6404/11 6405/11
f 6403/11 6405/11 6406/11
f 6407/11 6408/11 6409/11
f 6407/11 6409/11 6410/11
f 6411/11 6412/11 6413/11
f 6411/11 6413/11 6414/11
f 6415/11 6416/11 6417/11
f 6415/11 6417/11 6418/11
f 6419/11 6420/11 6421/11
f 6419/11 6421/11 6422/11
f 6423/11 6424/11 6425/11
f 6423/11 6425/11 6426/11
f 6427/11 6428/11 6429/11
f 6427/11 6429/11 6430/11
f 6431/11 6432/11 6433/11
f 6431/11 6433/11 6434/11
f 6435/11 6436/11 6437/11
f 6435/11 6437/11 6438/11
f 6439/11 6440/11 6441/11
f 6439/11 6441/11 6442/11
f 6443/11 6444/11 6445/11
f 6443/11 6445/11 6446/11
f 6447/11 6448/11 6449/11
f 6447/11 6449/11 6450/11
f 6451/11 6452/11 6453/11
f 6451/11 6453/11 6454/11
f 6455/11 6456/11 6457/11
f 6455/11 6457/11 6458/11
f 6459/11 6460/11 6461/11
f 6459/11 6461/11 6462/11
f 6463/11 6464/11 6465/11
f 6463/11 6465/11 6466/11
f 6467/11 6468/11 6469/11
f 6467/11 6469/11 6470/11
f 6471/11 6472/11 6473/11
f 6471/11 6473/11 6474/11
f 6475/11 6476/11 6477/11
f 6475/11 6477/11 6478/11
f 6479/11 6480/11 6481/11
f 6479/11 6481/11 6482/11
f 6483/11 6484/11 6485/11
f 6483/11 6485/11 6486/11
f 6487/11 6488/11 6489/11
f 6487/11 6489/11 6490/11
f 6491/11 6492/11 6493/11
f 6491/11 6493/11 6494/11
f 6495/11 6496/11 6497/11
f 6495/11 6497/11 6498/11
f 6499/11 6500/11 6501/11
f 6499/11 6501/11 6502/11
f 6503/11 6504/11 6505/11
f 6503/11 6505/11 6506/11
f 6507/11 6508/11 6509/11
f 6507/11 6509/11 6510/11
f 6511/11 6512/11 6513/11
f 6511/11 6513/11 6514/11
f 6515/11 6495/11 6498/11
f 6515/11 6498/11 6516/11
f 6517/11 6518/11 6519/11
f 6517/11 6519/11 6520/11
f 6521/11 6522/11 6523/11
f 6521/11 6523/11 6524/11
f 6525/11 6526/11 6527/11
f 6525/11 6527/11 6528/11
f 6529/11 6530/11 6531/11
f 6529/11 6531/11 6532/11
f 6533/11 6534/11 6535/11
f 6533/11 6535/11 6536/11
f 6537/11 6538/11 6539/11
f 6537/11 6539/11 6540/11
f 6541/11 6542/11 6543/11
f 6541/11 6543/11 6544/11
f 6545/11 6546/11 6547/11
f 6545/11 6547/11 6548/11
f 6549/11 6550/11 6551/11
f 6549/11 6551/11 6552/11
f 6553/11 6554/11 6555/11
f 6553/11 6555/11 6556/11
f 6557/11 6558/11 6559/11
f 6557/11 6559/11 6560/11
f 6561/11 6562/11 6563/11
f 6561/11 6563/11 6564/11
f 6565/11 6566/11 6567/11
f 6565/11 6567/11 6568/11
f 6569/11 6570/11 6571/11
f 6569/11 6571/11 6572/11
f 6573/11 6574/11 6575/11
f 6573/11 6575/11 6576/11
f 6577/11 6578/11 6579/11
f 6577/11 6579/11 6580/11
f 6581/11 6582/11 6583/11
f 6581/11 6583/11 6584/11
f 6585/11 6586/11 6587/11
f 6585/11 6587/11 6588/11
f 6589/11 6590/11 6591/11
f 6589/11 6591/11 6592/11
f 6593/11 6594/11 6595/11
f 6593/11 6595/11 6596/11
f 6597/11 6598/11 6599/11
f 6597/11 6599/11 6600/11
f 6601/11 6602/11 6603/11
f 6601/11 6603/11 6604/11
f 6605/11 6606/11 6607/11
f 6605/11 6607/11 6608/11
f 6608/11 6607/11 6609/11
f 6608/11 6609/11 6610/11
f 6610/11 6609/11 6611/11
f 6610/11 6611/11 6612/11
f 6604/11 6603/11 6613/11
f 6604/11 6613/11 6614/11
f 6614/11 6613/11 6594/11
f 6614/11 6594/11 6593/11
f 6615/11 6616/11 6617/11
f 6615/11 6617/11 6618/11
f 6618/11 6617/11 6586/11
f 6618/11 6586/11 6585/11
f 6619/11 6620/11 6621/11
f 6619/11 6621/11 6622/11
f 6623/11 6624/11 6625/11
f 6623/11 6625/11 6626/11
f 6627/11 6628/11 6629/11
f 6627/11 6629/11 6630/11
f 6630/11 6629/11 6566/11
f 6630/11 6566/11 6565/11
f 6631/11 6632/11 6633/11
f 6631/11 6633/11 6634/11
f 6634/11 6633/11 6562/11
f 6634/11 6562/11 6561/11
f 6635/11 6636/11 6637/11
f 6635/11 6637/11 6638/11
f 6638/11 6637/11 6550/11
f 6638/11 6550/11 6549/11
f 6639/11 6640/11 6641/11
f 6639/11 6641/11 6642/11
f 6642/11 6641/11 6546/11
f 6642/11 6546/11 6545/11
f 6643/11 6644/11 6645/11
f 6643/11 6645/11 6646/11
f 6647/11 6648/11 6542/11
f 6647/11 6542/11 6541/11
f 6649/11 6650/11 6651/11
f 6649/11 6651/11 6652/11
f 6652/11 6651/11 6538/11
f 6652/11 6538/11 6537/11
f 6653/11 6654/11 6655/11
f 6653/11 6655/11 6656/11
f 6657/11 6658/11 6659/11
f 6657/11 6659/11 6660/11
f 6661/11 6662/11 6663/11
f 6661/11 6663/11 6664/11
f 6665/11 6666/11 6667/11
f 6665/11 6667/11 6668/11
f 6669/11 6670/11 6671/11
f 6669/11 6671/11 6672/11
f 6673/11 6674/11 6675/11
f 6673/11 6675/11 6676/11
f 6677/11 6678/11 6679/11
f 6677/11 6679/11 6680/11
f 6681/11 6682/11 6683/11
f 6681/11 6683/11 6684/11
f 6685/11 6686/11 6687/11
f 6685/11 6687/11 6688/11
f 6689/11 6690/11 6691/11
f 6689/11 6691/11 6692/11
f 6693/11 6694/11 6695/11
f 6693/11 6695/11 6696/11
f 6697/11 6698/11 6699/11
f 6697/11 6699/11 6700/11
f 6701/11 6702/11 6703/11
f 6701/11 6703/11 6704/11
f 6704/11 6703/11 6590/11
f 6704/11 6590/11 6589/11
f 6705/11 6706/11 6707/11
f 6705/11 6707/11 6708/11
f 6708/11 6707/11 6582/11
f 6708/11 6582/11 6581/11
f 6709/11 6710/11 6711/11
f 6709/11 6711/11 6712/11
f 6713/11 6714/11 6715/11
f 6713/11 6715/11 6716/11
f 6717/11 6718/11 6719/11
f 6717/11 6719/11 6720/11
f 6721/11 6722/11 6723/11
f 6721/11 6723/11 6724/11
f 6725/11 6726/11 6727/11
f 6725/11 6727/11 6728/11
f 6729/11 6730/11 6731/11
f 6729/11 6731/11 6732/11
f 6733/11 6734/11 6735/11
f 6733/11 6735/11 6736/11
f 6736/11 6735/11 6558/11
f 6736/11 6558/11 6557/11
f 6737/11 6738/11 6739/11
f 6737/11 6739/11 6740/11
f 6740/11 6739/11 6554/11
f 6740/11 6554/11 6553/11
f 6656/11 6655/11 6741/11
f 6656/11 6741/11 6742/11
f 6743/11 6744/11 6745/11
f 6743/11 6745/11 6746/11
f 6747/11 6748/11 6749/11
f 6747/11 6749/11 6750/11
f 6751/11 6752/11 6753/11
f 6751/11 6753/11 6754/11
f 6755/11 6756/11 6748/11
f 6755/11 6748/11 6747/11
f 6757/11 6758/11 6759/11
f 6757/11 6759/11 6760/11
f 6758/11 6755/11 6747/11
f 6758/11 6747/11 6759/11
f 6761/11 6762/11 6763/11
f 6761/11 6763/11 6764/11
f 6765/11 6766/11 6755/11
f 6765/11 6755/11 6758/11
f 6760/11 6759/11 6767/11
f 6760/11 6767/11 6768/11
f 6759/11 6747/11 6750/11
f 6759/11 6750/11 6767/11
f 6769/11 6770/11 6771/11
f 6769/11 6771/11 6772/11
f 6773/11 6774/11 6775/11
f 6773/11 6775/11 6776/11
f 6777/11 6778/11 6779/11
f 6777/11 6779/11 6780/11
f 6781/11 6782/11 6783/11
f 6781/11 6783/11 6784/11
f 6785/11 6786/11 6787/11
f 6785/11 6787/11 6788/11
f 6789/11 6790/11 6791/11
f 6789/11 6791/11 6792/11
f 6793/11 6794/11 6795/11
f 6793/11 6795/11 6796/11
f 6797/11 6798/11 6799/11
f 6797/11 6799/11 6800/11
f 6801/11 6802/11 6803/11
f 6801/11 6803/11 6804/11
f 6805/11 6806/11 6807/11
f 6805/11 6807/11 6808/11
f 6809/11 6810/11 6811/11
f 6809/11 6811/11 6812/11
f 6813/11 6814/11 6815/11
f 6813/11 6815/11 6816/11
f 6817/11 6818/11 6819/11
f 6817/11 6819/11 6820/11
f 6821/11 6822/11 6823/11
f 6821/11 6823/11 6824/11
f 6825/11 6826/11 6827/11
f 6825/11 6827/11 6828/11
f 6829/11 6830/11 6831/11
f 6829/11 6831/11 6832/11
f 6833/11 6834/11 6835/11
f 6833/11 6835/11 6836/11
f 6837/11 6838/11 6839/11
f 6837/11 6839/11 6840/11
f 6841/11 6842/11 6843/11
f 6841/11 6843/11 6844/11
f 6845/11 6846/11 6847/11
f 6845/11 6847/11 6848/11
f 6849/11 6850/11 6851/11
f 6849/11 6851/11 6852/11
f 6853/11 6854/11 6855/11
f 6853/11 6855/11 6856/11
f 6852/11 6851/11 6846/11
f 6852/11 6846/11 6845/11
f 6857/11 6858/11 6859/11
f 6857/11 6859/11 6860/11
f 6861/11 6862/11 6863/11
f 6861/11 6863/11 6864/11
f 6865/11 6866/11 6867/11
f 6865/11 6867/11 6868/11
f 6869/11 6870/11 6871/11
f 6869/11 6871/11 6872/11
f 6873/11 6874/11 6875/11
f 6873/11 6875/11 6876/11
f 6877/11 6878/11 6879/11
f 6877/11 6879/11 6880/11
f 6881/11 6882/11 6883/11
f 6881/11 6883/11 6884/11
f 6885/11 6886/11 6887/11
f 6885/11 6887/11 6888/11
f 6889/11 6890/11 6891/11
f 6889/11 6891/11 6892/11
f 6893/11 6894/11 6895/11
f 6893/11 6895/11 6896/11
f 6897/11 6898/11 6886/11
f 6897/11 6886/11 6885/11
f 6899/11 6900/11 6901/11
f 6899/11 6901/11 6878/11
f 6902/11 6899/11 6878/11
f 6902/11 6878/11 6877/11
f 6903/11 6904/11 6905/11
f 6903/11 6905/11 6906/11
f 6907/11 6908/11 6909/11
f 6907/11 6909/11 6910/11
f 6911/11 6912/11 6913/11
f 6911/11 6913/11 6914/11
f 6885/11 6915/11 6916/11
f 6885/11 6916/11 6897/11
f 6891/11 6917/11 6918/11
f 6891/11 6918/11 6892/11
f 6919/11 6920/11 6921/11
f 6919/11 6921/11 6922/11
f 6923/11 6924/11 6925/11
f 6923/11 6925/11 6926/11
f 6927/11 6928/11 6929/11
f 6927/11 6929/11 6930/11
f 6931/11 6932/11 6933/11
f 6931/11 6933/11 6934/11
f 6935/11 6936/11 6937/11
f 6935/11 6937/11 6938/11
f 6939/11 6940/11 6941/11
f 6939/11 6941/11 6942/11
f 6943/11 6944/11 6945/11
f 6943/11 6945/11 6946/11
f 6947/11 6948/11 6949/11
f 6947/11 6949/11 6950/11
f 6951/11 6952/11 6953/11
f 6951/11 6953/11 6954/11
f 6955/11 6956/11 6957/11
f 6955/11 6957/11 6958/11
f 6959/11 6960/11 6961/11
f 6959/11 6961/11 6962/11
f 6963/11 6964/11 6965/11
f 6963/11 6965/11 6966/11
f 6967/11 6968/11 6969/11
f 6967/11 6969/11 6970/11
f 6971/11 6972/11 6973/11
f 6971/11 6973/11 6974/11
f 6975/11 6976/11 6977/11
f 6975/11 6977/11 6978/11
f 6979/11 6980/11 6981/11
f 6979/11 6981/11 6982/11
f 6983/11 6984/11 6985/11
f 6983/11 6985/11 6986/11
f 6987/11 6988/11 6989/11
f 6987/11 6989/11 6990/11
f 6991/11 6992/11 6993/11
f 6991/11 6993/11 6994/11
f 6995/11 6996/11 6997/11
f 6995/11 6997/11 6998/11
f 6999/11 7000/11 7001/11
f 6999/11 7001/11 7002/11
f 7003/11 7004/11 7005/11
f 7003/11 7005/11 7006/11
f 7007/11 7008/11 7009/11
f 7007/11 7009/11 7010/11
f 7011/11 7012/11 7013/11
f 7011/11 7013/11 7014/11
f 7015/11 7016/11 7017/11
f 7015/11 7017/11 7018/11
f 7019/11 7020/11 7021/11
f 7019/11 7021/11 7022/11
f 7023/11 7024/11 7025/11
f 7023/11 7025/11 7026/11
f 7027/11 7028/11 7029/11
f 7027/11 7029/11 7030/11
f 7031/11 7032/11 7033/11
f 7031/11 7033/11 7034/11
f 7035/11 7036/11 7037/11
f 7035/11 7037/11 7038/11
f 7039/11 7040/11 7041/11
f 7039/11 7041/11 7042/11
f 7043/11 7044/11 7045/11
f 7043/11 7045/11 7046/11
f 7047/11 7048/11 7049/11
f 7047/11 7049/11 7050/11
f 7051/11 7052/11 7053/11
f 7051/11 7053/11 7054/11
f 7055/11 7056/11 7057/11
f 7055/11 7057/11 7058/11
f 7059/11 7060/11 7061/11
f 7059/11 7061/11 7062/11
f 7063/11 7064/11 7065/11
f 7063/11 7065/11 7066/11
f 7067/11 7068/11 7069/11
f 7067/11 7069/11 7070/11
f 7071/11 7072/11 7073/11
f 7071/11 7073/11 7074/11
f 7075/11 7076/11 7077/11
f 7075/11 7077/11 7078/11
f 7079/11 7080/11 7081/11
f 7079/11 7081/11 7082/11
f 7083/11 7084/11 7085/11
f 7083/11 7085/11 7086/11
f 7087/11 7088/11 7089/11
f 7087/11 7089/11 7090/11
f 7091/11 7092/11 7093/11
f 7091/11 7093/11 7094/11
f 7095/11 7096/11 7097/11
f 7095/11 7097/11 7098/11
f 7099/11 7100/11 7101/11
f 7099/11 7101/11 7102/11
f 7103/11 7104/11 7105/11
f 7103/11 7105/11 7106/11
f 7107/11 7108/11 7109/11
f 7107/11 7109/11 7110/11
f 7111/11 7112/11 7113/11
f 7111/11 7113/11 7114/11
f 7115/11 7116/11 7117/11
f 7115/11 7117/11 7118/11
f 7119/11 7120/11 7121/11
f 7119/11 7121/11 7122/11
f 7123/11 7124/11 7125/11
f 7123/11 7125/11 7126/11
f 7127/11 7128/11 7129/11
f 7127/11 7129/11 7130/11
f 7131/11 7132/11 7133/11
f 7131/11 7133/11 7134/11
f 7135/11 7136/11 7137/11
f 7135/11 7137/11 7138/11
f 7139/11 7140/11 7141/11
f 7139/11 7141/11 7142/11
f 7143/11 7144/11 7145/11
f 7143/11 7145/11 7146/11
f 7147/11 7148/11 7149/11
f 7147/11 7149/11 7150/11
f 7151/11 7152/11 7153/11
f 7151/11 7153/11 7154/11
f 7155/11 7156/11 7157/11
f 7155/11 7157/11 7158/11
f 7159/11 7160/11 7161/11
f 7159/11 7161/11 7162/11
f 7163/11 7164/11 7165/11
f 7163/11 7165/11 7166/11
f 7167/11 7168/11 7169/11
f 7167/11 7169/11 7170/11
f 7171/11 7172/11 7173/11
f 7171/11 7173/11 7174/11
f 7175/11 7176/11 7177/11
f 7175/11 7177/11 7178/11
f 7179/11 7180/11 7181/11
f 7179/11 7181/11 7182/11
f 7183/11 7184/11 7185/11
f 7183/11 7185/11 7186/11
f 7187/11 7188/11 7189/11
f 7187/11 7189/11 7190/11
f 7191/11 7192/11 7193/11
f 7191/11 7193/11 7194/11
f 7195/11 7196/11 7197/11
f 7195/11 7197/11 7198/11
f 7199/11 7200/11 7201/11
f 7199/11 7201/11 7202/11
f 7203/11 7204/11 7205/11
f 7203/11 7205/11 7206/11
f 7207/11 7208/11 7209/11
f 7207/11 7209/11 7210/11
f 7211/11 7212/11 7213/11
f 7211/11 7213/11 7214/11
f 7215/11 7216/11 7217/11
f 7215/11 7217/11 7218/11
f 7219/11 7220/11 7221/11
f 7219/11 7221/11 7222/11
f 7223/11 7224/11 7225/11
f 7223/11 7225/11 7226/11
f 7227/11 7228/11 7229/11
f 7227/11 7229/11 7230/11
f 7231/11 7232/11 7233/11
f 7231/11 7233/11 7234/11
f 7235/11 7236/11 7237/11
f 7235/11 7237/11 7238/11
f 7239/11 7240/11 7241/11
f 7239/11 7241/11 7242/11
f 7243/11 7244/11 7245/11
f 7243/11 7245/11 7246/11
f 7247/11 7248/11 7249/11
f 7247/11 7249/11 7250/11
f 7251/11 7252/11 7253/11
f 7251/11 7253/11 7254/11
f 7255/11 7256/11 7257/11
f 7255/11 7257/11 7258/11
f 7259/11 7260/11 7261/11
f 7259/11 7261/11 7262/11
f 7263/11 7264/11 7265/11
f 7263/11 7265/11 7266/11
f 7267/11 7268/11 7269/11
f 7267/11 7269/11 7270/11
f 7271/11 7272/11 7273/11
f 7271/11 7273/11 7274/11
f 7275/11 7276/11 7277/11
f 7275/11 7277/11 7278/11
f 7279/11 7280/11 7281/11
f 7279/11 7281/11 7282/11
f 7283/11 7284/11 7285/11
f 7283/11 7285/11 7286/11
f 7287/11 7288/11 7289/11
f 7287/11 7289/11 7290/11
f 7291/11 7292/11 7293/11
f 7291/11 7293/11 7294/11
f 7295/11 7296/11 7297/11
f 7295/11 7297/11 7298/11
f 7299/11 7300/11 7301/11
f 7299/11 7301/11 7302/11
f 7303/11 7304/11 7305/11
f 7303/11 7305/11 7306/11
f 7307/11 7308/11 7309/11
f 7307/11 7309/11 7310/11
f 7311/11 7312/11 7313/11
f 7311/11 7313/11 7314/11
f 7315/11 7316/11 7317/11
f 7315/11 7317/11 7318/11
f 7319/11 7320/11 7321/11
f 7319/11 7321/11 7322/11
f 7323/11 7324/11 7325/11
f 7323/11 7325/11 7326/11
f 7327/11 7328/11 7329/11
f 7327/11 7329/11 7330/11
f 7331/11 7332/11 7333/11
f 7331/11 7333/11 7334/11
f 7335/11 7336/11 7337/11
f 7335/11 7337/11 7338/11
f 7339/11 7340/11 7341/11
f 7339/11 7341/11 7342/11
f 7343/11 7344/11 7345/11
f 7343/11 7345/11 7346/11
f 7347/11 7348/11 7349/11
f 7347/11 7349/11 7350/11
f 7351/11 7352/11 7353/11
f 7351/11 7353/11 7354/11
f 7355/11 7356/11 7357/11
f 7355/11 7357/11 7358/11
f 7359/11 7360/11 7361/11
f 7359/11 7361/11 7362/11
f 7363/11 7364/11 7365/11
f 7363/11 7365/11 7366/11
f 7367/11 7368/11 7369/11
f 7367/11 7369/11 7370/11
f 7371/11 7372/11 7373/11
f 7371/11 7373/11 7374/11
f 7375/11 7376/11 7377/11
f 7375/11 7377/11 7378/11
f 7379/11 7380/11 7381/11
f 7379/11 7381/11 7382/11
f 7383/11 7384/11 7385/11
f 7383/11 7385/11 7386/11
f 7387/11 7388/11 7389/11
f 7387/11 7389/11 7390/11
f 7391/11 7392/11 7393/11
f 7391/11 7393/11 7394/11
f 7395/11 7396/11 7397/11
f 7395/11 7397/11 7398/11
f 7399/11 7400/11 7401/11
f 7399/11 7401/11 7402/11
f 7403/11 7404/11 7405/11
f 7403/11 7405/11 7406/11
f 7407/11 7408/11 7409/11
f 7407/11 7409/11 7410/11
f 7411/11 6442/11 6441/11
f 7411/11 6441/11 7412/11
f 7413/11 7414/11 7415/11
f 7413/11 7415/11 7416/11
f 7417/11 7418/11 7419/11
f 7417/11 7419/11 7420/11
f 7421/11 7422/11 7423/11
f 7421/11 7423/11 7424/11
f 7425/11 7426/11 7427/11
f 7425/11 7427/11 7428/11
f 7429/11 7430/11 7431/11
f 7429/11 7431/11 7432/11
f 7433/11 7434/11 7435/11
f 7433/11 7435/11 7436/11
f 7437/11 7438/11 7439/11
f 7437/11 7439/11 7440/11
f 7441/11 7442/11 7443/11
f 7441/11 7443/11 7444/11
f 7445/11 7446/11 7447/11
f 7445/11 7447/11 7448/11
f 7449/11 7450/11 7451/11
f 7449/11 7451/11 7452/11
f 7453/11 7454/11 7455/11
f 7453/11 7455/11 7456/11
f 7457/11 7458/11 7459/11
f 7457/11 7459/11 7460/11
f 7461/11 7462/11 7463/11
f 7461/11 7463/11 7464/11
f 7465/11 7466/11 7467/11
f 7465/11 7467/11 7468/11
f 7469/11 7470/11 7471/11
f 7469/11 7471/11 7472/11
f 7473/11 7474/11 7475/11
f 7473/11 7475/11 7476/11
f 7477/11 7478/11 7479/11
f 7477/11 7479/11 7480/11
f 7481/11 7482/11 7483/11
f 7481/11 7483/11 7484/11
f 7485/11 7486/11 7487/11
f 7485/11 7487/11 7488/11
f 7489/11 7490/11 7491/11
f 7489/11 7491/11 7492/11
f 7475/11 7493/11 7494/11
f 7475/11 7494/11 7476/11
f 7495/11 7496/11 7497/11
f 7495/11 7497/11 7498/11
f 7499/11 7500/11 7501/11
f 7499/11 7501/11 7502/11
f 7503/11 7504/11 7505/11
f 7503/11 7505/11 7506/11
f 7507/11 7508/11 7509/11
f 7508/11 7507/11 7510/11
f 7510/11 7507/11 7511/11
f 7512/11 7513/11 7514/11
f 7513/11 7512/11 7515/11
f 7515/11 7512/11 7516/11
f 7517/11 7518/11 7519/11
f 7518/11 7517/11 7520/11
f 7520/11 7517/11 7521/11
f 7522/11 7523/11 7524/11
f 7523/11 7522/11 7525/11
f 7525/11 7522/11 7526/11
f 7527/11 7528/11 7529/11
f 7528/11 7527/11 7530/11
f 7530/11 7527/11 7531/11
f 7532/11 7533/11 7534/11
f 7533/11 7532/11 7535/11
f 7535/11 7532/11 7536/11
f 7537/11 7538/11 7539/11
f 7538/11 7537/11 7540/11
f 7540/11 7537/11 7541/11
f 7540/11 7541/11 7542/11
f 7542/11 7541/11 7543/11
f 7542/11 7543/11 7544/11
f 7544/11 7543/11 7545/11
f 7544/11 7545/11 7546/11
f 7546/11 7545/11 7547/11
f 7546/11 7547/11 7548/11
f 7548/11 7547/11 7549/11
f 7548/11 7549/11 7550/11
f 7551/11 7552/11 7553/11
f 7552/11 7551/11 7554/11
f 7554/11 7551/11 7555/11
f 7554/11 7555/11 7556/11
f 7556/11 7555/11 7557/11
f 7556/11 7557/11 7558/11
f 7558/11 7557/11 7559/11
f 7559/11 7557/11 7560/11
f 7559/11 7560/11 7561/11
f 7559/11 7561/11 7562/11
f 7562/11 7561/11 7563/11
f 7562/11 7563/11 7564/11
f 7565/11 7566/11 7567/11
f 7566/11 7565/11 7568/11
f 7568/11 7565/11 7569/11
f 7570/11 7571/11 7572/11
f 7571/11 7570/11 7573/11
f 7573/11 7570/11 7574/11
f 7575/11 7576/11 7577/11
f 7576/11 7575/11 7578/11
f 7578/11 7575/11 7500/11
f 7579/11 7495/11 7580/11
f 7495/11 7579/11 7496/11
f 7496/11 7579/11 7581/11
f 7582/11 7583/11 7584/11
f 7583/11 7582/11 7585/11
f 7585/11 7582/11 7586/11
f 7587/11 7588/11 7589/11
f 7588/11 7587/11 7590/11
f 7590/11 7587/11 7591/11
f 7592/11 7593/11 7594/11
f 7593/11 7592/11 7595/11
f 7595/11 7592/11 7596/11
f 7595/11 7596/11 7597/11
f 7597/11 7596/11 7598/11
f 7597/11 7598/11 7599/11
f 7599/11 7598/11 7600/11
f 7599/11 7600/11 7601/11
f 7601/11 7600/11 7602/11
f 7601/11 7602/11 7603/11
f 7603/11 7602/11 7604/11
f 7603/11 7604/11 7605/11
f 7629/8 7737/8 7738/8
f 7629/8 7738/8 7613/8
f 7733/8 7741/8 7746/8
f 7733/8 7746/8 7608/8
f 7719/8 7732/8 7606/8
f 7719/8 7606/8 7624/8
f 7729/8 7965/8 7861/8
f 7729/8 7861/8 7652/8
f 7659/8 7748/8 8003/8
f 7659/8 8003/8 7859/8
f 7607/8 7745/8 7755/8
f 7607/8 7755/8 7625/8
f 7713/8 7717/8 7633/8
f 7713/8 7633/8 7611/8
f 7720/8 7718/8 7622/8
f 7720/8 7622/8 7645/8
f 7635/8 7751/8 7735/8
f 7635/8 7735/8 7626/8
f 7647/8 7758/8 7750/8
f 7647/8 7750/8 7634/8
f 7726/8 7720/8 7645/8
f 7726/8 7645/8 7658/8
f 7623/8 7753/8 7756/8
f 7623/8 7756/8 7646/8
f 7714/8 7722/8 7638/8
f 7714/8 7638/8 7631/8
f 7967/8 7726/8 7658/8
f 7967/8 7658/8 7858/8
f 7850/8 8017/8 7760/8
f 7850/8 7760/8 7648/8
f 7646/8 7756/8 7748/8
f 7646/8 7748/8 7659/8
f 7724/8 7730/8 7653/8
f 7724/8 7653/8 7640/8
f 7641/8 7654/8 7683/8
f 7641/8 7683/8 7677/8
f 7851/8 7649/8 7680/8
f 7851/8 7680/8 7911/8
f 7620/8 7642/8 7679/8
f 7620/8 7679/8 7670/8
f 7650/8 7637/8 7676/8
f 7650/8 7676/8 7681/8
f 7636/8 7627/8 7672/8
f 7636/8 7672/8 7675/8
f 7616/8 7618/8 7667/8
f 7616/8 7667/8 7665/8
f 7655/8 7856/8 7910/8
f 7655/8 7910/8 7686/8
f 7628/8 7612/8 7660/8
f 7628/8 7660/8 7673/8
f 7614/8 7740/8 7764/8
f 7614/8 7764/8 7662/8
f 7678/8 7685/8 7706/8
f 7678/8 7706/8 7699/8
f 7913/8 7682/8 7702/8
f 7913/8 7702/8 7940/8
f 7668/8 7678/8 7699/8
f 7668/8 7699/8 7692/8
f 7681/8 7676/8 7697/8
f 7681/8 7697/8 7701/8
f 7674/8 7671/8 7694/8
f 7674/8 7694/8 7696/8
f 7666/8 7669/8 7693/8
f 7666/8 7693/8 7690/8
f 7684/8 7908/8 7934/8
f 7684/8 7934/8 7704/8
f 7673/8 7660/8 7707/8
f 7673/8 7707/8 7695/8
f 7661/8 7762/8 7766/8
f 7661/8 7766/8 7708/8
f 7699/8 7706/8 7729/8
f 7699/8 7729/8 7723/8
f 7938/8 7700/8 7725/8
f 7938/8 7725/8 7966/8
f 7692/8 7699/8 7723/8
f 7692/8 7723/8 7716/8
f 7703/8 7698/8 7721/8
f 7703/8 7721/8 7727/8
f 7697/8 7695/8 7718/8
f 7697/8 7718/8 7720/8
f 7689/8 7691/8 7715/8
f 7689/8 7715/8 7712/8
f 7705/8 7935/8 7964/8
f 7705/8 7964/8 7728/8
f 7695/8 7707/8 7731/8
f 7695/8 7731/8 7718/8
f 7709/8 7767/8 7743/8
f 7709/8 7743/8 7734/8
f 7756/8 7753/8 7786/8
f 7756/8 7786/8 7789/8
f 7651/8 7860/8 8091/8
f 7651/8 8091/8 7816/8
f 7615/8 7663/8 7830/8
f 7615/8 7830/8 7806/8
f 7711/8 7609/8 7813/8
f 7711/8 7813/8 7811/8
f 7736/8 7752/8 7784/8
f 7736/8 7784/8 7768/8
f 7619/8 7617/8 7807/8
f 7619/8 7807/8 7803/8
f 7639/8 7651/8 7816/8
f 7639/8 7816/8 7824/8
f 7765/8 7761/8 7797/8
f 7765/8 7797/8 7801/8
f 7747/8 7742/8 7776/8
f 7747/8 7776/8 7780/8
f 7657/8 7644/8 7820/8
f 7632/8 7639/8 7824/8
f 7632/8 7824/8 7822/8
f 7804/8 7808/8 7772/8
f 7804/8 7772/8 7770/8
f 7812/8 7815/8 7778/8
f 7812/8 7778/8 7775/8
f 7817/8 8092/8 8046/8
f 7817/8 8046/8 7782/8
f 7818/8 7804/8 7770/8
f 7818/8 7770/8 7785/8
f 7815/8 7823/8 7787/8
f 7815/8 7787/8 7778/8
f 7823/8 7825/8 7790/8
f 7823/8 7790/8 7787/8
f 7825/8 7817/8 7782/8
f 7825/8 7782/8 7790/8
f 7809/8 7833/8 7796/8
f 7809/8 7796/8 7773/8
f 7832/8 7837/8 7800/8
f 7832/8 7800/8 7795/8
f 7836/8 7812/8 7775/8
f 7836/8 7775/8 7799/8
f 7664/8 7688/8 7835/8
f 7664/8 7835/8 7831/8
f 7748/8 7756/8 7789/8
f 7748/8 7789/8 7781/8
f 8003/8 7748/8 7781/8
f 8003/8 7781/8 8045/8
f 7643/8 7621/8 7805/8
f 7643/8 7805/8 7819/8
f 7738/8 7737/8 7769/8
f 7738/8 7769/8 7771/8
f 7763/8 7739/8 7774/8
f 7763/8 7774/8 7798/8
f 7743/8 7767/8 7802/8
f 7743/8 7802/8 7777/8
f 7754/8 7744/8 7779/8
f 7754/8 7779/8 7788/8
f 7687/8 7710/8 7810/8
f 7687/8 7810/8 7834/8
f 7610/8 7630/8 7821/8
f 7610/8 7821/8 7814/8
f 7871/8 7846/8 7994/8
f 7871/8 7994/8 7989/8
f 7986/8 7838/8 7998/8
f 7986/8 7998/8 7996/8
f 7973/8 7867/8 7840/8
f 7973/8 7840/8 7987/8
f 7984/8 7894/8 7861/8
f 7984/8 7861/8 7965/8
f 7900/8 7859/8 8003/8
f 7900/8 8003/8 8002/8
f 7839/8 7866/8 8008/8
f 7839/8 8008/8 8000/8
f 7960/8 7841/8 7873/8
f 7960/8 7873/8 7969/8
f 7976/8 7887/8 7868/8
f 7976/8 7868/8 7974/8
f 7878/8 7872/8 7991/8
f 7878/8 7991/8 8005/8
f 7891/8 7879/8 8006/8
f 7891/8 8006/8 8014/8
f 7981/8 7899/8 7887/8
f 7981/8 7887/8 7976/8
f 7869/8 7888/8 8011/8
f 7869/8 8011/8 8010/8
f 7972/8 7875/8 7882/8
f 7972/8 7882/8 7979/8
f 7967/8 7858/8 7899/8
f 7967/8 7899/8 7981/8
f 7853/8 7890/8 8012/8
f 7853/8 8012/8 8018/8
f 7888/8 7900/8 8002/8
f 7888/8 8002/8 8011/8
f 7977/8 7880/8 7892/8
f 7977/8 7892/8 7983/8
f 7886/8 7923/8 7929/8
f 7886/8 7929/8 7898/8
f 7852/8 7912/8 7924/8
f 7852/8 7924/8 7889/8
f 7863/8 7914/8 7921/8
f 7863/8 7921/8 7885/8
f 7889/8 7924/8 7918/8
f 7889/8 7918/8 7877/8
f 7877/8 7918/8 7916/8
f 7877/8 7916/8 7870/8
f 7848/8 7904/8 7915/8
f 7848/8 7915/8 7865/8
f 7897/8 7926/8 7907/8
f 7897/8 7907/8 7855/8
f 7870/8 7916/8 7903/8
f 7870/8 7903/8 7845/8
f 7844/8 7901/8 8020/8
f 7844/8 8020/8 7992/8
f 7922/8 7950/8 7955/8
f 7922/8 7955/8 7927/8
f 7912/8 7939/8 7952/8
f 7912/8 7952/8 7924/8
f 7915/8 7942/8 7950/8
f 7915/8 7950/8 7922/8
f 7925/8 7953/8 7949/8
f 7925/8 7949/8 7920/8
f 7919/8 7948/8 7945/8
f 7919/8 7945/8 7917/8
f 7904/8 7930/8 7942/8
f 7904/8 7942/8 7915/8
f 7928/8 7956/8 7937/8
f 7928/8 7937/8 7909/8
f 7916/8 7944/8 7959/8
f 7916/8 7959/8 7903/8
f 7902/8 7958/8 8025/8
f 7902/8 8025/8 8022/8
f 7950/8 7978/8 7984/8
f 7950/8 7984/8 7955/8
f 7941/8 7968/8 7982/8
f 7941/8 7982/8 7954/8
f 7942/8 7970/8 7978/8
f 7942/8 7978/8 7950/8
f 7951/8 7980/8 7975/8
f 7951/8 7975/8 7946/8
f 7947/8 7976/8 7974/8
f 7947/8 7974/8 7944/8
f 7931/8 7961/8 7971/8
f 7931/8 7971/8 7943/8
f 7955/8 7984/8 7965/8
f 7955/8 7965/8 7936/8
f 7944/8 7974/8 7988/8
f 7944/8 7988/8 7959/8
f 7957/8 7985/8 7995/8
f 7957/8 7995/8 8024/8
f 8011/8 8055/8 8053/8
f 8011/8 8053/8 8010/8
f 7893/8 8089/8 8091/8
f 7893/8 8091/8 7860/8
f 7849/8 8080/8 8114/8
f 7849/8 8114/8 7906/8
f 7962/8 8083/8 8088/8
f 7962/8 8088/8 7843/8
f 7990/8 8030/8 8049/8
f 7990/8 8049/8 8004/8
f 7864/8 8075/8 8078/8
f 7864/8 8078/8 7847/8
f 7881/8 8101/8 8089/8
f 7881/8 8089/8 7893/8
f 8026/8 8070/8 8066/8
f 8026/8 8066/8 8023/8
f 7999/8 8039/8 8036/8
f 7999/8 8036/8 7997/8
f 7895/8 8093/8 7883/8
f 7874/8 8098/8 8101/8
f 7874/8 8101/8 7881/8
f 8076/8 8029/8 8034/8
f 8076/8 8034/8 8079/8
f 8081/8 8037/8 8041/8
f 8081/8 8041/8 8085/8
f 8090/8 8044/8 8046/8
f 8090/8 8046/8 8092/8
f 8095/8 8047/8 8027/8
f 8095/8 8027/8 8074/8
f 8086/8 8042/8 8052/8
f 8086/8 8052/8 8097/8
f 8099/8 8054/8 8056/8
f 8099/8 8056/8 8102/8
f 8102/8 8056/8 8044/8
f 8102/8 8044/8 8090/8
f 8077/8 8032/8 8067/8
f 8077/8 8067/8 8111/8
f 8112/8 8068/8 8071/8
f 8112/8 8071/8 8115/8
f 8116/8 8072/8 8038/8
f 8116/8 8038/8 8082/8
f 7905/8 8113/8 8117/8
f 7905/8 8117/8 7932/8
f 8002/8 8043/8 8055/8
f 8002/8 8055/8 8011/8
f 8003/8 8045/8 8043/8
f 8003/8 8043/8 8002/8
f 7884/8 8094/8 8073/8
f 7884/8 8073/8 7862/8
f 7994/8 8033/8 8028/8
f 7994/8 8028/8 7989/8
f 8021/8 8065/8 8031/8
f 8021/8 8031/8 7993/8
f 7995/8 8035/8 8069/8
f 7995/8 8069/8 8024/8
f 8009/8 8051/8 8040/8
f 8009/8 8040/8 8001/8
f 7933/8 8118/8 8084/8
f 7933/8 8084/8 7963/8
f 7842/8 8087/8 8100/8
f 7842/8 8100/8 7876/8
f 8121/22 8125/22 8130/22
f 8121/22 8130/22 8127/22
f 8128/22 8132/22 8137/22
f 8128/22 8137/22 8134/22
f 8135/22 8139/22 8144/22
f 8135/22 8144/22 8141/22
f 8142/22 8146/22 8153/22
f 8142/22 8153/22 8149/22
f 8148/22 8151/22 8160/22
f 8148/22 8160/22 8156/22
f 8155/22 8158/22 8167/22
f 8155/22 8167/22 8163/22
f 8162/22 8165/22 8174/22
f 8162/22 8174/22 8170/22
f 8168/22 8171/22 8180/22
f 8168/22 8180/22 8176/22
f 8175/22 8178/22 8187/22
f 8175/22 8187/22 8183/22
f 8182/22 8185/22 8194/22
f 8182/22 8194/22 8190/22
f 8189/22 8192/22 8199/22
f 8189/22 8199/22 8196/22
f 8197/22 8201/22 8206/22
f 8197/22 8206/22 8203/22
f 8152/22 8145/22 8232/22
f 8152/22 8232/22 8236/22
f 8204/22 8208/22 8213/22
f 8204/22 8213/22 8210/22
f 8211/22 8215/22 8122/22
f 8211/22 8122/22 8119/22
f 8243/22 8237/22 8294/22
f 8243/22 8294/22 8300/22
f 8188/22 8179/22 8249/22
f 8188/22 8249/22 8255/22
f 8123/22 8216/22 8271/22
f 8123/22 8271/22 8221/22
f 8136/22 8131/22 8220/22
f 8136/22 8220/22 8226/22
f 8173/22 8164/22 8242/22
f 8173/22 8242/22 8248/22
f 8207/22 8202/22 8263/22
f 8207/22 8263/22 8265/22
f 8159/22 8150/22 8234/22
f 8159/22 8234/22 8240/22
f 8195/22 8186/22 8253/22
f 8195/22 8253/22 8259/22
f 8143/22 8138/22 8228/22
f 8143/22 8228/22 8230/22
f 8181/22 8172/22 8245/22
f 8181/22 8245/22 8251/22
f 8129/22 8124/22 8224/22
f 8129/22 8224/22 8218/22
f 8214/22 8209/22 8267/22
f 8214/22 8267/22 8269/22
f 8166/22 8157/22 8238/22
f 8166/22 8238/22 8244/22
f 8200/22 8193/22 8257/22
f 8200/22 8257/22 8261/22
f 8308/22 8302/22 8357/22
f 8308/22 8357/22 8362/22
f 8222/22 8272/22 8327/22
f 8222/22 8327/22 8277/22
f 8247/22 8241/22 8298/22
f 8247/22 8298/22 8304/22
f 8252/22 8246/22 8301/22
f 8252/22 8301/22 8307/22
f 8217/22 8223/22 8280/22
f 8217/22 8280/22 8274/22
f 8256/22 8250/22 8305/22
f 8256/22 8305/22 8311/22
f 8225/22 8219/22 8276/22
f 8225/22 8276/22 8282/22
f 8260/22 8254/22 8309/22
f 8260/22 8309/22 8315/22
f 8229/22 8227/22 8284/22
f 8229/22 8284/22 8286/22
f 8262/22 8258/22 8313/22
f 8262/22 8313/22 8317/22
f 8235/22 8231/22 8288/22
f 8235/22 8288/22 8292/22
f 8266/22 8264/22 8319/22
f 8266/22 8319/22 8321/22
f 8239/22 8233/22 8290/22
f 8239/22 8290/22 8296/22
f 8270/22 8268/22 8323/22
f 8270/22 8323/22 8325/22
f 8338/22 8329/22 8677/22
f 8338/22 8677/22 8687/22
f 8273/22 8279/22 8336/22
f 8273/22 8336/22 8331/22
f 8312/22 8306/22 8361/22
f 8312/22 8361/22 8366/22
f 8281/22 8275/22 8332/22
f 8281/22 8332/22 8339/22
f 8316/22 8310/22 8365/22
f 8316/22 8365/22 8370/22
f 8285/22 8283/22 8340/22
f 8285/22 8340/22 8343/22
f 8318/22 8314/22 8369/22
f 8318/22 8369/22 8373/22
f 8291/22 8287/22 8344/22
f 8291/22 8344/22 8348/22
f 8322/22 8320/22 8374/22
f 8322/22 8374/22 8377/22
f 8295/22 8289/22 8347/22
f 8295/22 8347/22 8352/22
f 8326/22 8324/22 8378/22
f 8326/22 8378/22 8381/22
f 8299/22 8293/22 8351/22
f 8299/22 8351/22 8356/22
f 8278/22 8328/22 8382/22
f 8278/22 8382/22 8333/22
f 8303/22 8297/22 8355/22
f 8303/22 8355/22 8360/22
f 8371/22 8368/22 8712/22
f 8371/22 8712/22 8714/22
f 8342/22 8337/22 8685/22
f 8342/22 8685/22 8690/22
f 8376/22 8372/22 8715/22
f 8376/22 8715/22 8718/22
f 8345/22 8341/22 8689/22
f 8345/22 8689/22 8692/22
f 8380/22 8375/22 8717/22
f 8380/22 8717/22 8722/22
f 8349/22 8346/22 8693/22
f 8349/22 8693/22 8695/22
f 8384/22 8379/22 8720/22
f 8384/22 8720/22 8725/22
f 8353/22 8350/22 8697/22
f 8353/22 8697/22 8700/22
f 8335/22 8383/22 8724/22
f 8335/22 8724/22 8683/22
f 8358/22 8354/22 8701/22
f 8358/22 8701/22 8703/22
f 8363/22 8359/22 8704/22
f 8363/22 8704/22 8706/22
f 8330/22 8334/22 8682/22
f 8330/22 8682/22 8679/22
f 8367/22 8364/22 8707/22
f 8367/22 8707/22 8710/22
f 8385/22 8388/22 8394/22
f 8385/22 8394/22 8391/22
f 8393/22 8395/22 8406/22
f 8393/22 8406/22 8404/22
f 8405/22 8408/22 8402/22
f 8405/22 8402/22 8399/22
f 8398/22 8400/22 8389/22
f 8398/22 8389/22 8387/22
f 8392/22 8403/22 8397/22
f 8392/22 8397/22 8386/22
f 8407/22 8396/22 8390/22
f 8407/22 8390/22 8401/22
f 8409/22 8417/22 8421/22
f 8409/22 8421/22 8412/22
f 8416/22 8424/22 8428/22
f 8416/22 8428/22 8419/22
f 8423/22 8431/22 8435/22
f 8423/22 8435/22 8426/22
f 8430/22 8437/22 8440/22
f 8430/22 8440/22 8433/22
f 8438/22 8444/22 8447/22
f 8438/22 8447/22 8442/22
f 8445/22 8451/22 8454/22
f 8445/22 8454/22 8449/22
f 8452/22 8458/22 8461/22
f 8452/22 8461/22 8456/22
f 8460/22 8466/22 8469/22
f 8460/22 8469/22 8464/22
f 8467/22 8473/22 8476/22
f 8467/22 8476/22 8471/22
f 8474/22 8480/22 8483/22
f 8474/22 8483/22 8478/22
f 8481/22 8488/22 8492/22
f 8481/22 8492/22 8485/22
f 8487/22 8495/22 8499/22
f 8487/22 8499/22 8490/22
f 8441/22 8523/22 8519/22
f 8441/22 8519/22 8434/22
f 8494/22 8502/22 8506/22
f 8494/22 8506/22 8497/22
f 8501/22 8411/22 8415/22
f 8501/22 8415/22 8504/22
f 8532/22 8587/22 8585/22
f 8532/22 8585/22 8530/22
f 8475/22 8544/22 8542/22
f 8475/22 8542/22 8470/22
f 8414/22 8514/22 8560/22
f 8414/22 8560/22 8503/22
f 8429/22 8517/22 8507/22
f 8429/22 8507/22 8420/22
f 8462/22 8535/22 8533/22
f 8462/22 8533/22 8457/22
f 8498/22 8558/22 8552/22
f 8498/22 8552/22 8489/22
f 8448/22 8527/22 8525/22
f 8448/22 8525/22 8443/22
f 8482/22 8548/22 8546/22
f 8482/22 8546/22 8477/22
f 8436/22 8521/22 8515/22
f 8436/22 8515/22 8427/22
f 8468/22 8540/22 8538/22
f 8468/22 8538/22 8463/22
f 8422/22 8509/22 8511/22
f 8422/22 8511/22 8413/22
f 8505/22 8562/22 8556/22
f 8505/22 8556/22 8496/22
f 8455/22 8531/22 8529/22
f 8455/22 8529/22 8450/22
f 8491/22 8554/22 8550/22
f 8491/22 8550/22 8484/22
f 8595/22 8653/22 8650/22
f 8595/22 8650/22 8593/22
f 8513/22 8570/22 8616/22
f 8513/22 8616/22 8559/22
f 8536/22 8591/22 8589/22
f 8536/22 8589/22 8534/22
f 8539/22 8596/22 8594/22
f 8539/22 8594/22 8537/22
f 8510/22 8565/22 8567/22
f 8510/22 8567/22 8512/22
f 8543/22 8600/22 8598/22
f 8543/22 8598/22 8541/22
f 8518/22 8573/22 8563/22
f 8518/22 8563/22 8508/22
f 8547/22 8604/22 8602/22
f 8547/22 8602/22 8545/22
f 8522/22 8577/22 8571/22
f 8522/22 8571/22 8516/22
f 8553/22 8610/22 8606/22
f 8553/22 8606/22 8549/22
f 8524/22 8579/22 8575/22
f 8524/22 8575/22 8520/22
f 8557/22 8614/22 8608/22
f 8557/22 8608/22 8551/22
f 8528/22 8583/22 8581/22
f 8528/22 8581/22 8526/22
f 8561/22 8618/22 8612/22
f 8561/22 8612/22 8555/22
f 8630/22 8686/22 8676/22
f 8630/22 8676/22 8621/22
f 8566/22 8620/22 8623/22
f 8566/22 8623/22 8568/22
f 8599/22 8657/22 8654/22
f 8599/22 8654/22 8597/22
f 8574/22 8628/22 8619/22
f 8574/22 8619/22 8564/22
f 8603/22 8661/22 8658/22
f 8603/22 8658/22 8601/22
f 8578/22 8632/22 8627/22
f 8578/22 8627/22 8572/22
f 8609/22 8666/22 8662/22
f 8609/22 8662/22 8605/22
f 8580/22 8635/22 8631/22
f 8580/22 8631/22 8576/22
f 8613/22 8670/22 8665/22
f 8613/22 8665/22 8607/22
f 8584/22 8639/22 8636/22
f 8584/22 8636/22 8582/22
f 8617/22 8674/22 8669/22
f 8617/22 8669/22 8611/22
f 8588/22 8643/22 8640/22
f 8588/22 8640/22 8586/22
f 8569/22 8626/22 8673/22
f 8569/22 8673/22 8615/22
f 8592/22 8647/22 8644/22
f 8592/22 8644/22 8590/22
f 8659/22 8714/22 8712/22
f 8659/22 8712/22 8656/22
f 8634/22 8690/22 8685/22
f 8634/22 8685/22 8629/22
f 8664/22 8718/22 8715/22
f 8664/22 8715/22 8660/22
f 8637/22 8692/22 8689/22
f 8637/22 8689/22 8633/22
f 8668/22 8722/22 8717/22
f 8668/22 8717/22 8663/22
f 8641/22 8695/22 8693/22
f 8641/22 8693/22 8638/22
f 8672/22 8726/22 8721/22
f 8672/22 8721/22 8667/22
f 8645/22 8699/22 8696/22
f 8645/22 8696/22 8642/22
f 8625/22 8683/22 8724/22
f 8625/22 8724/22 8671/22
f 8648/22 8703/22 8701/22
f 8648/22 8701/22 8646/22
f 8651/22 8706/22 8704/22
f 8651/22 8704/22 8649/22
f 8622/22 8678/22 8681/22
f 8622/22 8681/22 8624/22
f 8655/22 8711/22 8708/22
f 8655/22 8708/22 8652/22
f 8126/22 8212/22 8120/22
f 8212/22 8126/22 8205/22
f 8205/22 8126/22 8133/22
f 8205/22 8133/22 8140/22
f 8205/22 8140/22 8198/22
f 8198/22 8140/22 8147/22
f 8198/22 8147/22 8191/22
f 8191/22 8147/22 8154/22
f 8191/22 8154/22 8184/22
f 8184/22 8154/22 8161/22
f 8184/22 8161/22 8177/22
f 8177/22 8161/22 8169/22
f 8500/22 8418/22 8410/22
f 8418/22 8500/22 8493/22
f 8418/22 8493/22 8425/22
f 8425/22 8493/22 8486/22
f 8425/22 8486/22 8432/22
f 8432/22 8486/22 8479/22
f 8432/22 8479/22 8439/22
f 8439/22 8479/22 8472/22
f 8439/22 8472/22 8446/22
f 8446/22 8472/22 8465/22
f 8446/22 8465/22 8453/22
f 8453/22 8465/22 8459/22
f 8694/22 8688/22 8691/22
f 8688/22 8694/22 8684/22
f 8684/22 8694/22 8698/22
f 8684/22 8698/22 8675/22
f 8675/22 8698/22 8702/22
f 8675/22 8702/22 8680/22
f 8680/22 8702/22 8705/22
f 8680/22 8705/22 8723/22
f 8723/22 8705/22 8709/22
f 8723/22 8709/22 8719/22
f 8719/22 8709/22 8713/22
f 8719/22 8713/22 8716/22
f 8796/4 8734/4 8792/4
f 8796/4 8792/4 8826/4
f 8796/4 8737/4 8732/4
f 8796/4 8732/4 8799/4
f 8766/4 8733/4 8727/4
f 8766/4 8727/4 8769/4
f 8736/4 8758/4 8762/4
f 8736/4 8762/4 8731/4
f 8798/4 8730/4 8761/4
f 8798/4 8761/4 8803/4
f 8811/4 8753/4 8776/4
f 8811/4 8776/4 8819/4
f 8742/4 8750/4 8759/4
f 8742/4 8759/4 8754/4
f 8747/4 8739/4 8765/4
f 8747/4 8765/4 8768/4
f 8808/4 8746/4 8767/4
f 8808/4 8767/4 8800/4
f 8813/4 8743/4 8755/4
f 8813/4 8755/4 8806/4
f 8817/4 8821/4 8777/4
f 8817/4 8777/4 8780/4
f 8752/4 8744/4 8772/4
f 8752/4 8772/4 8775/4
f 8814/4 8740/4 8778/4
f 8814/4 8778/4 8822/4
f 8741/4 8749/4 8782/4
f 8741/4 8782/4 8779/4
f 8789/4 8826/4 8841/4
f 8789/4 8841/4 8838/4
f 8733/4 8766/4 8794/4
f 8733/4 8794/4 8790/4
f 8757/4 8735/4 8787/4
f 8757/4 8787/4 8785/4
f 8807/4 8756/4 8783/4
f 8807/4 8783/4 8828/4
f 8764/4 8805/4 8827/4
f 8764/4 8827/4 8793/4
f 8795/4 8831/4 8825/4
f 8795/4 8825/4 8791/4
f 8745/4 8815/4 8823/4
f 8745/4 8823/4 8773/4
f 8774/4 8771/4 8820/4
f 8774/4 8820/4 8816/4
f 8738/4 8812/4 8804/4
f 8738/4 8804/4 8763/4
f 8751/4 8809/4 8801/4
f 8751/4 8801/4 8760/4
f 8748/4 8810/4 8818/4
f 8748/4 8818/4 8781/4
f 8728/4 8797/4 8802/4
f 8728/4 8802/4 8770/4
f 8734/4 8796/4 8799/4
f 8734/4 8799/4 8729/4
f 8737/4 8796/4 8826/4
f 8737/4 8826/4 8789/4
f 8845/4 8835/4 8837/4
f 8845/4 8837/4 8840/4
f 8786/4 8788/4 8836/4
f 8786/4 8836/4 8834/4
f 8824/4 8829/4 8842/4
f 8824/4 8842/4 8839/4
f 8786/4 8834/4 8964/4
f 8786/4 8964/4 8960/4
f 8833/4 8844/4 8966/4
f 8833/4 8966/4 8963/4
f 8832/4 8784/4 8959/4
f 8832/4 8959/4 8962/4
f 8843/4 8830/4 8961/4
f 8843/4 8961/4 8965/4
f 8915/4 8939/4 8909/4
f 8915/4 8909/4 8852/4
f 8915/4 8916/4 8849/4
f 8915/4 8849/4 8854/4
f 8882/4 8886/4 8847/4
f 8882/4 8847/4 8853/4
f 8856/4 8851/4 8879/4
f 8856/4 8879/4 8874/4
f 8917/4 8918/4 8878/4
f 8917/4 8878/4 8850/4
f 8925/4 8932/4 8894/4
f 8925/4 8894/4 8870/4
f 8863/4 8875/4 8880/4
f 8863/4 8880/4 8871/4
f 8868/4 8889/4 8883/4
f 8868/4 8883/4 8859/4
f 8927/4 8920/4 8888/4
f 8927/4 8888/4 8867/4
f 8930/4 8922/4 8877/4
f 8930/4 8877/4 8864/4
f 8934/4 8901/4 8898/4
f 8934/4 8898/4 8938/4
f 8869/4 8893/4 8890/4
f 8869/4 8890/4 8861/4
f 8928/4 8935/4 8896/4
f 8928/4 8896/4 8857/4
f 8858/4 8897/4 8900/4
f 8858/4 8900/4 8866/4
f 8906/4 8950/4 8953/4
f 8906/4 8953/4 8939/4
f 8853/4 8910/4 8912/4
f 8853/4 8912/4 8882/4
f 8873/4 8903/4 8907/4
f 8873/4 8907/4 8855/4
f 8921/4 8945/4 8905/4
f 8921/4 8905/4 8876/4
f 8885/4 8914/4 8946/4
f 8885/4 8946/4 8924/4
f 8913/4 8911/4 8941/4
f 8913/4 8941/4 8943/4
f 8862/4 8891/4 8936/4
f 8862/4 8936/4 8929/4
f 8895/4 8933/4 8937/4
f 8895/4 8937/4 8892/4
f 8860/4 8884/4 8923/4
f 8860/4 8923/4 8931/4
f 8872/4 8881/4 8919/4
f 8872/4 8919/4 8926/4
f 8865/4 8899/4 8932/4
f 8865/4 8932/4 8925/4
f 8848/4 8887/4 8918/4
f 8848/4 8918/4 8917/4
f 8852/4 8846/4 8916/4
f 8852/4 8916/4 8915/4
f 8854/4 8906/4 8939/4
f 8854/4 8939/4 8915/4
f 8956/4 8954/4 8951/4
f 8956/4 8951/4 8947/4
f 8904/4 8949/4 8952/4
f 8904/4 8952/4 8908/4
f 8940/4 8955/4 8957/4
f 8940/4 8957/4 8942/4
f 8904/4 8960/4 8964/4
f 8904/4 8964/4 8949/4
f 8948/4 8963/4 8966/4
f 8948/4 8966/4 8958/4
f 8944/4 8962/4 8959/4
f 8944/4 8959/4 8902/4
f 8957/4 8965/4 8961/4
f 8957/4 8961/4 8942/4
f 8968/4 8972/4 8979/4
f 8968/4 8979/4 8975/4
f 8976/4 8980/4 8986/4
f 8976/4 8986/4 8982/4
f 8983/4 8987/4 8993/4
f 8983/4 8993/4 8990/4
f 8989/4 8992/4 8998/4
f 8989/4 8998/4 8996/4
f 8997/4 8999/4 9006/4
f 8997/4 9006/4 9004/4
f 9003/4 9005/4 9013/4
f 9003/4 9013/4 9011/4
f 9010/4 9012/4 9019/4
f 9010/4 9019/4 9017/4
f 9018/4 9020/4 9026/4
f 9018/4 9026/4 9024/4
f 9025/4 9027/4 9033/4
f 9025/4 9033/4 9031/4
f 9032/4 9034/4 9040/4
f 9032/4 9040/4 9038/4
f 9039/4 9041/4 9048/4
f 9039/4 9048/4 9045/4
f 9044/4 9047/4 9055/4
f 9044/4 9055/4 9051/4
f 9000/4 8994/4 9078/4
f 9000/4 9078/4 9080/4
f 9050/4 9054/4 9062/4
f 9050/4 9062/4 9058/4
f 9057/4 9061/4 8973/4
f 9057/4 8973/4 8969/4
f 9093/4 9090/4 9144/4
f 9093/4 9144/4 9147/4
f 9035/4 9029/4 9096/4
f 9035/4 9096/4 9099/4
f 8970/4 9059/4 9117/4
f 8970/4 9117/4 9069/4
f 8984/4 8978/4 9066/4
f 8984/4 9066/4 9073/4
f 9022/4 9014/4 9087/4
f 9022/4 9087/4 9092/4
f 9053/4 9046/4 9108/4
f 9053/4 9108/4 9114/4
f 9008/4 9001/4 9081/4
f 9008/4 9081/4 9084/4
f 9042/4 9036/4 9100/4
f 9042/4 9100/4 9105/4
f 8991/4 8985/4 9074/4
f 8991/4 9074/4 9076/4
f 9028/4 9021/4 9091/4
f 9028/4 9091/4 9095/4
f 8977/4 8971/4 9070/4
f 8977/4 9070/4 9065/4
f 9060/4 9052/4 9113/4
f 9060/4 9113/4 9118/4
f 9015/4 9007/4 9083/4
f 9015/4 9083/4 9088/4
f 9048/4 9041/4 9103/4
f 9048/4 9103/4 9109/4
f 9158/4 9153/4 9207/4
f 9158/4 9207/4 9212/4
f 9098/4 9094/4 9148/4
f 9098/4 9148/4 9152/4
f 9063/4 9068/4 9126/4
f 9063/4 9126/4 9121/4
f 9102/4 9097/4 9151/4
f 9102/4 9151/4 9156/4
f 9071/4 9064/4 9122/4
f 9071/4 9122/4 9129/4
f 9106/4 9101/4 9155/4
f 9106/4 9155/4 9161/4
f 9075/4 9072/4 9130/4
f 9075/4 9130/4 9132/4
f 9110/4 9104/4 9160/4
f 9110/4 9160/4 9166/4
f 9079/4 9077/4 9134/4
f 9079/4 9134/4 9136/4
f 9112/4 9107/4 9164/4
f 9112/4 9164/4 9170/4
f 9085/4 9082/4 9137/4
f 9085/4 9137/4 9139/4
f 9116/4 9111/4 9169/4
f 9116/4 9169/4 9174/4
f 9089/4 9086/4 9140/4
f 9089/4 9140/4 9143/4
f 9067/4 9115/4 9173/4
f 9067/4 9173/4 9125/4
f 9187/4 9184/4 9238/4
f 9187/4 9238/4 9240/4
f 9127/4 9120/4 9178/4
f 9127/4 9178/4 9185/4
f 9162/4 9157/4 9211/4
f 9162/4 9211/4 9217/4
f 9131/4 9128/4 9186/4
f 9131/4 9186/4 9188/4
f 9165/4 9159/4 9216/4
f 9165/4 9216/4 9222/4
f 9135/4 9133/4 9190/4
f 9135/4 9190/4 9192/4
f 9168/4 9163/4 9220/4
f 9168/4 9220/4 9226/4
f 9141/4 9138/4 9193/4
f 9141/4 9193/4 9195/4
f 9172/4 9167/4 9225/4
f 9172/4 9225/4 9230/4
f 9145/4 9142/4 9196/4
f 9145/4 9196/4 9199/4
f 9123/4 9171/4 9229/4
f 9123/4 9229/4 9181/4
f 9149/4 9146/4 9200/4
f 9149/4 9200/4 9203/4
f 9154/4 9150/4 9204/4
f 9154/4 9204/4 9208/4
f 9119/4 9124/4 9182/4
f 9119/4 9182/4 9177/4
f 9221/4 9215/4 9261/4
f 9221/4 9261/4 9265/4
f 9191/4 9189/4 9241/4
f 9191/4 9241/4 9243/4
f 9224/4 9219/4 9264/4
f 9224/4 9264/4 9268/4
f 9197/4 9194/4 9245/4
f 9197/4 9245/4 9247/4
f 9228/4 9223/4 9267/4
f 9228/4 9267/4 9271/4
f 9201/4 9198/4 9248/4
f 9201/4 9248/4 9250/4
f 9179/4 9227/4 9270/4
f 9179/4 9270/4 9234/4
f 9205/4 9202/4 9251/4
f 9205/4 9251/4 9253/4
f 9210/4 9206/4 9254/4
f 9210/4 9254/4 9257/4
f 9175/4 9180/4 9235/4
f 9175/4 9235/4 9231/4
f 9214/4 9209/4 9256/4
f 9214/4 9256/4 9260/4
f 9183/4 9176/4 9232/4
f 9183/4 9232/4 9237/4
f 9218/4 9213/4 9259/4
f 9218/4 9259/4 9263/4
f 9275/4 9278/4 9283/4
f 9275/4 9283/4 9280/4
f 9281/4 9284/4 9289/4
f 9281/4 9289/4 9286/4
f 9287/4 9290/4 9295/4
f 9287/4 9295/4 9292/4
f 9293/4 9296/4 9302/4
f 9293/4 9302/4 9299/4
f 9298/4 9301/4 9308/4
f 9298/4 9308/4 9305/4
f 9304/4 9307/4 9314/4
f 9304/4 9314/4 9311/4
f 9310/4 9313/4 9320/4
f 9310/4 9320/4 9317/4
f 9315/4 9318/4 9325/4
f 9315/4 9325/4 9322/4
f 9321/4 9324/4 9331/4
f 9321/4 9331/4 9328/4
f 9327/4 9330/4 9337/4
f 9327/4 9337/4 9334/4
f 9333/4 9336/4 9342/4
f 9333/4 9342/4 9339/4
f 9340/4 9343/4 9348/4
f 9340/4 9348/4 9345/4
f 9346/4 9349/4 9354/4
f 9346/4 9354/4 9351/4
f 9352/4 9355/4 9276/4
f 9352/4 9276/4 9273/4
f 9357/4 9365/4 9368/4
f 9357/4 9368/4 9360/4
f 9364/4 9372/4 9375/4
f 9364/4 9375/4 9367/4
f 9371/4 9378/4 9382/4
f 9371/4 9382/4 9374/4
f 9379/4 9386/4 9391/4
f 9379/4 9391/4 9383/4
f 9385/4 9392/4 9397/4
f 9385/4 9397/4 9390/4
f 9393/4 9399/4 9404/4
f 9393/4 9404/4 9398/4
f 9400/4 9406/4 9411/4
f 9400/4 9411/4 9405/4
f 9407/4 9413/4 9418/4
f 9407/4 9418/4 9412/4
f 9414/4 9420/4 9425/4
f 9414/4 9425/4 9419/4
f 9421/4 9427/4 9431/4
f 9421/4 9431/4 9426/4
f 9428/4 9434/4 9437/4
f 9428/4 9437/4 9432/4
f 9433/4 9440/4 9443/4
f 9433/4 9443/4 9436/4
f 9389/4 9471/4 9465/4
f 9389/4 9465/4 9381/4
f 9439/4 9447/4 9450/4
f 9439/4 9450/4 9442/4
f 9446/4 9358/4 9361/4
f 9446/4 9361/4 9449/4
f 9481/4 9535/4 9531/4
f 9481/4 9531/4 9477/4
f 9424/4 9492/4 9487/4
f 9424/4 9487/4 9416/4
f 9363/4 9458/4 9504/4
f 9363/4 9504/4 9452/4
f 9377/4 9462/4 9453/4
f 9377/4 9453/4 9369/4
f 9409/4 9483/4 9480/4
f 9409/4 9480/4 9403/4
f 9444/4 9499/4 9497/4
f 9444/4 9497/4 9438/4
f 9395/4 9475/4 9470/4
f 9395/4 9470/4 9388/4
f 9430/4 9494/4 9491/4
f 9430/4 9491/4 9423/4
f 9384/4 9467/4 9461/4
f 9384/4 9461/4 9376/4
f 9417/4 9488/4 9484/4
f 9417/4 9484/4 9410/4
f 9370/4 9454/4 9457/4
f 9370/4 9457/4 9362/4
f 9451/4 9503/4 9500/4
f 9451/4 9500/4 9445/4
f 9402/4 9479/4 9476/4
f 9402/4 9476/4 9396/4
f 9437/4 9496/4 9495/4
f 9437/4 9495/4 9432/4
f 9541/4 9597/4 9594/4
f 9541/4 9594/4 9538/4
f 9485/4 9539/4 9536/4
f 9485/4 9536/4 9482/4
f 9456/4 9508/4 9511/4
f 9456/4 9511/4 9459/4
f 9489/4 9543/4 9540/4
f 9489/4 9540/4 9486/4
f 9464/4 9516/4 9507/4
f 9464/4 9507/4 9455/4
f 9493/4 9546/4 9544/4
f 9493/4 9544/4 9490/4
f 9468/4 9520/4 9515/4
f 9468/4 9515/4 9463/4
f 9496/4 9548/4 9547/4
f 9496/4 9547/4 9495/4
f 9472/4 9524/4 9519/4
f 9472/4 9519/4 9466/4
f 9501/4 9551/4 9549/4
f 9501/4 9549/4 9498/4
f 9474/4 9528/4 9523/4
f 9474/4 9523/4 9469/4
f 9505/4 9555/4 9552/4
f 9505/4 9552/4 9502/4
f 9478/4 9532/4 9527/4
f 9478/4 9527/4 9473/4
f 9460/4 9512/4 9556/4
f 9460/4 9556/4 9506/4
f 9574/4 9626/4 9622/4
f 9574/4 9622/4 9569/4
f 9518/4 9568/4 9559/4
f 9518/4 9559/4 9509/4
f 9545/4 9600/4 9598/4
f 9545/4 9598/4 9542/4
f 9521/4 9573/4 9567/4
f 9521/4 9567/4 9517/4
f 9548/4 9603/4 9601/4
f 9548/4 9601/4 9547/4
f 9524/4 9577/4 9571/4
f 9524/4 9571/4 9519/4
f 9553/4 9607/4 9605/4
f 9553/4 9605/4 9550/4
f 9526/4 9582/4 9576/4
f 9526/4 9576/4 9522/4
f 9557/4 9611/4 9608/4
f 9557/4 9608/4 9554/4
f 9530/4 9586/4 9581/4
f 9530/4 9581/4 9525/4
f 9514/4 9564/4 9612/4
f 9514/4 9612/4 9558/4
f 9534/4 9590/4 9585/4
f 9534/4 9585/4 9529/4
f 9537/4 9593/4 9589/4
f 9537/4 9589/4 9533/4
f 9510/4 9560/4 9563/4
f 9510/4 9563/4 9513/4
f 9604/4 9649/4 9647/4
f 9604/4 9647/4 9602/4
f 9578/4 9629/4 9625/4
f 9578/4 9625/4 9572/4
f 9609/4 9652/4 9650/4
f 9609/4 9650/4 9606/4
f 9580/4 9631/4 9627/4
f 9580/4 9627/4 9575/4
f 9613/4 9655/4 9653/4
f 9613/4 9653/4 9610/4
f 9584/4 9634/4 9630/4
f 9584/4 9630/4 9579/4
f 9565/4 9619/4 9656/4
f 9565/4 9656/4 9614/4
f 9587/4 9636/4 9633/4
f 9587/4 9633/4 9583/4
f 9591/4 9639/4 9637/4
f 9591/4 9637/4 9588/4
f 9562/4 9617/4 9620/4
f 9562/4 9620/4 9566/4
f 9595/4 9642/4 9640/4
f 9595/4 9640/4 9592/4
f 9570/4 9623/4 9616/4
f 9570/4 9616/4 9561/4
f 9599/4 9645/4 9643/4
f 9599/4 9643/4 9596/4
f 9657/4 9664/4 9667/4
f 9657/4 9667/4 9660/4
f 9663/4 9670/4 9673/4
f 9663/4 9673/4 9666/4
f 9669/4 9676/4 9679/4
f 9669/4 9679/4 9672/4
f 9675/4 9681/4 9684/4
f 9675/4 9684/4 9678/4
f 9682/4 9687/4 9690/4
f 9682/4 9690/4 9685/4
f 9688/4 9693/4 9696/4
f 9688/4 9696/4 9691/4
f 9694/4 9699/4 9702/4
f 9694/4 9702/4 9697/4
f 9701/4 9706/4 9709/4
f 9701/4 9709/4 9704/4
f 9707/4 9712/4 9715/4
f 9707/4 9715/4 9710/4
f 9713/4 9718/4 9721/4
f 9713/4 9721/4 9716/4
f 9719/4 9725/4 9728/4
f 9719/4 9728/4 9722/4
f 9724/4 9731/4 9734/4
f 9724/4 9734/4 9727/4
f 9730/4 9737/4 9740/4
f 9730/4 9740/4 9733/4
f 9736/4 9659/4 9662/4
f 9736/4 9662/4 9739/4
f 9741/4 9744/4 9750/4
f 9741/4 9750/4 9747/4
f 9749/4 9751/4 9762/4
f 9749/4 9762/4 9760/4
f 9761/4 9764/4 9758/4
f 9761/4 9758/4 9755/4
f 9754/4 9756/4 9745/4
f 9754/4 9745/4 9743/4
f 9748/4 9759/4 9753/4
f 9748/4 9753/4 9742/4
f 9763/4 9752/4 9746/4
f 9763/4 9746/4 9757/4
f 9765/4 9768/4 9774/4
f 9765/4 9774/4 9771/4
f 9773/4 9775/4 9786/4
f 9773/4 9786/4 9784/4
f 9785/4 9788/4 9782/4
f 9785/4 9782/4 9779/4
f 9778/4 9780/4 9769/4
f 9778/4 9769/4 9767/4
f 9772/4 9783/4 9777/4
f 9772/4 9777/4 9766/4
f 9787/4 9776/4 9770/4
f 9787/4 9770/4 9781/4
f 9789/4 9792/4 9798/4
f 9789/4 9798/4 9795/4
f 9797/4 9799/4 9810/4
f 9797/4 9810/4 9808/4
f 9809/4 9812/4 9806/4
f 9809/4 9806/4 9803/4
f 9802/4 9804/4 9793/4
f 9802/4 9793/4 9791/4
f 9796/4 9807/4 9801/4
f 9796/4 9801/4 9790/4
f 9811/4 9800/4 9794/4
f 9811/4 9794/4 9805/4
f 9813/4 9816/4 9822/4
f 9813/4 9822/4 9819/4
f 9821/4 9823/4 9834/4
f 9821/4 9834/4 9832/4
f 9833/4 9836/4 9830/4
f 9833/4 9830/4 9827/4
f 9826/4 9828/4 9817/4
f 9826/4 9817/4 9815/4
f 9820/4 9831/4 9825/4
f 9820/4 9825/4 9814/4
f 9835/4 9824/4 9818/4
f 9835/4 9818/4 9829/4
f 9862/4 9863/4 9846/4
f 9862/4 9846/4 9844/4
f 9845/4 9848/4 9842/4
f 9845/4 9842/4 9839/4
f 9861/4 9843/4 9837/4
f 9861/4 9837/4 9865/4
f 9847/4 9864/4 9868/4
f 9847/4 9868/4 9841/4
f 9838/4 9840/4 9867/4
f 9838/4 9867/4 9866/4
f 9862/4 9857/4 9859/4
f 9862/4 9859/4 9863/4
f 9855/4 9849/4 9852/4
f 9855/4 9852/4 9858/4
f 9861/4 9865/4 9850/4
f 9861/4 9850/4 9856/4
f 9860/4 9854/4 9868/4
f 9860/4 9868/4 9864/4
f 9851/4 9866/4 9867/4
f 9851/4 9867/4 9853/4
f 9869/4 9872/4 9878/4
f 9869/4 9878/4 9875/4
f 9877/4 9879/4 9890/4
f 9877/4 9890/4 9888/4
f 9889/4 9892/4 9886/4
f 9889/4 9886/4 9883/4
f 9882/4 9884/4 9873/4
f 9882/4 9873/4 9871/4
f 9876/4 9887/4 9881/4
f 9876/4 9881/4 9870/4
f 9891/4 9880/4 9874/4
f 9891/4 9874/4 9885/4
f 9893/4 9896/4 9902/4
f 9893/4 9902/4 9899/4
f 9901/4 9903/4 9914/4
f 9901/4 9914/4 9912/4
f 9913/4 9916/4 9910/4
f 9913/4 9910/4 9907/4
f 9906/4 9908/4 9897/4
f 9906/4 9897/4 9895/4
f 9900/4 9911/4 9905/4
f 9900/4 9905/4 9894/4
f 9915/4 9904/4 9898/4
f 9915/4 9898/4 9909/4
f 9917/4 9920/4 9926/4
f 9917/4 9926/4 9923/4
f 9925/4 9927/4 9938/4
f 9925/4 9938/4 9936/4
f 9937/4 9940/4 9934/4
f 9937/4 9934/4 9931/4
f 9930/4 9932/4 9921/4
f 9930/4 9921/4 9919/4
f 9924/4 9935/4 9929/4
f 9924/4 9929/4 9918/4
f 9939/4 9928/4 9922/4
f 9939/4 9922/4 9933/4
f 9002/4 8988/4 8995/4
f 8988/4 9002/4 8981/4
f 8981/4 9002/4 9009/4
f 8981/4 9009/4 8974/4
f 8974/4 9009/4 9016/4
f 8974/4 9016/4 8967/4
f 8967/4 9016/4 9023/4
f 8967/4 9023/4 9056/4
f 9056/4 9023/4 9030/4
f 9056/4 9030/4 9049/4
f 9049/4 9030/4 9037/4
f 9049/4 9037/4 9043/4
f 9272/4 9233/4 9236/4
f 9233/4 9272/4 9269/4
f 9233/4 9269/4 9239/4
f 9239/4 9269/4 9266/4
f 9239/4 9266/4 9242/4
f 9242/4 9266/4 9262/4
f 9242/4 9262/4 9244/4
f 9244/4 9262/4 9258/4
f 9244/4 9258/4 9246/4
f 9246/4 9258/4 9255/4
f 9246/4 9255/4 9249/4
f 9249/4 9255/4 9252/4
f 9356/4 9282/4 9277/4
f 9282/4 9356/4 9350/4
f 9282/4 9350/4 9288/4
f 9288/4 9350/4 9344/4
f 9288/4 9344/4 9294/4
f 9294/4 9344/4 9338/4
f 9294/4 9338/4 9300/4
f 9300/4 9338/4 9332/4
f 9300/4 9332/4 9306/4
f 9306/4 9332/4 9326/4
f 9306/4 9326/4 9312/4
f 9312/4 9326/4 9319/4
f 9279/4 9353/4 9274/4
f 9353/4 9279/4 9285/4
f 9353/4 9285/4 9347/4
f 9347/4 9285/4 9291/4
f 9347/4 9291/4 9341/4
f 9341/4 9291/4 9297/4
f 9341/4 9297/4 9335/4
f 9335/4 9297/4 9303/4
f 9335/4 9303/4 9329/4
f 9329/4 9303/4 9309/4
f 9329/4 9309/4 9323/4
f 9323/4 9309/4 9316/4
f 9373/4 9387/4 9380/4
f 9387/4 9373/4 9394/4
f 9394/4 9373/4 9366/4
f 9394/4 9366/4 9401/4
f 9401/4 9366/4 9359/4
f 9401/4 9359/4 9408/4
f 9408/4 9359/4 9448/4
f 9408/4 9448/4 9415/4
f 9415/4 9448/4 9441/4
f 9415/4 9441/4 9422/4
f 9422/4 9441/4 9435/4
f 9422/4 9435/4 9429/4
f 9641/4 9635/4 9638/4
f 9635/4 9641/4 9644/4
f 9635/4 9644/4 9632/4
f 9632/4 9644/4 9646/4
f 9632/4 9646/4 9628/4
f 9628/4 9646/4 9648/4
f 9628/4 9648/4 9624/4
f 9624/4 9648/4 9651/4
f 9624/4 9651/4 9621/4
f 9621/4 9651/4 9654/4
f 9621/4 9654/4 9615/4
f 9615/4 9654/4 9618/4
f 9668/4 9738/4 9661/4
f 9738/4 9668/4 9674/4
f 9738/4 9674/4 9732/4
f 9732/4 9674/4 9680/4
f 9732/4 9680/4 9726/4
f 9726/4 9680/4 9686/4
f 9726/4 9686/4 9720/4
f 9720/4 9686/4 9692/4
f 9720/4 9692/4 9714/4
f 9714/4 9692/4 9698/4
f 9714/4 9698/4 9708/4
f 9708/4 9698/4 9703/4
f 9735/4 9665/4 9658/4
f 9665/4 9735/4 9729/4
f 9665/4 9729/4 9671/4
f 9671/4 9729/4 9723/4
f 9671/4 9723/4 9677/4
f 9677/4 9723/4 9717/4
f 9677/4 9717/4 9683/4
f 9683/4 9717/4 9711/4
f 9683/4 9711/4 9689/4
f 9689/4 9711/4 9705/4
f 9689/4 9705/4 9695/4
f 9695/4 9705/4 9700/4
f 10039/19 9946/19 9952/19
f 10039/19 9952/19 10042/19
f 10043/19 9953/19 9959/19
f 10043/19 9959/19 10046/19
f 10047/19 9960/19 9966/19
f 10047/19 9966/19 10050/19
f 10051/19 9967/19 9974/19
f 10051/19 9974/19 10055/19
f 10054/19 9973/19 9981/19
f 10054/19 9981/19 10059/19
f 10058/19 9980/19 9988/19
f 10058/19 9988/19 10063/19
f 10062/19 9987/19 9994/19
f 10062/19 9994/19 10066/19
f 10064/19 9992/19 10000/19
f 10064/19 10000/19 10068/19
f 10067/19 9999/19 10007/19
f 10067/19 10007/19 10072/19
f 10071/19 10006/19 10014/19
f 10071/19 10014/19 10076/19
f 10075/19 10013/19 10020/19
f 10075/19 10020/19 10079/19
f 10080/19 10021/19 10027/19
f 10080/19 10027/19 10083/19
f 10084/19 10028/19 10034/19
f 10084/19 10034/19 10087/19
f 10088/19 10035/19 9944/19
f 10088/19 9944/19 10037/19
f 9970/19 9978/19 10114/19
f 9970/19 10114/19 10109/19
f 9947/19 9942/19 10038/19
f 9947/19 10038/19 10040/19
f 9955/19 9948/19 10041/19
f 9955/19 10041/19 10045/19
f 9961/19 9954/19 10044/19
f 9961/19 10044/19 10048/19
f 9968/19 9962/19 10049/19
f 9968/19 10049/19 10052/19
f 9976/19 9969/19 10053/19
f 9976/19 10053/19 10057/19
f 9982/19 9975/19 10056/19
f 9982/19 10056/19 10060/19
f 9990/19 9983/19 10061/19
f 9990/19 10061/19 10065/19
f 9998/19 9990/19 10065/19
f 9998/19 10065/19 10070/19
f 10004/19 9997/19 10069/19
f 10004/19 10069/19 10073/19
f 10012/19 10005/19 10074/19
f 10012/19 10074/19 10078/19
f 10019/19 10011/19 10077/19
f 10019/19 10077/19 10082/19
f 10025/19 10018/19 10081/19
f 10025/19 10081/19 10085/19
f 10033/19 10026/19 10086/19
f 10033/19 10086/19 10090/19
f 9942/19 10032/19 10089/19
f 9942/19 10089/19 10038/19
f 10146/19 10092/19 10147/19
f 10146/19 10147/19 10201/19
f 10024/19 10030/19 10143/19
f 10024/19 10143/19 10140/19
f 9977/19 9985/19 10118/19
f 9977/19 10118/19 10113/19
f 10031/19 9941/19 10091/19
f 10031/19 10091/19 10145/19
f 9984/19 9991/19 10122/19
f 9984/19 10122/19 10116/19
f 9989/19 9996/19 10125/19
f 9989/19 10125/19 10119/19
f 9943/19 9949/19 10096/19
f 9943/19 10096/19 10094/19
f 9995/19 10003/19 10128/19
f 9995/19 10128/19 10123/19
f 9950/19 9956/19 10101/19
f 9950/19 10101/19 10098/19
f 10002/19 10010/19 10132/19
f 10002/19 10132/19 10127/19
f 9957/19 9963/19 10105/19
f 9957/19 10105/19 10102/19
f 10009/19 10016/19 10135/19
f 10009/19 10135/19 10131/19
f 9964/19 9971/19 10110/19
f 9964/19 10110/19 10106/19
f 10017/19 10023/19 10139/19
f 10017/19 10139/19 10136/19
f 10176/19 10182/19 10228/19
f 10176/19 10228/19 10224/19
f 10115/19 10121/19 10178/19
f 10115/19 10178/19 10172/19
f 10120/19 10126/19 10181/19
f 10120/19 10181/19 10175/19
f 10093/19 10095/19 10152/19
f 10093/19 10152/19 10150/19
f 10124/19 10130/19 10184/19
f 10124/19 10184/19 10179/19
f 10097/19 10099/19 10157/19
f 10097/19 10157/19 10154/19
f 10129/19 10134/19 10188/19
f 10129/19 10188/19 10183/19
f 10100/19 10103/19 10161/19
f 10100/19 10161/19 10158/19
f 10133/19 10137/19 10191/19
f 10133/19 10191/19 10187/19
f 10104/19 10108/19 10166/19
f 10104/19 10166/19 10162/19
f 10138/19 10141/19 10195/19
f 10138/19 10195/19 10192/19
f 10107/19 10112/19 10170/19
f 10107/19 10170/19 10165/19
f 10142/19 10144/19 10199/19
f 10142/19 10199/19 10196/19
f 10111/19 10117/19 10174/19
f 10111/19 10174/19 10169/19
f 10149/19 10151/19 10207/19
f 10149/19 10207/19 10205/19
f 10180/19 10186/19 10231/19
f 10180/19 10231/19 10227/19
f 10153/19 10155/19 10210/19
f 10153/19 10210/19 10208/19
f 10185/19 10190/19 10234/19
f 10185/19 10234/19 10230/19
f 10156/19 10159/19 10213/19
f 10156/19 10213/19 10211/19
f 10189/19 10193/19 10236/19
f 10189/19 10236/19 10233/19
f 10160/19 10164/19 10217/19
f 10160/19 10217/19 10214/19
f 10194/19 10197/19 10239/19
f 10194/19 10239/19 10237/19
f 10163/19 10168/19 10220/19
f 10163/19 10220/19 10216/19
f 10198/19 10200/19 10242/19
f 10198/19 10242/19 10240/19
f 10167/19 10173/19 10223/19
f 10167/19 10223/19 10219/19
f 10202/19 10148/19 10203/19
f 10202/19 10203/19 10243/19
f 10171/19 10177/19 10226/19
f 10171/19 10226/19 10222/19
f 10343/19 10348/19 10257/19
f 10343/19 10257/19 10249/19
f 10347/19 10352/19 10264/19
f 10347/19 10264/19 10256/19
f 10351/19 10356/19 10271/19
f 10351/19 10271/19 10263/19
f 10355/19 10359/19 10277/19
f 10355/19 10277/19 10270/19
f 10360/19 10363/19 10284/19
f 10360/19 10284/19 10278/19
f 10364/19 10367/19 10291/19
f 10364/19 10291/19 10285/19
f 10368/19 10371/19 10298/19
f 10368/19 10298/19 10292/19
f 10374/19 10377/19 10306/19
f 10374/19 10306/19 10300/19
f 10378/19 10381/19 10313/19
f 10378/19 10313/19 10307/19
f 10382/19 10385/19 10320/19
f 10382/19 10320/19 10314/19
f 10386/19 10390/19 10328/19
f 10386/19 10328/19 10321/19
f 10389/19 10394/19 10335/19
f 10389/19 10335/19 10327/19
f 10393/19 10398/19 10342/19
f 10393/19 10342/19 10334/19
f 10397/19 10346/19 10251/19
f 10397/19 10251/19 10341/19
f 10274/19 10416/19 10419/19
f 10274/19 10419/19 10280/19
f 10254/19 10349/19 10344/19
f 10254/19 10344/19 10246/19
f 10262/19 10354/19 10350/19
f 10262/19 10350/19 10255/19
f 10268/19 10357/19 10353/19
f 10268/19 10353/19 10261/19
f 10275/19 10361/19 10358/19
f 10275/19 10358/19 10269/19
f 10283/19 10366/19 10362/19
f 10283/19 10362/19 10276/19
f 10289/19 10369/19 10365/19
f 10289/19 10365/19 10282/19
f 10296/19 10373/19 10370/19
f 10296/19 10370/19 10290/19
f 10302/19 10376/19 10372/19
f 10302/19 10372/19 10295/19
f 10308/19 10379/19 10375/19
f 10308/19 10375/19 10301/19
f 10316/19 10384/19 10380/19
f 10316/19 10380/19 10309/19
f 10323/19 10388/19 10383/19
f 10323/19 10383/19 10315/19
f 10329/19 10391/19 10387/19
f 10329/19 10387/19 10322/19
f 10337/19 10396/19 10392/19
f 10337/19 10392/19 10330/19
f 10247/19 10345/19 10395/19
f 10247/19 10395/19 10336/19
f 10451/19 10508/19 10458/19
f 10451/19 10458/19 10401/19
f 10331/19 10449/19 10454/19
f 10331/19 10454/19 10339/19
f 10281/19 10420/19 10423/19
f 10281/19 10423/19 10287/19
f 10338/19 10452/19 10402/19
f 10338/19 10402/19 10248/19
f 10288/19 10425/19 10427/19
f 10288/19 10427/19 10294/19
f 10297/19 10430/19 10432/19
f 10297/19 10432/19 10303/19
f 10245/19 10399/19 10405/19
f 10245/19 10405/19 10253/19
f 10304/19 10434/19 10437/19
f 10304/19 10437/19 10310/19
f 10252/19 10403/19 10408/19
f 10252/19 10408/19 10260/19
f 10311/19 10438/19 10441/19
f 10311/19 10441/19 10317/19
f 10259/19 10407/19 10412/19
f 10259/19 10412/19 10267/19
f 10318/19 10442/19 10446/19
f 10318/19 10446/19 10325/19
f 10266/19 10411/19 10415/19
f 10266/19 10415/19 10273/19
f 10324/19 10445/19 10450/19
f 10324/19 10450/19 10332/19
f 10485/19 10534/19 10536/19
f 10485/19 10536/19 10487/19
f 10426/19 10481/19 10483/19
f 10426/19 10483/19 10428/19
f 10429/19 10486/19 10488/19
f 10429/19 10488/19 10431/19
f 10400/19 10455/19 10461/19
f 10400/19 10461/19 10406/19
f 10433/19 10490/19 10493/19
f 10433/19 10493/19 10435/19
f 10404/19 10459/19 10464/19
f 10404/19 10464/19 10410/19
f 10436/19 10494/19 10497/19
f 10436/19 10497/19 10439/19
f 10409/19 10463/19 10468/19
f 10409/19 10468/19 10414/19
f 10440/19 10498/19 10502/19
f 10440/19 10502/19 10444/19
f 10413/19 10467/19 10471/19
f 10413/19 10471/19 10417/19
f 10443/19 10501/19 10506/19
f 10443/19 10506/19 10448/19
f 10418/19 10472/19 10475/19
f 10418/19 10475/19 10421/19
f 10447/19 10505/19 10510/19
f 10447/19 10510/19 10453/19
f 10422/19 10476/19 10479/19
f 10422/19 10479/19 10424/19
f 10456/19 10511/19 10515/19
f 10456/19 10515/19 10462/19
f 10489/19 10537/19 10539/19
f 10489/19 10539/19 10491/19
f 10460/19 10514/19 10518/19
f 10460/19 10518/19 10466/19
f 10492/19 10540/19 10542/19
f 10492/19 10542/19 10495/19
f 10465/19 10517/19 10521/19
f 10465/19 10521/19 10470/19
f 10496/19 10543/19 10546/19
f 10496/19 10546/19 10500/19
f 10469/19 10520/19 10523/19
f 10469/19 10523/19 10473/19
f 10499/19 10545/19 10549/19
f 10499/19 10549/19 10504/19
f 10474/19 10524/19 10526/19
f 10474/19 10526/19 10477/19
f 10503/19 10548/19 10552/19
f 10503/19 10552/19 10509/19
f 10478/19 10527/19 10529/19
f 10478/19 10529/19 10480/19
f 10507/19 10551/19 10513/19
f 10507/19 10513/19 10457/19
f 10482/19 10530/19 10532/19
f 10482/19 10532/19 10484/19
f 10008/19 10022/19 10015/19
f 10022/19 10008/19 10029/19
f 10029/19 10008/19 10001/19
f 10029/19 10001/19 10036/19
f 10036/19 10001/19 9993/19
f 10036/19 9993/19 9945/19
f 9945/19 9993/19 9986/19
f 9945/19 9986/19 9951/19
f 9951/19 9986/19 9979/19
f 9951/19 9979/19 9958/19
f 9958/19 9979/19 9972/19
f 9958/19 9972/19 9965/19
f 10241/19 10235/19 10238/19
f 10235/19 10241/19 10232/19
f 10232/19 10241/19 10244/19
f 10232/19 10244/19 10229/19
f 10229/19 10244/19 10204/19
f 10229/19 10204/19 10225/19
f 10225/19 10204/19 10206/19
f 10225/19 10206/19 10221/19
f 10221/19 10206/19 10209/19
f 10221/19 10209/19 10218/19
f 10218/19 10209/19 10212/19
f 10218/19 10212/19 10215/19
f 10286/19 10272/19 10279/19
f 10272/19 10286/19 10265/19
f 10265/19 10286/19 10293/19
f 10265/19 10293/19 10258/19
f 10258/19 10293/19 10299/19
f 10258/19 10299/19 10250/19
f 10250/19 10299/19 10305/19
f 10250/19 10305/19 10340/19
f 10340/19 10305/19 10333/19
f 10333/19 10305/19 10312/19
f 10333/19 10312/19 10319/19
f 10333/19 10319/19 10326/19
f 10519/19 10525/19 10522/19
f 10525/19 10519/19 10528/19
f 10528/19 10519/19 10516/19
f 10528/19 10516/19 10531/19
f 10531/19 10516/19 10533/19
f 10533/19 10516/19 10512/19
f 10533/19 10512/19 10550/19
f 10533/19 10550/19 10535/19
f 10535/19 10550/19 10547/19
f 10535/19 10547/19 10538/19
f 10538/19 10547/19 10544/19
f 10538/19 10544/19 10541/19
f 10876/20 10556/20 10560/20
f 10876/20 10560/20 10874/20
f 10558/20 10554/20 10562/20
f 10558/20 10562/20 10561/20
f 10887/20 10568/20 10576/20
f 10887/20 10576/20 10894/20
f 10879/20 10553/20 10567/20
f 10879/20 10567/20 10884/20
f 10555/20 10559/20 10566/20
f 10555/20 10566/20 10570/20
f 10578/20 10574/20 10581/20
f 10578/20 10581/20 10584/20
f 10569/20 10565/20 10573/20
f 10569/20 10573/20 10577/20
f 10891/20 10575/20 10582/20
f 10891/20 10582/20 10898/20
f 10588/20 10585/20 10605/20
f 10588/20 10605/20 10609/20
f 10586/20 10589/20 10600/20
f 10586/20 10600/20 10599/20
f 10590/20 10595/20 10602/20
f 10590/20 10602/20 10601/20
f 10597/20 10593/20 10604/20
f 10597/20 10604/20 10603/20
f 10608/20 10618/20 10634/20
f 10608/20 10634/20 10624/20
f 10587/20 10592/20 10617/20
f 10587/20 10617/20 10607/20
f 10596/20 10591/20 10611/20
f 10596/20 10611/20 10613/20
f 10594/20 10598/20 10616/20
f 10594/20 10616/20 10620/20
f 10636/20 10632/20 10645/20
f 10636/20 10645/20 10648/20
f 10614/20 10612/20 10627/20
f 10614/20 10627/20 10629/20
f 10619/20 10615/20 10631/20
f 10619/20 10631/20 10635/20
f 10610/20 10606/20 10622/20
f 10610/20 10622/20 10626/20
f 10643/20 10641/20 10639/20
f 10643/20 10639/20 10647/20
f 10625/20 10621/20 10637/20
f 10625/20 10637/20 10640/20
f 10623/20 10633/20 10646/20
f 10623/20 10646/20 10638/20
f 10630/20 10628/20 10642/20
f 10630/20 10642/20 10644/20
f 10652/20 10649/20 10669/20
f 10652/20 10669/20 10673/20
f 10650/20 10653/20 10664/20
f 10650/20 10664/20 10663/20
f 10654/20 10659/20 10666/20
f 10654/20 10666/20 10665/20
f 10661/20 10657/20 10668/20
f 10661/20 10668/20 10667/20
f 10672/20 10682/20 10698/20
f 10672/20 10698/20 10688/20
f 10651/20 10656/20 10681/20
f 10651/20 10681/20 10671/20
f 10660/20 10655/20 10675/20
f 10660/20 10675/20 10677/20
f 10658/20 10662/20 10680/20
f 10658/20 10680/20 10684/20
f 10700/20 10696/20 10709/20
f 10700/20 10709/20 10712/20
f 10678/20 10676/20 10691/20
f 10678/20 10691/20 10693/20
f 10683/20 10679/20 10695/20
f 10683/20 10695/20 10699/20
f 10674/20 10670/20 10686/20
f 10674/20 10686/20 10690/20
f 10707/20 10705/20 10703/20
f 10707/20 10703/20 10711/20
f 10689/20 10685/20 10701/20
f 10689/20 10701/20 10704/20
f 10687/20 10697/20 10710/20
f 10687/20 10710/20 10702/20
f 10694/20 10692/20 10706/20
f 10694/20 10706/20 10708/20
f 10572/20 10890/20 10897/20
f 10572/20 10897/20 10580/20
f 10579/20 10895/20 10900/20
f 10579/20 10900/20 10583/20
f 10564/20 10883/20 10888/20
f 10564/20 10888/20 10571/20
f 10557/20 10877/20 10881/20
f 10557/20 10881/20 10563/20
f 10875/20 10873/20 10721/20
f 10875/20 10721/20 10718/20
f 10717/20 10720/20 10722/20
f 10717/20 10722/20 10714/20
f 10886/20 10893/20 10738/20
f 10886/20 10738/20 10730/20
f 10880/20 10885/20 10729/20
f 10880/20 10729/20 10715/20
f 10713/20 10727/20 10723/20
f 10713/20 10723/20 10716/20
f 10735/20 10742/20 10739/20
f 10735/20 10739/20 10731/20
f 10728/20 10736/20 10732/20
f 10728/20 10732/20 10724/20
f 10892/20 10899/20 10743/20
f 10892/20 10743/20 10737/20
f 10751/20 10772/20 10768/20
f 10751/20 10768/20 10747/20
f 10746/20 10759/20 10761/20
f 10746/20 10761/20 10750/20
f 10748/20 10760/20 10763/20
f 10748/20 10763/20 10757/20
f 10756/20 10762/20 10764/20
f 10756/20 10764/20 10753/20
f 10766/20 10782/20 10796/20
f 10766/20 10796/20 10780/20
f 10745/20 10765/20 10779/20
f 10745/20 10779/20 10754/20
f 10758/20 10775/20 10769/20
f 10758/20 10769/20 10749/20
f 10752/20 10777/20 10773/20
f 10752/20 10773/20 10755/20
f 10793/20 10806/20 10803/20
f 10793/20 10803/20 10789/20
f 10776/20 10791/20 10785/20
f 10776/20 10785/20 10770/20
f 10778/20 10794/20 10790/20
f 10778/20 10790/20 10774/20
f 10771/20 10787/20 10783/20
f 10771/20 10783/20 10767/20
f 10804/20 10808/20 10798/20
f 10804/20 10798/20 10800/20
f 10788/20 10802/20 10799/20
f 10788/20 10799/20 10784/20
f 10781/20 10797/20 10807/20
f 10781/20 10807/20 10795/20
f 10792/20 10805/20 10801/20
f 10792/20 10801/20 10786/20
f 10815/20 10836/20 10832/20
f 10815/20 10832/20 10811/20
f 10810/20 10823/20 10825/20
f 10810/20 10825/20 10814/20
f 10812/20 10824/20 10827/20
f 10812/20 10827/20 10821/20
f 10820/20 10826/20 10828/20
f 10820/20 10828/20 10817/20
f 10830/20 10846/20 10860/20
f 10830/20 10860/20 10844/20
f 10809/20 10829/20 10843/20
f 10809/20 10843/20 10818/20
f 10822/20 10839/20 10833/20
f 10822/20 10833/20 10813/20
f 10816/20 10841/20 10837/20
f 10816/20 10837/20 10819/20
f 10857/20 10870/20 10867/20
f 10857/20 10867/20 10853/20
f 10840/20 10855/20 10849/20
f 10840/20 10849/20 10834/20
f 10842/20 10858/20 10854/20
f 10842/20 10854/20 10838/20
f 10835/20 10851/20 10847/20
f 10835/20 10847/20 10831/20
f 10868/20 10872/20 10862/20
f 10868/20 10862/20 10864/20
f 10852/20 10866/20 10863/20
f 10852/20 10863/20 10848/20
f 10845/20 10861/20 10871/20
f 10845/20 10871/20 10859/20
f 10856/20 10869/20 10865/20
f 10856/20 10865/20 10850/20
f 10734/20 10741/20 10896/20
f 10734/20 10896/20 10889/20
f 10740/20 10744/20 10900/20
f 10740/20 10900/20 10895/20
f 10726/20 10733/20 10888/20
f 10726/20 10888/20 10883/20
f 10719/20 10725/20 10882/20
f 10719/20 10882/20 10878/20
f 10989/20 10906/20 10911/20
f 10989/20 10911/20 10991/20
f 10992/20 10912/20 10917/20
f 10992/20 10917/20 10994/20
f 10995/20 10918/20 10923/20
f 10995/20 10923/20 10997/20
f 10998/20 10924/20 10930/20
f 10998/20 10930/20 11001/20
f 11000/20 10929/20 10936/20
f 11000/20 10936/20 11004/20
f 11003/20 10935/20 10942/20
f 11003/20 10942/20 11007/20
f 11006/20 10941/20 10948/20
f 11006/20 10948/20 11010/20
f 11008/20 10946/20 10953/20
f 11008/20 10953/20 11012/20
f 11011/20 10952/20 10959/20
f 11011/20 10959/20 11015/20
f 11014/20 10958/20 10965/20
f 11014/20 10965/20 11018/20
f 11017/20 10964/20 10971/20
f 11017/20 10971/20 11020/20
f 11021/20 10972/20 10978/20
f 11021/20 10978/20 11024/20
f 11025/20 10979/20 10984/20
f 11025/20 10984/20 11028/20
f 11029/20 10985/20 10904/20
f 11029/20 10904/20 10987/20
f 10926/20 10933/20 11054/20
f 10926/20 11054/20 11049/20
f 10907/20 10902/20 10988/20
f 10907/20 10988/20 10990/20
f 10913/20 10907/20 10990/20
f 10913/20 10990/20 10993/20
f 10919/20 10913/20 10993/20
f 10919/20 10993/20 10996/20
f 10925/20 10919/20 10996/20
f 10925/20 10996/20 10999/20
f 10931/20 10925/20 10999/20
f 10931/20 10999/20 11002/20
f 10937/20 10931/20 11002/20
f 10937/20 11002/20 11005/20
f 10944/20 10937/20 11005/20
f 10944/20 11005/20 11009/20
f 10951/20 10944/20 11009/20
f 10951/20 11009/20 11013/20
f 10957/20 10951/20 11013/20
f 10957/20 11013/20 11016/20
f 10963/20 10957/20 11016/20
f 10963/20 11016/20 11019/20
f 10969/20 10963/20 11019/20
f 10969/20 11019/20 11022/20
f 10977/20 10970/20 11023/20
f 10977/20 11023/20 11027/20
f 10983/20 10976/20 11026/20
f 10983/20 11026/20 11030/20
f 10902/20 10983/20 11030/20
f 10902/20 11030/20 10988/20
f 11086/20 11032/20 11087/20
f 11086/20 11087/20 11141/20
f 10975/20 10981/20 11083/20
f 10975/20 11083/20 11080/20
f 10932/20 10939/20 11058/20
f 10932/20 11058/20 11053/20
f 10982/20 10901/20 11031/20
f 10982/20 11031/20 11085/20
f 10938/20 10945/20 11062/20
f 10938/20 11062/20 11056/20
f 10943/20 10950/20 11065/20
f 10943/20 11065/20 11059/20
f 10903/20 10908/20 11036/20
f 10903/20 11036/20 11034/20
f 10949/20 10956/20 11068/20
f 10949/20 11068/20 11063/20
f 10909/20 10914/20 11041/20
f 10909/20 11041/20 11038/20
f 10955/20 10962/20 11072/20
f 10955/20 11072/20 11067/20
f 10915/20 10920/20 11045/20
f 10915/20 11045/20 11042/20
f 10961/20 10967/20 11075/20
f 10961/20 11075/20 11071/20
f 10921/20 10927/20 11050/20
f 10921/20 11050/20 11046/20
f 10968/20 10974/20 11079/20
f 10968/20 11079/20 11076/20
f 11116/20 11122/20 11168/20
f 11116/20 11168/20 11164/20
f 11055/20 11061/20 11118/20
f 11055/20 11118/20 11112/20
f 11060/20 11066/20 11121/20
f 11060/20 11121/20 11115/20
f 11033/20 11035/20 11092/20
f 11033/20 11092/20 11090/20
f 11064/20 11070/20 11124/20
f 11064/20 11124/20 11119/20
f 11037/20 11039/20 11097/20
f 11037/20 11097/20 11094/20
f 11069/20 11074/20 11128/20
f 11069/20 11128/20 11123/20
f 11040/20 11043/20 11101/20
f 11040/20 11101/20 11098/20
f 11073/20 11077/20 11131/20
f 11073/20 11131/20 11127/20
f 11044/20 11048/20 11106/20
f 11044/20 11106/20 11102/20
f 11078/20 11081/20 11135/20
f 11078/20 11135/20 11132/20
f 11047/20 11052/20 11110/20
f 11047/20 11110/20 11105/20
f 11082/20 11084/20 11139/20
f 11082/20 11139/20 11136/20
f 11051/20 11057/20 11114/20
f 11051/20 11114/20 11109/20
f 11089/20 11091/20 11147/20
f 11089/20 11147/20 11145/20
f 11120/20 11126/20 11171/20
f 11120/20 11171/20 11167/20
f 11093/20 11095/20 11150/20
f 11093/20 11150/20 11148/20
f 11125/20 11130/20 11174/20
f 11125/20 11174/20 11170/20
f 11096/20 11099/20 11153/20
f 11096/20 11153/20 11151/20
f 11129/20 11133/20 11176/20
f 11129/20 11176/20 11173/20
f 11100/20 11104/20 11157/20
f 11100/20 11157/20 11154/20
f 11134/20 11137/20 11179/20
f 11134/20 11179/20 11177/20
f 11103/20 11108/20 11160/20
f 11103/20 11160/20 11156/20
f 11138/20 11140/20 11182/20
f 11138/20 11182/20 11180/20
f 11107/20 11113/20 11163/20
f 11107/20 11163/20 11159/20
f 11142/20 11088/20 11143/20
f 11142/20 11143/20 11183/20
f 11111/20 11117/20 11166/20
f 11111/20 11166/20 11162/20
f 11281/20 11286/20 11197/20
f 11281/20 11197/20 11189/20
f 11285/20 11290/20 11204/20
f 11285/20 11204/20 11196/20
f 11289/20 11294/20 11210/20
f 11289/20 11210/20 11203/20
f 11293/20 11296/20 11216/20
f 11293/20 11216/20 11209/20
f 11297/20 11300/20 11223/20
f 11297/20 11223/20 11217/20
f 11301/20 11304/20 11230/20
f 11301/20 11230/20 11224/20
f 11305/20 11308/20 11237/20
f 11305/20 11237/20 11231/20
f 11311/20 11314/20 11245/20
f 11311/20 11245/20 11239/20
f 11315/20 11318/20 11252/20
f 11315/20 11252/20 11246/20
f 11319/20 11321/20 11258/20
f 11319/20 11258/20 11253/20
f 11322/20 11326/20 11266/20
f 11322/20 11266/20 11259/20
f 11325/20 11330/20 11273/20
f 11325/20 11273/20 11265/20
f 11329/20 11334/20 11280/20
f 11329/20 11280/20 11272/20
f 11333/20 11284/20 11191/20
f 11333/20 11191/20 11279/20
f 11213/20 11352/20 11355/20
f 11213/20 11355/20 11219/20
f 11195/20 11288/20 11283/20
f 11195/20 11283/20 11187/20
f 11201/20 11291/20 11287/20
f 11201/20 11287/20 11194/20
f 11208/20 11295/20 11292/20
f 11208/20 11292/20 11202/20
f 11215/20 11299/20 11295/20
f 11215/20 11295/20 11208/20
f 11221/20 11302/20 11298/20
f 11221/20 11298/20 11214/20
f 11229/20 11307/20 11303/20
f 11229/20 11303/20 11222/20
f 11234/20 11309/20 11306/20
f 11234/20 11306/20 11228/20
f 11241/20 11313/20 11310/20
f 11241/20 11310/20 11235/20
f 11247/20 11316/20 11312/20
f 11247/20 11312/20 11240/20
f 11254/20 11320/20 11317/20
f 11254/20 11317/20 11248/20
f 11260/20 11323/20 11320/20
f 11260/20 11320/20 11254/20
f 11268/20 11328/20 11324/20
f 11268/20 11324/20 11261/20
f 11274/20 11331/20 11327/20
f 11274/20 11327/20 11267/20
f 11186/20 11282/20 11332/20
f 11186/20 11332/20 11275/20
f 11387/20 11444/20 11394/20
f 11387/20 11394/20 11337/20
f 11269/20 11385/20 11390/20
f 11269/20 11390/20 11277/20
f 11220/20 11356/20 11359/20
f 11220/20 11359/20 11226/20
f 11276/20 11388/20 11338/20
f 11276/20 11338/20 11188/20
f 11227/20 11361/20 11363/20
f 11227/20 11363/20 11233/20
f 11236/20 11366/20 11368/20
f 11236/20 11368/20 11242/20
f 11185/20 11335/20 11341/20
f 11185/20 11341/20 11193/20
f 11243/20 11370/20 11373/20
f 11243/20 11373/20 11249/20
f 11192/20 11339/20 11344/20
f 11192/20 11344/20 11200/20
f 11250/20 11374/20 11377/20
f 11250/20 11377/20 11255/20
f 11199/20 11343/20 11348/20
f 11199/20 11348/20 11207/20
f 11256/20 11378/20 11382/20
f 11256/20 11382/20 11263/20
f 11206/20 11347/20 11351/20
f 11206/20 11351/20 11212/20
f 11262/20 11381/20 11386/20
f 11262/20 11386/20 11270/20
f 11421/20 11470/20 11472/20
f 11421/20 11472/20 11423/20
f 11362/20 11417/20 11419/20
f 11362/20 11419/20 11364/20
f 11365/20 11422/20 11424/20
f 11365/20 11424/20 11367/20
f 11336/20 11391/20 11397/20
f 11336/20 11397/20 11342/20
f 11369/20 11426/20 11429/20
f 11369/20 11429/20 11371/20
f 11340/20 11395/20 11400/20
f 11340/20 11400/20 11346/20
f 11372/20 11430/20 11433/20
f 11372/20 11433/20 11375/20
f 11345/20 11399/20 11404/20
f 11345/20 11404/20 11350/20
f 11376/20 11434/20 11438/20
f 11376/20 11438/20 11380/20
f 11349/20 11403/20 11407/20
f 11349/20 11407/20 11353/20
f 11379/20 11437/20 11442/20
f 11379/20 11442/20 11384/20
f 11354/20 11408/20 11411/20
f 11354/20 11411/20 11357/20
f 11383/20 11441/20 11446/20
f 11383/20 11446/20 11389/20
f 11358/20 11412/20 11415/20
f 11358/20 11415/20 11360/20
f 11392/20 11447/20 11451/20
f 11392/20 11451/20 11398/20
f 11425/20 11473/20 11475/20
f 11425/20 11475/20 11427/20
f 11396/20 11450/20 11454/20
f 11396/20 11454/20 11402/20
f 11428/20 11476/20 11478/20
f 11428/20 11478/20 11431/20
f 11401/20 11453/20 11457/20
f 11401/20 11457/20 11406/20
f 11432/20 11479/20 11482/20
f 11432/20 11482/20 11436/20
f 11405/20 11456/20 11459/20
f 11405/20 11459/20 11409/20
f 11435/20 11481/20 11485/20
f 11435/20 11485/20 11440/20
f 11410/20 11460/20 11462/20
f 11410/20 11462/20 11413/20
f 11439/20 11484/20 11488/20
f 11439/20 11488/20 11445/20
f 11414/20 11463/20 11465/20
f 11414/20 11465/20 11416/20
f 11443/20 11487/20 11449/20
f 11443/20 11449/20 11393/20
f 11418/20 11466/20 11468/20
f 11418/20 11468/20 11420/20
f 10960/20 10973/20 10966/20
f 10973/20 10960/20 10980/20
f 10980/20 10960/20 10954/20
f 10980/20 10954/20 10986/20
f 10986/20 10954/20 10947/20
f 10986/20 10947/20 10905/20
f 10905/20 10947/20 10940/20
f 10905/20 10940/20 10910/20
f 10910/20 10940/20 10934/20
f 10910/20 10934/20 10916/20
f 10916/20 10934/20 10928/20
f 10916/20 10928/20 10922/20
f 11181/20 11175/20 11178/20
f 11175/20 11181/20 11172/20
f 11172/20 11181/20 11184/20
f 11172/20 11184/20 11169/20
f 11169/20 11184/20 11144/20
f 11169/20 11144/20 11165/20
f 11165/20 11144/20 11146/20
f 11165/20 11146/20 11161/20
f 11161/20 11146/20 11149/20
f 11161/20 11149/20 11158/20
f 11158/20 11149/20 11152/20
f 11158/20 11152/20 11155/20
f 11225/20 11211/20 11218/20
f 11211/20 11225/20 11205/20
f 11205/20 11225/20 11232/20
f 11205/20 11232/20 11198/20
f 11198/20 11232/20 11238/20
f 11198/20 11238/20 11190/20
f 11190/20 11238/20 11244/20
f 11190/20 11244/20 11278/20
f 11278/20 11244/20 11271/20
f 11271/20 11244/20 11251/20
f 11271/20 11251/20 11257/20
f 11271/20 11257/20 11264/20
f 11455/20 11461/20 11458/20
f 11461/20 11455/20 11464/20
f 11464/20 11455/20 11452/20
f 11464/20 11452/20 11467/20
f 11467/20 11452/20 11448/20
f 11467/20 11448/20 11469/20
f 11469/20 11448/20 11486/20
f 11469/20 11486/20 11471/20
f 11471/20 11486/20 11483/20
f 11471/20 11483/20 11474/20
f 11474/20 11483/20 11480/20
f 11474/20 11480/20 11477/20
f 11491/22 11583/22 11579/22
f 11491/22 11579/22 11496/22
f 11497/22 11580/22 11586/22
f 11497/22 11586/22 11503/22
f 11504/22 11587/22 11589/22
f 11504/22 11589/22 11510/22
f 11511/22 11590/22 11593/22
f 11511/22 11593/22 11517/22
f 11516/22 11592/22 11597/22
f 11516/22 11597/22 11523/22
f 11522/22 11596/22 11601/22
f 11522/22 11601/22 11530/22
f 11529/22 11600/22 11604/22
f 11529/22 11604/22 11537/22
f 11535/22 11602/22 11606/22
f 11535/22 11606/22 11542/22
f 11541/22 11605/22 11609/22
f 11541/22 11609/22 11548/22
f 11547/22 11608/22 11612/22
f 11547/22 11612/22 11554/22
f 11553/22 11611/22 11614/22
f 11553/22 11614/22 11559/22
f 11560/22 11615/22 11617/22
f 11560/22 11617/22 11565/22
f 11492/22 11575/22 11676/22
f 11492/22 11676/22 11627/22
f 11566/22 11618/22 11620/22
f 11566/22 11620/22 11571/22
f 11572/22 11621/22 11581/22
f 11572/22 11581/22 11489/22
f 11493/22 11498/22 11577/22
f 11493/22 11577/22 11582/22
f 11499/22 11506/22 11585/22
f 11499/22 11585/22 11578/22
f 11505/22 11512/22 11588/22
f 11505/22 11588/22 11584/22
f 11512/22 11518/22 11591/22
f 11512/22 11591/22 11588/22
f 11518/22 11525/22 11595/22
f 11518/22 11595/22 11591/22
f 11524/22 11531/22 11598/22
f 11524/22 11598/22 11594/22
f 11532/22 11539/22 11603/22
f 11532/22 11603/22 11599/22
f 11539/22 11546/22 11607/22
f 11539/22 11607/22 11603/22
f 11546/22 11552/22 11610/22
f 11546/22 11610/22 11607/22
f 11552/22 11558/22 11613/22
f 11552/22 11613/22 11610/22
f 11558/22 11564/22 11616/22
f 11558/22 11616/22 11613/22
f 11564/22 11570/22 11619/22
f 11564/22 11619/22 11616/22
f 11570/22 11576/22 11622/22
f 11570/22 11622/22 11619/22
f 11576/22 11493/22 11582/22
f 11576/22 11582/22 11622/22
f 11658/22 11652/22 11700/22
f 11658/22 11700/22 11704/22
f 11540/22 11533/22 11649/22
f 11540/22 11649/22 11654/22
f 11545/22 11538/22 11651/22
f 11545/22 11651/22 11656/22
f 11500/22 11494/22 11630/22
f 11500/22 11630/22 11625/22
f 11551/22 11544/22 11655/22
f 11551/22 11655/22 11660/22
f 11507/22 11501/22 11626/22
f 11507/22 11626/22 11633/22
f 11557/22 11550/22 11659/22
f 11557/22 11659/22 11664/22
f 11513/22 11508/22 11634/22
f 11513/22 11634/22 11637/22
f 11562/22 11556/22 11663/22
f 11562/22 11663/22 11667/22
f 11520/22 11514/22 11638/22
f 11520/22 11638/22 11642/22
f 11568/22 11563/22 11668/22
f 11568/22 11668/22 11671/22
f 11527/22 11519/22 11641/22
f 11527/22 11641/22 11646/22
f 11574/22 11569/22 11672/22
f 11574/22 11672/22 11675/22
f 11534/22 11526/22 11645/22
f 11534/22 11645/22 11650/22
f 11623/22 11629/22 11684/22
f 11623/22 11684/22 11680/22
f 11662/22 11657/22 11703/22
f 11662/22 11703/22 11707/22
f 11631/22 11624/22 11681/22
f 11631/22 11681/22 11686/22
f 11666/22 11661/22 11706/22
f 11666/22 11706/22 11710/22
f 11635/22 11632/22 11687/22
f 11635/22 11687/22 11689/22
f 11669/22 11665/22 11709/22
f 11669/22 11709/22 11712/22
f 11640/22 11636/22 11690/22
f 11640/22 11690/22 11693/22
f 11673/22 11670/22 11713/22
f 11673/22 11713/22 11715/22
f 11644/22 11639/22 11692/22
f 11644/22 11692/22 11696/22
f 11677/22 11674/22 11716/22
f 11677/22 11716/22 11718/22
f 11648/22 11643/22 11695/22
f 11648/22 11695/22 11699/22
f 11628/22 11678/22 11719/22
f 11628/22 11719/22 11682/22
f 11653/22 11647/22 11698/22
f 11653/22 11698/22 11702/22
f 11723/22 11822/22 11818/22
f 11723/22 11818/22 11728/22
f 11729/22 11819/22 11825/22
f 11729/22 11825/22 11735/22
f 11736/22 11826/22 11828/22
f 11736/22 11828/22 11742/22
f 11743/22 11829/22 11833/22
f 11743/22 11833/22 11749/22
f 11748/22 11832/22 11837/22
f 11748/22 11837/22 11756/22
f 11755/22 11836/22 11841/22
f 11755/22 11841/22 11763/22
f 11762/22 11840/22 11845/22
f 11762/22 11845/22 11770/22
f 11768/22 11842/22 11847/22
f 11768/22 11847/22 11776/22
f 11775/22 11846/22 11851/22
f 11775/22 11851/22 11783/22
f 11782/22 11850/22 11855/22
f 11782/22 11855/22 11790/22
f 11789/22 11854/22 11857/22
f 11789/22 11857/22 11795/22
f 11796/22 11858/22 11861/22
f 11796/22 11861/22 11802/22
f 11724/22 11813/22 11922/22
f 11724/22 11922/22 11873/22
f 11803/22 11862/22 11865/22
f 11803/22 11865/22 11809/22
f 11810/22 11866/22 11820/22
f 11810/22 11820/22 11721/22
f 11725/22 11730/22 11816/22
f 11725/22 11816/22 11821/22
f 11731/22 11738/22 11824/22
f 11731/22 11824/22 11817/22
f 11737/22 11744/22 11827/22
f 11737/22 11827/22 11823/22
f 11744/22 11751/22 11831/22
f 11744/22 11831/22 11827/22
f 11750/22 11757/22 11834/22
f 11750/22 11834/22 11830/22
f 11758/22 11764/22 11838/22
f 11758/22 11838/22 11835/22
f 11765/22 11773/22 11844/22
f 11765/22 11844/22 11839/22
f 11772/22 11781/22 11849/22
f 11772/22 11849/22 11843/22
f 11780/22 11787/22 11852/22
f 11780/22 11852/22 11848/22
f 11788/22 11794/22 11856/22
f 11788/22 11856/22 11853/22
f 11794/22 11800/22 11859/22
f 11794/22 11859/22 11856/22
f 11801/22 11807/22 11863/22
f 11801/22 11863/22 11860/22
f 11808/22 11815/22 11868/22
f 11808/22 11868/22 11864/22
f 11814/22 11725/22 11821/22
f 11814/22 11821/22 11867/22
f 11904/22 11898/22 11946/22
f 11904/22 11946/22 11950/22
f 11774/22 11766/22 11895/22
f 11774/22 11895/22 11900/22
f 11779/22 11771/22 11897/22
f 11779/22 11897/22 11902/22
f 11732/22 11726/22 11876/22
f 11732/22 11876/22 11871/22
f 11786/22 11778/22 11901/22
f 11786/22 11901/22 11906/22
f 11739/22 11733/22 11872/22
f 11739/22 11872/22 11879/22
f 11793/22 11785/22 11905/22
f 11793/22 11905/22 11910/22
f 11745/22 11740/22 11880/22
f 11745/22 11880/22 11883/22
f 11798/22 11792/22 11909/22
f 11798/22 11909/22 11913/22
f 11753/22 11746/22 11884/22
f 11753/22 11884/22 11888/22
f 11805/22 11799/22 11914/22
f 11805/22 11914/22 11917/22
f 11760/22 11752/22 11887/22
f 11760/22 11887/22 11892/22
f 11812/22 11806/22 11918/22
f 11812/22 11918/22 11921/22
f 11767/22 11759/22 11891/22
f 11767/22 11891/22 11896/22
f 11869/22 11875/22 11930/22
f 11869/22 11930/22 11926/22
f 11908/22 11903/22 11949/22
f 11908/22 11949/22 11953/22
f 11877/22 11870/22 11927/22
f 11877/22 11927/22 11932/22
f 11912/22 11907/22 11952/22
f 11912/22 11952/22 11956/22
f 11881/22 11878/22 11933/22
f 11881/22 11933/22 11935/22
f 11915/22 11911/22 11955/22
f 11915/22 11955/22 11958/22
f 11886/22 11882/22 11936/22
f 11886/22 11936/22 11939/22
f 11919/22 11916/22 11959/22
f 11919/22 11959/22 11961/22
f 11890/22 11885/22 11938/22
f 11890/22 11938/22 11942/22
f 11923/22 11920/22 11962/22
f 11923/22 11962/22 11964/22
f 11894/22 11889/22 11941/22
f 11894/22 11941/22 11945/22
f 11874/22 11924/22 11965/22
f 11874/22 11965/22 11928/22
f 11899/22 11893/22 11944/22
f 11899/22 11944/22 11948/22
f 11967/22 11975/22 12059/22
f 11967/22 12059/22 12062/22
f 11974/22 11982/22 12067/22
f 11974/22 12067/22 12058/22
f 11981/22 11989/22 12071/22
f 11981/22 12071/22 12066/22
f 11988/22 11994/22 12073/22
f 11988/22 12073/22 12070/22
f 11995/22 12000/22 12076/22
f 11995/22 12076/22 12074/22
f 12001/22 12007/22 12080/22
f 12001/22 12080/22 12077/22
f 12008/22 12014/22 12084/22
f 12008/22 12084/22 12081/22
f 12016/22 12021/22 12088/22
f 12016/22 12088/22 12086/22
f 12022/22 12027/22 12091/22
f 12022/22 12091/22 12089/22
f 12028/22 12033/22 12094/22
f 12028/22 12094/22 12092/22
f 12034/22 12040/22 12098/22
f 12034/22 12098/22 12095/22
f 12039/22 12046/22 12102/22
f 12039/22 12102/22 12097/22
f 11973/22 12114/22 12161/22
f 11973/22 12161/22 12056/22
f 12045/22 12053/22 12106/22
f 12045/22 12106/22 12101/22
f 12052/22 11969/22 12065/22
f 12052/22 12065/22 12105/22
f 11971/22 12063/22 12060/22
f 11971/22 12060/22 11979/22
f 11980/22 12061/22 12069/22
f 11980/22 12069/22 11987/22
f 11986/22 12068/22 12072/22
f 11986/22 12072/22 11993/22
f 11993/22 12072/22 12075/22
f 11993/22 12075/22 11999/22
f 11999/22 12075/22 12079/22
f 11999/22 12079/22 12006/22
f 12005/22 12078/22 12082/22
f 12005/22 12082/22 12012/22
f 12013/22 12083/22 12085/22
f 12013/22 12085/22 12018/22
f 12018/22 12085/22 12087/22
f 12018/22 12087/22 12023/22
f 12023/22 12087/22 12090/22
f 12023/22 12090/22 12029/22
f 12029/22 12090/22 12093/22
f 12029/22 12093/22 12035/22
f 12035/22 12093/22 12096/22
f 12035/22 12096/22 12041/22
f 12041/22 12096/22 12099/22
f 12041/22 12099/22 12047/22
f 12048/22 12100/22 12104/22
f 12048/22 12104/22 12055/22
f 12054/22 12103/22 12064/22
f 12054/22 12064/22 11972/22
f 12139/22 12188/22 12186/22
f 12139/22 12186/22 12137/22
f 12017/22 12135/22 12132/22
f 12017/22 12132/22 12011/22
f 12024/22 12141/22 12138/22
f 12024/22 12138/22 12019/22
f 11978/22 12108/22 12111/22
f 11978/22 12111/22 11970/22
f 12030/22 12145/22 12142/22
f 12030/22 12142/22 12025/22
f 11985/22 12116/22 12107/22
f 11985/22 12107/22 11977/22
f 12036/22 12149/22 12146/22
f 12036/22 12146/22 12031/22
f 11992/22 12120/22 12115/22
f 11992/22 12115/22 11984/22
f 12043/22 12154/22 12150/22
f 12043/22 12150/22 12037/22
f 11997/22 12123/22 12119/22
f 11997/22 12119/22 11991/22
f 12050/22 12158/22 12153/22
f 12050/22 12153/22 12042/22
f 12003/22 12127/22 12124/22
f 12003/22 12124/22 11998/22
f 12057/22 12162/22 12157/22
f 12057/22 12157/22 12049/22
f 12010/22 12131/22 12128/22
f 12010/22 12128/22 12004/22
f 12110/22 12164/22 12166/22
f 12110/22 12166/22 12112/22
f 12143/22 12191/22 12189/22
f 12143/22 12189/22 12140/22
f 12118/22 12170/22 12163/22
f 12118/22 12163/22 12109/22
f 12147/22 12194/22 12192/22
f 12147/22 12192/22 12144/22
f 12122/22 12173/22 12169/22
f 12122/22 12169/22 12117/22
f 12152/22 12198/22 12195/22
f 12152/22 12195/22 12148/22
f 12125/22 12175/22 12172/22
f 12125/22 12172/22 12121/22
f 12156/22 12201/22 12197/22
f 12156/22 12197/22 12151/22
f 12129/22 12178/22 12176/22
f 12129/22 12176/22 12126/22
f 12160/22 12204/22 12200/22
f 12160/22 12200/22 12155/22
f 12133/22 12181/22 12179/22
f 12133/22 12179/22 12130/22
f 12113/22 12168/22 12203/22
f 12113/22 12203/22 12159/22
f 12136/22 12184/22 12182/22
f 12136/22 12182/22 12134/22
f 12205/22 12212/22 12301/22
f 12205/22 12301/22 12304/22
f 12211/22 12219/22 12308/22
f 12211/22 12308/22 12300/22
f 12218/22 12226/22 12312/22
f 12218/22 12312/22 12307/22
f 12225/22 12231/22 12314/22
f 12225/22 12314/22 12311/22
f 12232/22 12238/22 12318/22
f 12232/22 12318/22 12315/22
f 12239/22 12245/22 12322/22
f 12239/22 12322/22 12319/22
f 12246/22 12252/22 12326/22
f 12246/22 12326/22 12323/22
f 12254/22 12260/22 12332/22
f 12254/22 12332/22 12329/22
f 12261/22 12267/22 12336/22
f 12261/22 12336/22 12333/22
f 12268/22 12274/22 12339/22
f 12268/22 12339/22 12337/22
f 12275/22 12281/22 12344/22
f 12275/22 12344/22 12340/22
f 12280/22 12288/22 12348/22
f 12280/22 12348/22 12343/22
f 12210/22 12360/22 12407/22
f 12210/22 12407/22 12298/22
f 12287/22 12295/22 12352/22
f 12287/22 12352/22 12347/22
f 12294/22 12207/22 12306/22
f 12294/22 12306/22 12351/22
f 12209/22 12305/22 12302/22
f 12209/22 12302/22 12216/22
f 12217/22 12303/22 12310/22
f 12217/22 12310/22 12224/22
f 12223/22 12309/22 12313/22
f 12223/22 12313/22 12230/22
f 12230/22 12313/22 12317/22
f 12230/22 12317/22 12237/22
f 12236/22 12316/22 12320/22
f 12236/22 12320/22 12243/22
f 12244/22 12321/22 12324/22
f 12244/22 12324/22 12250/22
f 12251/22 12325/22 12328/22
f 12251/22 12328/22 12257/22
f 12256/22 12327/22 12331/22
f 12256/22 12331/22 12263/22
f 12262/22 12330/22 12334/22
f 12262/22 12334/22 12269/22
f 12270/22 12335/22 12338/22
f 12270/22 12338/22 12276/22
f 12276/22 12338/22 12341/22
f 12276/22 12341/22 12282/22
f 12283/22 12342/22 12345/22
f 12283/22 12345/22 12289/22
f 12290/22 12346/22 12350/22
f 12290/22 12350/22 12297/22
f 12296/22 12349/22 12305/22
f 12296/22 12305/22 12209/22
f 12385/22 12434/22 12432/22
f 12385/22 12432/22 12383/22
f 12255/22 12381/22 12378/22
f 12255/22 12378/22 12249/22
f 12264/22 12387/22 12384/22
f 12264/22 12384/22 12258/22
f 12215/22 12354/22 12357/22
f 12215/22 12357/22 12208/22
f 12271/22 12391/22 12388/22
f 12271/22 12388/22 12265/22
f 12222/22 12362/22 12353/22
f 12222/22 12353/22 12214/22
f 12277/22 12395/22 12392/22
f 12277/22 12392/22 12272/22
f 12229/22 12366/22 12361/22
f 12229/22 12361/22 12221/22
f 12285/22 12400/22 12396/22
f 12285/22 12396/22 12278/22
f 12234/22 12369/22 12365/22
f 12234/22 12365/22 12228/22
f 12292/22 12404/22 12399/22
f 12292/22 12399/22 12284/22
f 12241/22 12373/22 12370/22
f 12241/22 12370/22 12235/22
f 12299/22 12408/22 12403/22
f 12299/22 12403/22 12291/22
f 12248/22 12377/22 12374/22
f 12248/22 12374/22 12242/22
f 12356/22 12410/22 12412/22
f 12356/22 12412/22 12358/22
f 12389/22 12437/22 12435/22
f 12389/22 12435/22 12386/22
f 12364/22 12416/22 12409/22
f 12364/22 12409/22 12355/22
f 12393/22 12440/22 12438/22
f 12393/22 12438/22 12390/22
f 12368/22 12419/22 12415/22
f 12368/22 12415/22 12363/22
f 12398/22 12444/22 12441/22
f 12398/22 12441/22 12394/22
f 12371/22 12421/22 12418/22
f 12371/22 12418/22 12367/22
f 12402/22 12447/22 12443/22
f 12402/22 12443/22 12397/22
f 12375/22 12424/22 12422/22
f 12375/22 12422/22 12372/22
f 12406/22 12450/22 12446/22
f 12406/22 12446/22 12401/22
f 12379/22 12427/22 12425/22
f 12379/22 12425/22 12376/22
f 12359/22 12414/22 12449/22
f 12359/22 12449/22 12405/22
f 12382/22 12430/22 12428/22
f 12382/22 12428/22 12380/22
f 11567/22 11555/22 11561/22
f 11555/22 11567/22 11549/22
f 11549/22 11567/22 11573/22
f 11549/22 11573/22 11543/22
f 11543/22 11573/22 11490/22
f 11543/22 11490/22 11536/22
f 11536/22 11490/22 11495/22
f 11536/22 11495/22 11528/22
f 11528/22 11495/22 11502/22
f 11528/22 11502/22 11521/22
f 11521/22 11502/22 11509/22
f 11521/22 11509/22 11515/22
f 11708/22 11714/22 11711/22
f 11714/22 11708/22 11717/22
f 11717/22 11708/22 11705/22
f 11717/22 11705/22 11720/22
f 11720/22 11705/22 11701/22
f 11720/22 11701/22 11683/22
f 11683/22 11701/22 11697/22
f 11683/22 11697/22 11679/22
f 11679/22 11697/22 11685/22
f 11685/22 11697/22 11694/22
f 11685/22 11694/22 11691/22
f 11685/22 11691/22 11688/22
f 11804/22 11791/22 11797/22
f 11791/22 11804/22 11784/22
f 11784/22 11804/22 11811/22
f 11784/22 11811/22 11777/22
f 11777/22 11811/22 11722/22
f 11777/22 11722/22 11769/22
f 11769/22 11722/22 11727/22
f 11769/22 11727/22 11761/22
f 11761/22 11727/22 11734/22
f 11761/22 11734/22 11754/22
f 11754/22 11734/22 11741/22
f 11754/22 11741/22 11747/22
f 11954/22 11960/22 11957/22
f 11960/22 11954/22 11963/22
f 11963/22 11954/22 11951/22
f 11963/22 11951/22 11966/22
f 11966/22 11951/22 11929/22
f 11929/22 11951/22 11947/22
f 11929/22 11947/22 11943/22
f 11929/22 11943/22 11925/22
f 11925/22 11943/22 11931/22
f 11931/22 11943/22 11940/22
f 11931/22 11940/22 11937/22
f 11931/22 11937/22 11934/22
f 11983/22 11996/22 11990/22
f 11996/22 11983/22 12002/22
f 12002/22 11983/22 11976/22
f 12002/22 11976/22 12009/22
f 12009/22 11976/22 11968/22
f 12009/22 11968/22 12015/22
f 12015/22 11968/22 12051/22
f 12015/22 12051/22 12020/22
f 12020/22 12051/22 12044/22
f 12020/22 12044/22 12026/22
f 12026/22 12044/22 12032/22
f 12032/22 12044/22 12038/22
f 12180/22 12174/22 12177/22
f 12174/22 12180/22 12171/22
f 12171/22 12180/22 12183/22
f 12171/22 12183/22 12165/22
f 12165/22 12183/22 12185/22
f 12165/22 12185/22 12167/22
f 12167/22 12185/22 12187/22
f 12167/22 12187/22 12202/22
f 12202/22 12187/22 12190/22
f 12202/22 12190/22 12199/22
f 12199/22 12190/22 12193/22
f 12199/22 12193/22 12196/22
f 12220/22 12233/22 12227/22
f 12233/22 12220/22 12240/22
f 12240/22 12220/22 12247/22
f 12247/22 12220/22 12213/22
f 12247/22 12213/22 12206/22
f 12247/22 12206/22 12253/22
f 12253/22 12206/22 12259/22
f 12259/22 12206/22 12293/22
f 12259/22 12293/22 12286/22
f 12259/22 12286/22 12266/22
f 12266/22 12286/22 12279/22
f 12266/22 12279/22 12273/22
f 12426/22 12420/22 12423/22
f 12420/22 12426/22 12417/22
f 12417/22 12426/22 12429/22
f 12417/22 12429/22 12411/22
f 12411/22 12429/22 12431/22
f 12411/22 12431/22 12413/22
f 12413/22 12431/22 12433/22
f 12413/22 12433/22 12448/22
f 12448/22 12433/22 12436/22
f 12448/22 12436/22 12445/22
f 12445/22 12436/22 12439/22
f 12445/22 12439/22 12442/22
f 16163/22 16170/22 16377/22
f 16163/22 16377/22 16373/22
f 16443/22 16448/22 16550/22
f 16443/22 16550/22 16546/22
f 16224/22 16231/22 16411/22
f 16224/22 16411/22 16407/22
f 16290/22 16297/22 16450/22
f 16290/22 16450/22 16446/22
f 16349/22 16356/22 16482/22
f 16349/22 16482/22 16478/22
f 16198/22 16205/22 16397/22
f 16198/22 16397/22 16393/22
f 16261/22 16269/22 16434/22
f 16261/22 16434/22 16429/22
f 16322/22 16328/22 16466/22
f 16322/22 16466/22 16463/22
f 16169/22 16176/22 16380/22
f 16169/22 16380/22 16376/22
f 16232/22 16238/22 16415/22
f 16232/22 16415/22 16412/22
f 16296/22 16303/22 16453/22
f 16296/22 16453/22 16449/22
f 16143/22 16149/22 16365/22
f 16143/22 16365/22 16362/22
f 16355/22 16142/22 16361/22
f 16355/22 16361/22 16481/22
f 16204/22 16211/22 16400/22
f 16204/22 16400/22 16396/22
f 16268/22 16275/22 16437/22
f 16268/22 16437/22 16433/22
f 16328/22 16335/22 16470/22
f 16328/22 16470/22 16466/22
f 16177/22 16184/22 16385/22
f 16177/22 16385/22 16381/22
f 16239/22 16246/22 16420/22
f 16239/22 16420/22 16416/22
f 16304/22 16310/22 16457/22
f 16304/22 16457/22 16454/22
f 16148/22 16156/22 16369/22
f 16148/22 16369/22 16364/22
f 16212/22 16218/22 16404/22
f 16212/22 16404/22 16401/22
f 16276/22 16283/22 16442/22
f 16276/22 16442/22 16438/22
f 16334/22 16341/22 16473/22
f 16334/22 16473/22 16469/22
f 16183/22 16190/22 16388/22
f 16183/22 16388/22 16384/22
f 16245/22 16253/22 16424/22
f 16245/22 16424/22 16419/22
f 16310/22 16316/22 16460/22
f 16310/22 16460/22 16457/22
f 16155/22 16162/22 16372/22
f 16155/22 16372/22 16368/22
f 16218/22 16225/22 16408/22
f 16218/22 16408/22 16404/22
f 16282/22 16289/22 16445/22
f 16282/22 16445/22 16441/22
f 16342/22 16348/22 16477/22
f 16342/22 16477/22 16474/22
f 16191/22 16197/22 16392/22
f 16191/22 16392/22 16389/22
f 16254/22 16262/22 16430/22
f 16254/22 16430/22 16425/22
f 16316/22 16322/22 16463/22
f 16316/22 16463/22 16460/22
f 16395/22 16399/22 16512/22
f 16395/22 16512/22 16509/22
f 16447/22 16452/22 16553/22
f 16447/22 16553/22 16549/22
f 16398/22 16403/22 16515/22
f 16398/22 16515/22 16511/22
f 16451/22 16455/22 16555/22
f 16451/22 16555/22 16552/22
f 16402/22 16406/22 16518/22
f 16402/22 16518/22 16514/22
f 16456/22 16458/22 16558/22
f 16456/22 16558/22 16556/22
f 16405/22 16410/22 16521/22
f 16405/22 16521/22 16517/22
f 16459/22 16461/22 16561/22
f 16459/22 16561/22 16559/22
f 16409/22 16414/22 16524/22
f 16409/22 16524/22 16520/22
f 16462/22 16464/22 16564/22
f 16462/22 16564/22 16562/22
f 16413/22 16418/22 16527/22
f 16413/22 16527/22 16523/22
f 16363/22 16366/22 16487/22
f 16363/22 16487/22 16485/22
f 16465/22 16467/22 16567/22
f 16465/22 16567/22 16565/22
f 16417/22 16422/22 16530/22
f 16417/22 16530/22 16526/22
f 16367/22 16370/22 16490/22
f 16367/22 16490/22 16488/22
f 16468/22 16471/22 16570/22
f 16468/22 16570/22 16568/22
f 16421/22 16426/22 16533/22
f 16421/22 16533/22 16529/22
f 16371/22 16374/22 16493/22
f 16371/22 16493/22 16491/22
f 16472/22 16475/22 16573/22
f 16472/22 16573/22 16571/22
f 16423/22 16428/22 16535/22
f 16423/22 16535/22 16531/22
f 16375/22 16378/22 16496/22
f 16375/22 16496/22 16494/22
f 16476/22 16479/22 16576/22
f 16476/22 16576/22 16574/22
f 16427/22 16432/22 16538/22
f 16427/22 16538/22 16534/22
f 16379/22 16382/22 16499/22
f 16379/22 16499/22 16497/22
f 16480/22 16360/22 16483/22
f 16480/22 16483/22 16577/22
f 16431/22 16436/22 16541/22
f 16431/22 16541/22 16537/22
f 16383/22 16386/22 16502/22
f 16383/22 16502/22 16500/22
f 16435/22 16440/22 16544/22
f 16435/22 16544/22 16540/22
f 16387/22 16390/22 16505/22
f 16387/22 16505/22 16503/22
f 16439/22 16444/22 16547/22
f 16439/22 16547/22 16543/22
f 16391/22 16394/22 16508/22
f 16391/22 16508/22 16506/22
f 16486/22 16578/22 16484/22
f 16578/22 16486/22 16575/22
f 16575/22 16486/22 16489/22
f 16575/22 16489/22 16572/22
f 16572/22 16489/22 16492/22
f 16572/22 16492/22 16569/22
f 16569/22 16492/22 16495/22
f 16569/22 16495/22 16566/22
f 16566/22 16495/22 16498/22
f 16566/22 16498/22 16563/22
f 16563/22 16498/22 16501/22
f 16563/22 16501/22 16560/22
f 16560/22 16501/22 16504/22
f 16560/22 16504/22 16557/22
f 16557/22 16504/22 16507/22
f 16557/22 16507/22 16554/22
f 16554/22 16507/22 16510/22
f 16554/22 16510/22 16551/22
f 16551/22 16510/22 16513/22
f 16551/22 16513/22 16548/22
f 16548/22 16513/22 16516/22
f 16548/22 16516/22 16545/22
f 16545/22 16516/22 16519/22
f 16545/22 16519/22 16542/22
f 16542/22 16519/22 16522/22
f 16542/22 16522/22 16539/22
f 16539/22 16522/22 16525/22
f 16539/22 16525/22 16536/22
f 16536/22 16525/22 16528/22
f 16536/22 16528/22 16532/22
